SET session_replication_role = replica;

--
-- PostgreSQL database dump
--



-- Dumped from database version 16.11 (Debian 16.11-1.pgdg13+1)
-- Dumped by pg_dump version 16.11 (Debian 16.11-1.pgdg13+1)

SET statement_timeout = 0;
SET lock_timeout = 0;
SET idle_in_transaction_session_timeout = 0;
SET client_encoding = 'UTF8';
SET standard_conforming_strings = on;
SELECT pg_catalog.set_config('search_path', '', false);
SET check_function_bodies = false;
SET xmloption = content;
SET client_min_messages = warning;
SET row_security = off;

--
-- Data for Name: users; Type: TABLE DATA; Schema: auth; Owner: worship
--

INSERT INTO auth.users (id, email, encrypted_password, email_confirmed_at, created_at, updated_at) VALUES ('00000000-0000-0000-0000-000000000000', 'admin@local.test', NULL, NULL, '2026-01-09 20:47:07.748289+00', '2026-01-09 20:47:07.748289+00');


--
-- Data for Name: churches; Type: TABLE DATA; Schema: public; Owner: worship
--

INSERT INTO public.churches (id, name) VALUES ('a8c2c7ab-836a-4ef1-a373-562e20babb76', 'Demo Vineyard');
INSERT INTO public.churches (id, name) VALUES ('84c66cbb-1f13-4ed2-8416-076755b5dc49', 'Bethany Community Church');


--
-- Data for Name: campuses; Type: TABLE DATA; Schema: public; Owner: worship
--

INSERT INTO public.campuses (id, church_id, name, location, address, is_active, created_at, address_id) VALUES ('c1111111-1111-1111-1111-111111111111', 'a8c2c7ab-836a-4ef1-a373-562e20babb76', 'Main Campus', 'Auburn, WA', '123 Church Street, Auburn, WA 98001', true, '2025-12-14 00:19:48.051523+00', 'beecb417-20a7-4f64-b3ec-32c73eb93715');
INSERT INTO public.campuses (id, church_id, name, location, address, is_active, created_at, address_id) VALUES ('c2222222-2222-2222-2222-222222222222', 'a8c2c7ab-836a-4ef1-a373-562e20babb76', 'North Campus', 'Federal Way, WA', '456 Worship Lane, Federal Way, WA 98003', true, '2025-12-14 00:19:48.051523+00', 'de018360-20d1-4026-a288-11a2e8e3a4f4');
INSERT INTO public.campuses (id, church_id, name, location, address, is_active, created_at, address_id) VALUES ('c3333333-3333-3333-3333-333333333333', 'a8c2c7ab-836a-4ef1-a373-562e20babb76', 'South Campus', 'Tacoma, WA', '789 Faith Avenue, Tacoma, WA 98401', true, '2025-12-14 00:19:48.051523+00', '50292101-ac96-4d07-aee3-d94244063191');
INSERT INTO public.campuses (id, church_id, name, location, address, is_active, created_at, address_id) VALUES ('1043cdf5-61cd-486d-9db9-16216fa108b9', '84c66cbb-1f13-4ed2-8416-076755b5dc49', 'BALLARD', 'Seattle, WA', 'Ballard Campus (Satellite)', true, '2025-12-17 08:32:17.249486+00', '034c06b1-66a9-48ff-8632-a77f9ededef0');
INSERT INTO public.campuses (id, church_id, name, location, address, is_active, created_at, address_id) VALUES ('575f2637-beee-43a4-b5b3-fc9be0af3f31', '84c66cbb-1f13-4ed2-8416-076755b5dc49', 'EASTSIDE', 'Bothell, WA', 'Eastside Campus (Satellite)', true, '2025-12-17 08:32:17.249486+00', 'cf2d8b78-a30a-4d77-9d82-5da5989379b9');
INSERT INTO public.campuses (id, church_id, name, location, address, is_active, created_at, address_id) VALUES ('5059c895-369b-4a98-bf47-298018ee090a', '84c66cbb-1f13-4ed2-8416-076755b5dc49', 'GREEN LAKE', 'Seattle, WA', 'Green Lake Campus (Main Campus)', true, '2025-12-17 08:32:17.249486+00', 'ce58b8be-a77d-486d-b18a-b550e2821913');
INSERT INTO public.campuses (id, church_id, name, location, address, is_active, created_at, address_id) VALUES ('d2c619dd-8012-4253-9211-deeada49548e', '84c66cbb-1f13-4ed2-8416-076755b5dc49', 'NORTH', 'Shoreline, WA', 'North Campus (Satellite)', true, '2025-12-17 08:32:17.249486+00', 'df3518a3-0ee1-4121-a0f3-e7f97e5a4c7c');
INSERT INTO public.campuses (id, church_id, name, location, address, is_active, created_at, address_id) VALUES ('e41335a9-0292-4a4e-99c1-26434e33c3ed', '84c66cbb-1f13-4ed2-8416-076755b5dc49', 'NORTHEAST', 'Seattle, WA', 'Northeast Campus (Satellite)', true, '2025-12-17 08:32:17.249486+00', '99941ff8-b7ae-49fe-9e02-475ecd82a195');
INSERT INTO public.campuses (id, church_id, name, location, address, is_active, created_at, address_id) VALUES ('8b648d0f-4264-4860-b487-f37f6bb63df1', '84c66cbb-1f13-4ed2-8416-076755b5dc49', 'WEST SEATTLE', 'Seattle, WA', 'West Seattle Campus (Satellite)', true, '2025-12-17 08:32:17.249486+00', '2951d58d-3896-40bf-907a-6b12beeb5722');


--
-- Data for Name: people; Type: TABLE DATA; Schema: public; Owner: worship
--

INSERT INTO public.people (id, church_id, display_name, is_active, updated_at, created_at, first_name, last_name, goes_by, membership_status, first_visit_date, membership_date, care_notes_enabled, last_known_attendance, canonical_id, merged_at, legal_first_name, legal_last_name) VALUES ('15318921-d3c3-42db-8a98-25b78e33f22f', '84c66cbb-1f13-4ed2-8416-076755b5dc49', 'Mellie Clark', true, '2025-12-22 10:04:07.511189+00', '2025-12-22 08:59:59.477513+00', 'Amelia', 'Clark', 'Mellie', 'unknown', NULL, NULL, true, NULL, NULL, NULL, NULL, NULL);
INSERT INTO public.people (id, church_id, display_name, is_active, updated_at, created_at, first_name, last_name, goes_by, membership_status, first_visit_date, membership_date, care_notes_enabled, last_known_attendance, canonical_id, merged_at, legal_first_name, legal_last_name) VALUES ('3e8f993a-cf66-4678-a292-4858f5ca90ec', '84c66cbb-1f13-4ed2-8416-076755b5dc49', 'Brian Wikene', true, '2025-12-31 06:51:26.994906+00', '2025-12-31 06:51:26.994906+00', 'Brian', 'Wikene', NULL, 'unknown', NULL, NULL, true, NULL, NULL, NULL, NULL, NULL);
INSERT INTO public.people (id, church_id, display_name, is_active, updated_at, created_at, first_name, last_name, goes_by, membership_status, first_visit_date, membership_date, care_notes_enabled, last_known_attendance, canonical_id, merged_at, legal_first_name, legal_last_name) VALUES ('7576bf6e-4929-4fc1-b4a3-534db9ae07fd', '84c66cbb-1f13-4ed2-8416-076755b5dc49', 'Heather Wikene', true, '2025-12-31 06:51:35.890186+00', '2025-12-31 06:51:35.890186+00', 'Heather', 'Wikene', NULL, 'unknown', NULL, NULL, true, NULL, NULL, NULL, NULL, NULL);
INSERT INTO public.people (id, church_id, display_name, is_active, updated_at, created_at, first_name, last_name, goes_by, membership_status, first_visit_date, membership_date, care_notes_enabled, last_known_attendance, canonical_id, merged_at, legal_first_name, legal_last_name) VALUES ('08ecdd27-b043-477c-b1d5-b5d44e9dd9b6', '84c66cbb-1f13-4ed2-8416-076755b5dc49', 'Beanie Ali', true, '2025-12-31 06:52:22.90498+00', '2025-12-31 06:52:22.90498+00', 'Sabrina', 'Ali', 'Beanie', 'unknown', NULL, NULL, true, NULL, NULL, NULL, NULL, NULL);
INSERT INTO public.people (id, church_id, display_name, is_active, updated_at, created_at, first_name, last_name, goes_by, membership_status, first_visit_date, membership_date, care_notes_enabled, last_known_attendance, canonical_id, merged_at, legal_first_name, legal_last_name) VALUES ('52d2452b-5ea9-4ec1-bbaa-aa5716e56a52', '84c66cbb-1f13-4ed2-8416-076755b5dc49', 'Amy Clark', true, '2025-12-22 09:58:06.581579+00', '2025-12-22 08:59:59.477513+00', 'Amelia', 'Clark', 'Amy', 'unknown', NULL, NULL, true, NULL, NULL, NULL, NULL, NULL);
INSERT INTO public.people (id, church_id, display_name, is_active, updated_at, created_at, first_name, last_name, goes_by, membership_status, first_visit_date, membership_date, care_notes_enabled, last_known_attendance, canonical_id, merged_at, legal_first_name, legal_last_name) VALUES ('b27a45ae-3231-4cba-8fa4-bee3d5362dd7', 'a8c2c7ab-836a-4ef1-a373-562e20babb76', 'Bob', true, '2025-12-15 07:41:35.402244+00', '2025-12-22 08:59:59.477513+00', 'Bob', NULL, NULL, 'unknown', NULL, NULL, true, NULL, NULL, NULL, NULL, NULL);
INSERT INTO public.people (id, church_id, display_name, is_active, updated_at, created_at, first_name, last_name, goes_by, membership_status, first_visit_date, membership_date, care_notes_enabled, last_known_attendance, canonical_id, merged_at, legal_first_name, legal_last_name) VALUES ('0dbc5203-35f1-49c0-833e-7ead63e70cf2', 'a8c2c7ab-836a-4ef1-a373-562e20babb76', 'Rachel', true, '2025-12-15 07:41:35.402244+00', '2025-12-22 08:59:59.477513+00', 'Rachel', NULL, NULL, 'unknown', NULL, NULL, true, NULL, NULL, NULL, NULL, NULL);
INSERT INTO public.people (id, church_id, display_name, is_active, updated_at, created_at, first_name, last_name, goes_by, membership_status, first_visit_date, membership_date, care_notes_enabled, last_known_attendance, canonical_id, merged_at, legal_first_name, legal_last_name) VALUES ('2951b3bd-158c-443c-89ec-f1df666d8302', 'a8c2c7ab-836a-4ef1-a373-562e20babb76', 'Heather', true, '2025-12-15 07:41:35.402244+00', '2025-12-22 08:59:59.477513+00', 'Heather', NULL, NULL, 'unknown', NULL, NULL, true, NULL, NULL, NULL, NULL, NULL);
INSERT INTO public.people (id, church_id, display_name, is_active, updated_at, created_at, first_name, last_name, goes_by, membership_status, first_visit_date, membership_date, care_notes_enabled, last_known_attendance, canonical_id, merged_at, legal_first_name, legal_last_name) VALUES ('b8c13834-8e3d-4f98-9b4a-c4c359e19d4e', 'a8c2c7ab-836a-4ef1-a373-562e20babb76', 'Brian', true, '2025-12-15 07:41:35.402244+00', '2025-12-22 08:59:59.477513+00', 'Brian', NULL, NULL, 'unknown', NULL, NULL, true, NULL, NULL, NULL, NULL, NULL);
INSERT INTO public.people (id, church_id, display_name, is_active, updated_at, created_at, first_name, last_name, goes_by, membership_status, first_visit_date, membership_date, care_notes_enabled, last_known_attendance, canonical_id, merged_at, legal_first_name, legal_last_name) VALUES ('da4be703-3c01-4770-a0c8-fdc67ca188d8', 'a8c2c7ab-836a-4ef1-a373-562e20babb76', 'Brian Wikene', true, '2025-12-15 07:41:35.402244+00', '2025-12-22 08:59:59.477513+00', 'Brian', 'Wikene', NULL, 'unknown', NULL, NULL, true, NULL, NULL, NULL, NULL, NULL);
INSERT INTO public.people (id, church_id, display_name, is_active, updated_at, created_at, first_name, last_name, goes_by, membership_status, first_visit_date, membership_date, care_notes_enabled, last_known_attendance, canonical_id, merged_at, legal_first_name, legal_last_name) VALUES ('aa70eb2e-077f-4bdf-9078-0f2e0c8bf0fd', 'a8c2c7ab-836a-4ef1-a373-562e20babb76', 'Heather Wikene', true, '2025-12-15 07:41:35.402244+00', '2025-12-22 08:59:59.477513+00', 'Heather', 'Wikene', NULL, 'unknown', NULL, NULL, true, NULL, NULL, NULL, NULL, NULL);
INSERT INTO public.people (id, church_id, display_name, is_active, updated_at, created_at, first_name, last_name, goes_by, membership_status, first_visit_date, membership_date, care_notes_enabled, last_known_attendance, canonical_id, merged_at, legal_first_name, legal_last_name) VALUES ('89c8e648-312d-4ee7-b7a5-60f65b79b231', 'a8c2c7ab-836a-4ef1-a373-562e20babb76', 'Mike Thompson', true, '2025-12-15 07:41:35.402244+00', '2025-12-22 08:59:59.477513+00', 'Mike', 'Thompson', NULL, 'unknown', NULL, NULL, true, NULL, NULL, NULL, NULL, NULL);
INSERT INTO public.people (id, church_id, display_name, is_active, updated_at, created_at, first_name, last_name, goes_by, membership_status, first_visit_date, membership_date, care_notes_enabled, last_known_attendance, canonical_id, merged_at, legal_first_name, legal_last_name) VALUES ('5a8db2a0-5eb1-460e-acf7-9479f175e954', 'a8c2c7ab-836a-4ef1-a373-562e20babb76', 'David Rummelhart', true, '2025-12-15 07:41:35.402244+00', '2025-12-22 08:59:59.477513+00', 'David', 'Rummelhart', NULL, 'unknown', NULL, NULL, true, NULL, NULL, NULL, NULL, NULL);
INSERT INTO public.people (id, church_id, display_name, is_active, updated_at, created_at, first_name, last_name, goes_by, membership_status, first_visit_date, membership_date, care_notes_enabled, last_known_attendance, canonical_id, merged_at, legal_first_name, legal_last_name) VALUES ('360cf963-2a49-44e3-baa5-1ce55b3cc4ba', 'a8c2c7ab-836a-4ef1-a373-562e20babb76', 'David "Dash" Ritchie', true, '2025-12-15 07:41:35.402244+00', '2025-12-22 08:59:59.477513+00', 'David', '"Dash" Ritchie', NULL, 'unknown', NULL, NULL, true, NULL, NULL, NULL, NULL, NULL);
INSERT INTO public.people (id, church_id, display_name, is_active, updated_at, created_at, first_name, last_name, goes_by, membership_status, first_visit_date, membership_date, care_notes_enabled, last_known_attendance, canonical_id, merged_at, legal_first_name, legal_last_name) VALUES ('e7f4bef7-79ee-4d33-b59e-7df246fb641e', 'a8c2c7ab-836a-4ef1-a373-562e20babb76', 'Sarah Johnson', true, '2025-12-15 07:41:35.402244+00', '2025-12-22 08:59:59.477513+00', 'Sarah', 'Johnson', NULL, 'unknown', NULL, NULL, true, NULL, NULL, NULL, NULL, NULL);
INSERT INTO public.people (id, church_id, display_name, is_active, updated_at, created_at, first_name, last_name, goes_by, membership_status, first_visit_date, membership_date, care_notes_enabled, last_known_attendance, canonical_id, merged_at, legal_first_name, legal_last_name) VALUES ('f27f03e4-738f-4177-8449-deb3b0ea614f', 'a8c2c7ab-836a-4ef1-a373-562e20babb76', 'Marcus Chen', true, '2025-12-15 07:41:35.402244+00', '2025-12-22 08:59:59.477513+00', 'Marcus', 'Chen', NULL, 'unknown', NULL, NULL, true, NULL, NULL, NULL, NULL, NULL);
INSERT INTO public.people (id, church_id, display_name, is_active, updated_at, created_at, first_name, last_name, goes_by, membership_status, first_visit_date, membership_date, care_notes_enabled, last_known_attendance, canonical_id, merged_at, legal_first_name, legal_last_name) VALUES ('04f6d4a6-aaa6-4744-ae9d-c1a3bac62e4e', '84c66cbb-1f13-4ed2-8416-076755b5dc49', 'EJ Wikene', true, '2025-12-29 08:01:24.802494+00', '2025-12-29 08:01:24.802494+00', 'Elijah', 'Wikene', 'EJ', 'unknown', NULL, NULL, true, NULL, NULL, NULL, NULL, NULL);
INSERT INTO public.people (id, church_id, display_name, is_active, updated_at, created_at, first_name, last_name, goes_by, membership_status, first_visit_date, membership_date, care_notes_enabled, last_known_attendance, canonical_id, merged_at, legal_first_name, legal_last_name) VALUES ('0102d87e-9f96-4ee4-8cac-b6b6b3362b4f', '84c66cbb-1f13-4ed2-8416-076755b5dc49', 'Elijah Wikene', true, '2025-12-31 06:51:46.977597+00', '2025-12-31 06:51:46.977597+00', 'Elijah', 'Wikene', NULL, 'unknown', NULL, NULL, true, NULL, NULL, NULL, NULL, NULL);
INSERT INTO public.people (id, church_id, display_name, is_active, updated_at, created_at, first_name, last_name, goes_by, membership_status, first_visit_date, membership_date, care_notes_enabled, last_known_attendance, canonical_id, merged_at, legal_first_name, legal_last_name) VALUES ('55c177c2-c2ee-4883-b91e-2952b9edd34c', '84c66cbb-1f13-4ed2-8416-076755b5dc49', 'Baby Doll Guitierez', true, '2025-12-31 06:52:43.62984+00', '2025-12-31 06:52:43.62984+00', 'Angel', 'Guitierez', 'Baby Doll', 'unknown', NULL, NULL, true, NULL, NULL, NULL, NULL, NULL);
INSERT INTO public.people (id, church_id, display_name, is_active, updated_at, created_at, first_name, last_name, goes_by, membership_status, first_visit_date, membership_date, care_notes_enabled, last_known_attendance, canonical_id, merged_at, legal_first_name, legal_last_name) VALUES ('597c84be-34b7-4b5f-b433-014d91cc1963', 'a8c2c7ab-836a-4ef1-a373-562e20babb76', 'Emily Rodriguez', true, '2025-12-15 07:41:35.402244+00', '2025-12-22 08:59:59.477513+00', 'Emily', 'Rodriguez', NULL, 'unknown', NULL, NULL, true, NULL, NULL, NULL, NULL, NULL);
INSERT INTO public.people (id, church_id, display_name, is_active, updated_at, created_at, first_name, last_name, goes_by, membership_status, first_visit_date, membership_date, care_notes_enabled, last_known_attendance, canonical_id, merged_at, legal_first_name, legal_last_name) VALUES ('8644e9d4-f82f-4453-a34f-18e7c887fbeb', 'a8c2c7ab-836a-4ef1-a373-562e20babb76', 'James Wilson', true, '2025-12-15 07:41:35.402244+00', '2025-12-22 08:59:59.477513+00', 'James', 'Wilson', NULL, 'unknown', NULL, NULL, true, NULL, NULL, NULL, NULL, NULL);
INSERT INTO public.people (id, church_id, display_name, is_active, updated_at, created_at, first_name, last_name, goes_by, membership_status, first_visit_date, membership_date, care_notes_enabled, last_known_attendance, canonical_id, merged_at, legal_first_name, legal_last_name) VALUES ('ed5ebb2d-963f-4f65-9001-68b5dbd4c2cd', 'a8c2c7ab-836a-4ef1-a373-562e20babb76', 'Tyler Anderson', true, '2025-12-15 07:41:35.402244+00', '2025-12-22 08:59:59.477513+00', 'Tyler', 'Anderson', NULL, 'unknown', NULL, NULL, true, NULL, NULL, NULL, NULL, NULL);
INSERT INTO public.people (id, church_id, display_name, is_active, updated_at, created_at, first_name, last_name, goes_by, membership_status, first_visit_date, membership_date, care_notes_enabled, last_known_attendance, canonical_id, merged_at, legal_first_name, legal_last_name) VALUES ('d99a9a05-d40f-46e2-9af8-e9123d2d157d', 'a8c2c7ab-836a-4ef1-a373-562e20babb76', 'Alex Martinez', true, '2025-12-15 07:41:35.402244+00', '2025-12-22 08:59:59.477513+00', 'Alex', 'Martinez', NULL, 'unknown', NULL, NULL, true, NULL, NULL, NULL, NULL, NULL);
INSERT INTO public.people (id, church_id, display_name, is_active, updated_at, created_at, first_name, last_name, goes_by, membership_status, first_visit_date, membership_date, care_notes_enabled, last_known_attendance, canonical_id, merged_at, legal_first_name, legal_last_name) VALUES ('2093fc60-9b37-4667-b1bb-cb392f80d222', 'a8c2c7ab-836a-4ef1-a373-562e20babb76', 'Rachel Lee', true, '2025-12-15 07:41:35.402244+00', '2025-12-22 08:59:59.477513+00', 'Rachel', 'Lee', NULL, 'unknown', NULL, NULL, true, NULL, NULL, NULL, NULL, NULL);
INSERT INTO public.people (id, church_id, display_name, is_active, updated_at, created_at, first_name, last_name, goes_by, membership_status, first_visit_date, membership_date, care_notes_enabled, last_known_attendance, canonical_id, merged_at, legal_first_name, legal_last_name) VALUES ('6ad847be-d884-49ff-9814-7cb387736c96', 'a8c2c7ab-836a-4ef1-a373-562e20babb76', 'Chris Thompson', true, '2025-12-15 07:41:35.402244+00', '2025-12-22 08:59:59.477513+00', 'Chris', 'Thompson', NULL, 'unknown', NULL, NULL, true, NULL, NULL, NULL, NULL, NULL);
INSERT INTO public.people (id, church_id, display_name, is_active, updated_at, created_at, first_name, last_name, goes_by, membership_status, first_visit_date, membership_date, care_notes_enabled, last_known_attendance, canonical_id, merged_at, legal_first_name, legal_last_name) VALUES ('f69efa5f-9899-4de3-85b3-cfd0c284fcd9', 'a8c2c7ab-836a-4ef1-a373-562e20babb76', 'Jordan Kim', true, '2025-12-15 07:41:35.402244+00', '2025-12-22 08:59:59.477513+00', 'Jordan', 'Kim', NULL, 'unknown', NULL, NULL, true, NULL, NULL, NULL, NULL, NULL);
INSERT INTO public.people (id, church_id, display_name, is_active, updated_at, created_at, first_name, last_name, goes_by, membership_status, first_visit_date, membership_date, care_notes_enabled, last_known_attendance, canonical_id, merged_at, legal_first_name, legal_last_name) VALUES ('411b813c-9a63-4d4e-8015-eb2c1ab27903', 'a8c2c7ab-836a-4ef1-a373-562e20babb76', 'Sam Patel', true, '2025-12-15 07:41:35.402244+00', '2025-12-22 08:59:59.477513+00', 'Sam', 'Patel', NULL, 'unknown', NULL, NULL, true, NULL, NULL, NULL, NULL, NULL);
INSERT INTO public.people (id, church_id, display_name, is_active, updated_at, created_at, first_name, last_name, goes_by, membership_status, first_visit_date, membership_date, care_notes_enabled, last_known_attendance, canonical_id, merged_at, legal_first_name, legal_last_name) VALUES ('64fd8beb-de40-4e46-91fd-5a30514dd7d6', 'a8c2c7ab-836a-4ef1-a373-562e20babb76', 'Morgan Davis', true, '2025-12-15 07:41:35.402244+00', '2025-12-22 08:59:59.477513+00', 'Morgan', 'Davis', NULL, 'unknown', NULL, NULL, true, NULL, NULL, NULL, NULL, NULL);
INSERT INTO public.people (id, church_id, display_name, is_active, updated_at, created_at, first_name, last_name, goes_by, membership_status, first_visit_date, membership_date, care_notes_enabled, last_known_attendance, canonical_id, merged_at, legal_first_name, legal_last_name) VALUES ('149c3aa6-272a-4bed-9004-6d95a8b860dd', 'a8c2c7ab-836a-4ef1-a373-562e20babb76', 'Lisa Brown', true, '2025-12-15 07:41:35.402244+00', '2025-12-22 08:59:59.477513+00', 'Lisa', 'Brown', NULL, 'unknown', NULL, NULL, true, NULL, NULL, NULL, NULL, NULL);
INSERT INTO public.people (id, church_id, display_name, is_active, updated_at, created_at, first_name, last_name, goes_by, membership_status, first_visit_date, membership_date, care_notes_enabled, last_known_attendance, canonical_id, merged_at, legal_first_name, legal_last_name) VALUES ('67b2cab5-82d7-4bd3-8248-017515c25f2b', 'a8c2c7ab-836a-4ef1-a373-562e20babb76', 'Tom Garcia', true, '2025-12-15 07:41:35.402244+00', '2025-12-22 08:59:59.477513+00', 'Tom', 'Garcia', NULL, 'unknown', NULL, NULL, true, NULL, NULL, NULL, NULL, NULL);
INSERT INTO public.people (id, church_id, display_name, is_active, updated_at, created_at, first_name, last_name, goes_by, membership_status, first_visit_date, membership_date, care_notes_enabled, last_known_attendance, canonical_id, merged_at, legal_first_name, legal_last_name) VALUES ('1dc5e727-035b-4a70-886f-9994243bc972', 'a8c2c7ab-836a-4ef1-a373-562e20babb76', 'Maria Santos', true, '2025-12-15 07:41:35.402244+00', '2025-12-22 08:59:59.477513+00', 'Maria', 'Santos', NULL, 'unknown', NULL, NULL, true, NULL, NULL, NULL, NULL, NULL);
INSERT INTO public.people (id, church_id, display_name, is_active, updated_at, created_at, first_name, last_name, goes_by, membership_status, first_visit_date, membership_date, care_notes_enabled, last_known_attendance, canonical_id, merged_at, legal_first_name, legal_last_name) VALUES ('f929e271-99cb-4081-abdc-954527b46c26', 'a8c2c7ab-836a-4ef1-a373-562e20babb76', 'John Miller', true, '2025-12-15 07:41:35.402244+00', '2025-12-22 08:59:59.477513+00', 'John', 'Miller', NULL, 'unknown', NULL, NULL, true, NULL, NULL, NULL, NULL, NULL);
INSERT INTO public.people (id, church_id, display_name, is_active, updated_at, created_at, first_name, last_name, goes_by, membership_status, first_visit_date, membership_date, care_notes_enabled, last_known_attendance, canonical_id, merged_at, legal_first_name, legal_last_name) VALUES ('d3987d83-3a69-4e8c-87f3-54675890df05', 'a8c2c7ab-836a-4ef1-a373-562e20babb76', 'Amy White', true, '2025-12-15 07:41:35.402244+00', '2025-12-22 08:59:59.477513+00', 'Amy', 'White', NULL, 'unknown', NULL, NULL, true, NULL, NULL, NULL, NULL, NULL);
INSERT INTO public.people (id, church_id, display_name, is_active, updated_at, created_at, first_name, last_name, goes_by, membership_status, first_visit_date, membership_date, care_notes_enabled, last_known_attendance, canonical_id, merged_at, legal_first_name, legal_last_name) VALUES ('b4de26b2-4c9a-4059-a6f3-871bd1cda033', 'a8c2c7ab-836a-4ef1-a373-562e20babb76', 'Kevin Taylor', true, '2025-12-15 07:41:35.402244+00', '2025-12-22 08:59:59.477513+00', 'Kevin', 'Taylor', NULL, 'unknown', NULL, NULL, true, NULL, NULL, NULL, NULL, NULL);
INSERT INTO public.people (id, church_id, display_name, is_active, updated_at, created_at, first_name, last_name, goes_by, membership_status, first_visit_date, membership_date, care_notes_enabled, last_known_attendance, canonical_id, merged_at, legal_first_name, legal_last_name) VALUES ('a212b9f6-ca58-429d-ac40-000cdee46ca6', 'a8c2c7ab-836a-4ef1-a373-562e20babb76', 'Jessica Moore', true, '2025-12-15 07:41:35.402244+00', '2025-12-22 08:59:59.477513+00', 'Jessica', 'Moore', NULL, 'unknown', NULL, NULL, true, NULL, NULL, NULL, NULL, NULL);
INSERT INTO public.people (id, church_id, display_name, is_active, updated_at, created_at, first_name, last_name, goes_by, membership_status, first_visit_date, membership_date, care_notes_enabled, last_known_attendance, canonical_id, merged_at, legal_first_name, legal_last_name) VALUES ('06bc318e-ef52-4a58-907a-b02c58ec4f65', 'a8c2c7ab-836a-4ef1-a373-562e20babb76', 'Daniel Clark', true, '2025-12-15 07:41:35.402244+00', '2025-12-22 08:59:59.477513+00', 'Daniel', 'Clark', NULL, 'unknown', NULL, NULL, true, NULL, NULL, NULL, NULL, NULL);
INSERT INTO public.people (id, church_id, display_name, is_active, updated_at, created_at, first_name, last_name, goes_by, membership_status, first_visit_date, membership_date, care_notes_enabled, last_known_attendance, canonical_id, merged_at, legal_first_name, legal_last_name) VALUES ('71d0e5c0-73c3-476e-bd4c-1c7c6ce0ff8b', 'a8c2c7ab-836a-4ef1-a373-562e20babb76', 'Sophia Lewis', true, '2025-12-15 07:41:35.402244+00', '2025-12-22 08:59:59.477513+00', 'Sophia', 'Lewis', NULL, 'unknown', NULL, NULL, true, NULL, NULL, NULL, NULL, NULL);
INSERT INTO public.people (id, church_id, display_name, is_active, updated_at, created_at, first_name, last_name, goes_by, membership_status, first_visit_date, membership_date, care_notes_enabled, last_known_attendance, canonical_id, merged_at, legal_first_name, legal_last_name) VALUES ('a41f0afd-3d01-46cf-8fe9-8a6d16ff3771', 'a8c2c7ab-836a-4ef1-a373-562e20babb76', 'Sarah Jenkins', true, '2025-12-15 07:41:35.402244+00', '2025-12-22 08:59:59.477513+00', 'Sarah', 'Jenkins', NULL, 'unknown', NULL, NULL, true, NULL, NULL, NULL, NULL, NULL);
INSERT INTO public.people (id, church_id, display_name, is_active, updated_at, created_at, first_name, last_name, goes_by, membership_status, first_visit_date, membership_date, care_notes_enabled, last_known_attendance, canonical_id, merged_at, legal_first_name, legal_last_name) VALUES ('c552ecce-8c0d-46e9-9309-d6b606b3fddd', 'a8c2c7ab-836a-4ef1-a373-562e20babb76', 'Michael Chang', true, '2025-12-15 07:41:35.402244+00', '2025-12-22 08:59:59.477513+00', 'Michael', 'Chang', NULL, 'unknown', NULL, NULL, true, NULL, NULL, NULL, NULL, NULL);
INSERT INTO public.people (id, church_id, display_name, is_active, updated_at, created_at, first_name, last_name, goes_by, membership_status, first_visit_date, membership_date, care_notes_enabled, last_known_attendance, canonical_id, merged_at, legal_first_name, legal_last_name) VALUES ('8ddc0f58-a170-46b1-9852-6d1805d289e6', 'a8c2c7ab-836a-4ef1-a373-562e20babb76', 'Emily Rodriguez', true, '2025-12-15 07:41:35.402244+00', '2025-12-22 08:59:59.477513+00', 'Emily', 'Rodriguez', NULL, 'unknown', NULL, NULL, true, NULL, NULL, NULL, NULL, NULL);
INSERT INTO public.people (id, church_id, display_name, is_active, updated_at, created_at, first_name, last_name, goes_by, membership_status, first_visit_date, membership_date, care_notes_enabled, last_known_attendance, canonical_id, merged_at, legal_first_name, legal_last_name) VALUES ('7b707846-59f0-4dd2-82be-0bacd500908a', 'a8c2c7ab-836a-4ef1-a373-562e20babb76', 'David Miller', true, '2025-12-15 07:41:35.402244+00', '2025-12-22 08:59:59.477513+00', 'David', 'Miller', NULL, 'unknown', NULL, NULL, true, NULL, NULL, NULL, NULL, NULL);
INSERT INTO public.people (id, church_id, display_name, is_active, updated_at, created_at, first_name, last_name, goes_by, membership_status, first_visit_date, membership_date, care_notes_enabled, last_known_attendance, canonical_id, merged_at, legal_first_name, legal_last_name) VALUES ('00a395fc-5999-4c21-876e-5a272763068f', 'a8c2c7ab-836a-4ef1-a373-562e20babb76', 'James Wilson', true, '2025-12-15 07:41:35.402244+00', '2025-12-22 08:59:59.477513+00', 'James', 'Wilson', NULL, 'unknown', NULL, NULL, true, NULL, NULL, NULL, NULL, NULL);
INSERT INTO public.people (id, church_id, display_name, is_active, updated_at, created_at, first_name, last_name, goes_by, membership_status, first_visit_date, membership_date, care_notes_enabled, last_known_attendance, canonical_id, merged_at, legal_first_name, legal_last_name) VALUES ('75dfa581-d6c9-435f-98cf-ff07a2817ea0', 'a8c2c7ab-836a-4ef1-a373-562e20babb76', 'Jessica Chen', true, '2025-12-15 07:41:35.402244+00', '2025-12-22 08:59:59.477513+00', 'Jessica', 'Chen', NULL, 'unknown', NULL, NULL, true, NULL, NULL, NULL, NULL, NULL);
INSERT INTO public.people (id, church_id, display_name, is_active, updated_at, created_at, first_name, last_name, goes_by, membership_status, first_visit_date, membership_date, care_notes_enabled, last_known_attendance, canonical_id, merged_at, legal_first_name, legal_last_name) VALUES ('d52578bf-fdc7-44c1-bff3-54c4ee2e73c9', 'a8c2c7ab-836a-4ef1-a373-562e20babb76', 'Sarah Miller', true, '2025-12-15 07:41:35.402244+00', '2025-12-22 08:59:59.477513+00', 'Sarah', 'Miller', NULL, 'unknown', NULL, NULL, true, NULL, NULL, NULL, NULL, NULL);
INSERT INTO public.people (id, church_id, display_name, is_active, updated_at, created_at, first_name, last_name, goes_by, membership_status, first_visit_date, membership_date, care_notes_enabled, last_known_attendance, canonical_id, merged_at, legal_first_name, legal_last_name) VALUES ('0b0ae695-7206-441b-a6cb-bd3b16aa19fc', 'a8c2c7ab-836a-4ef1-a373-562e20babb76', 'Grace Miller', true, '2025-12-15 07:41:35.402244+00', '2025-12-22 08:59:59.477513+00', 'Grace', 'Miller', NULL, 'unknown', NULL, NULL, true, NULL, NULL, NULL, NULL, NULL);
INSERT INTO public.people (id, church_id, display_name, is_active, updated_at, created_at, first_name, last_name, goes_by, membership_status, first_visit_date, membership_date, care_notes_enabled, last_known_attendance, canonical_id, merged_at, legal_first_name, legal_last_name) VALUES ('7639f303-fad8-4c68-81f1-5a5cc8705e14', 'a8c2c7ab-836a-4ef1-a373-562e20babb76', 'Elijah Wikene', true, '2025-12-15 07:41:35.402244+00', '2025-12-22 08:59:59.477513+00', 'Elijah', 'Wikene', NULL, 'unknown', NULL, NULL, true, NULL, NULL, NULL, NULL, NULL);
INSERT INTO public.people (id, church_id, display_name, is_active, updated_at, created_at, first_name, last_name, goes_by, membership_status, first_visit_date, membership_date, care_notes_enabled, last_known_attendance, canonical_id, merged_at, legal_first_name, legal_last_name) VALUES ('0bfdf819-ac8e-4eb0-ae79-fdddd4f14103', 'a8c2c7ab-836a-4ef1-a373-562e20babb76', 'AJ', true, '2025-12-15 07:41:35.402244+00', '2025-12-22 08:59:59.477513+00', 'AJ', NULL, NULL, 'unknown', NULL, NULL, true, NULL, NULL, NULL, NULL, NULL);
INSERT INTO public.people (id, church_id, display_name, is_active, updated_at, created_at, first_name, last_name, goes_by, membership_status, first_visit_date, membership_date, care_notes_enabled, last_known_attendance, canonical_id, merged_at, legal_first_name, legal_last_name) VALUES ('92774894-cd1e-4ed0-9a5c-8eda5ec56ab7', 'a8c2c7ab-836a-4ef1-a373-562e20babb76', 'Sabrina', true, '2025-12-15 07:41:35.402244+00', '2025-12-22 08:59:59.477513+00', 'Sabrina', NULL, NULL, 'unknown', NULL, NULL, true, NULL, NULL, NULL, NULL, NULL);
INSERT INTO public.people (id, church_id, display_name, is_active, updated_at, created_at, first_name, last_name, goes_by, membership_status, first_visit_date, membership_date, care_notes_enabled, last_known_attendance, canonical_id, merged_at, legal_first_name, legal_last_name) VALUES ('09edd7ef-cce1-4437-823f-565daf66ed8b', '84c66cbb-1f13-4ed2-8416-076755b5dc49', 'Ava Nguyen 1', true, '2025-12-17 08:37:48.431703+00', '2025-12-22 08:59:59.477513+00', 'Ava', 'Nguyen 1', NULL, 'unknown', NULL, NULL, true, NULL, NULL, NULL, NULL, NULL);
INSERT INTO public.people (id, church_id, display_name, is_active, updated_at, created_at, first_name, last_name, goes_by, membership_status, first_visit_date, membership_date, care_notes_enabled, last_known_attendance, canonical_id, merged_at, legal_first_name, legal_last_name) VALUES ('2e711275-865e-44b2-b218-4eecd48b9e84', '84c66cbb-1f13-4ed2-8416-076755b5dc49', 'Noah Martinez 1', true, '2025-12-17 08:37:48.431703+00', '2025-12-22 08:59:59.477513+00', 'Noah', 'Martinez 1', NULL, 'unknown', NULL, NULL, true, NULL, NULL, NULL, NULL, NULL);
INSERT INTO public.people (id, church_id, display_name, is_active, updated_at, created_at, first_name, last_name, goes_by, membership_status, first_visit_date, membership_date, care_notes_enabled, last_known_attendance, canonical_id, merged_at, legal_first_name, legal_last_name) VALUES ('1c9725a4-7b97-4a25-bc3a-81060aefc8f5', '84c66cbb-1f13-4ed2-8416-076755b5dc49', 'Mia Johnson 1', true, '2025-12-17 08:37:48.431703+00', '2025-12-22 08:59:59.477513+00', 'Mia', 'Johnson 1', NULL, 'unknown', NULL, NULL, true, NULL, NULL, NULL, NULL, NULL);
INSERT INTO public.people (id, church_id, display_name, is_active, updated_at, created_at, first_name, last_name, goes_by, membership_status, first_visit_date, membership_date, care_notes_enabled, last_known_attendance, canonical_id, merged_at, legal_first_name, legal_last_name) VALUES ('cc70efc4-4558-4e22-a560-a530a05192ee', '84c66cbb-1f13-4ed2-8416-076755b5dc49', 'Ethan Kim 1', true, '2025-12-17 08:37:48.431703+00', '2025-12-22 08:59:59.477513+00', 'Ethan', 'Kim 1', NULL, 'unknown', NULL, NULL, true, NULL, NULL, NULL, NULL, NULL);
INSERT INTO public.people (id, church_id, display_name, is_active, updated_at, created_at, first_name, last_name, goes_by, membership_status, first_visit_date, membership_date, care_notes_enabled, last_known_attendance, canonical_id, merged_at, legal_first_name, legal_last_name) VALUES ('3e0501ba-84ce-4267-92f3-91de8fae5d50', '84c66cbb-1f13-4ed2-8416-076755b5dc49', 'Sophia Lee 1', true, '2025-12-17 08:37:48.431703+00', '2025-12-22 08:59:59.477513+00', 'Sophia', 'Lee 1', NULL, 'unknown', NULL, NULL, true, NULL, NULL, NULL, NULL, NULL);
INSERT INTO public.people (id, church_id, display_name, is_active, updated_at, created_at, first_name, last_name, goes_by, membership_status, first_visit_date, membership_date, care_notes_enabled, last_known_attendance, canonical_id, merged_at, legal_first_name, legal_last_name) VALUES ('8a1fb4a5-0233-4640-b386-b20cf3c29a85', '84c66cbb-1f13-4ed2-8416-076755b5dc49', 'Liam Patel 1', true, '2025-12-17 08:37:48.431703+00', '2025-12-22 08:59:59.477513+00', 'Liam', 'Patel 1', NULL, 'unknown', NULL, NULL, true, NULL, NULL, NULL, NULL, NULL);
INSERT INTO public.people (id, church_id, display_name, is_active, updated_at, created_at, first_name, last_name, goes_by, membership_status, first_visit_date, membership_date, care_notes_enabled, last_known_attendance, canonical_id, merged_at, legal_first_name, legal_last_name) VALUES ('e05e62c1-aa8a-47ca-a632-72e5efb47911', '84c66cbb-1f13-4ed2-8416-076755b5dc49', 'Olivia Brown 1', true, '2025-12-17 08:37:48.431703+00', '2025-12-22 08:59:59.477513+00', 'Olivia', 'Brown 1', NULL, 'unknown', NULL, NULL, true, NULL, NULL, NULL, NULL, NULL);
INSERT INTO public.people (id, church_id, display_name, is_active, updated_at, created_at, first_name, last_name, goes_by, membership_status, first_visit_date, membership_date, care_notes_enabled, last_known_attendance, canonical_id, merged_at, legal_first_name, legal_last_name) VALUES ('5881147d-ddc8-4922-be4c-ecd8d5fd6575', '84c66cbb-1f13-4ed2-8416-076755b5dc49', 'Lucas Garcia 1', true, '2025-12-17 08:37:48.431703+00', '2025-12-22 08:59:59.477513+00', 'Lucas', 'Garcia 1', NULL, 'unknown', NULL, NULL, true, NULL, NULL, NULL, NULL, NULL);
INSERT INTO public.people (id, church_id, display_name, is_active, updated_at, created_at, first_name, last_name, goes_by, membership_status, first_visit_date, membership_date, care_notes_enabled, last_known_attendance, canonical_id, merged_at, legal_first_name, legal_last_name) VALUES ('5cfac497-f388-4738-93ed-cdabbb9cdfcd', '84c66cbb-1f13-4ed2-8416-076755b5dc49', 'Isla Davis 1', true, '2025-12-17 08:37:48.431703+00', '2025-12-22 08:59:59.477513+00', 'Isla', 'Davis 1', NULL, 'unknown', NULL, NULL, true, NULL, NULL, NULL, NULL, NULL);
INSERT INTO public.people (id, church_id, display_name, is_active, updated_at, created_at, first_name, last_name, goes_by, membership_status, first_visit_date, membership_date, care_notes_enabled, last_known_attendance, canonical_id, merged_at, legal_first_name, legal_last_name) VALUES ('c782dec8-bc75-4067-a872-af8a721d051d', '84c66cbb-1f13-4ed2-8416-076755b5dc49', 'Henry Wilson 1', true, '2025-12-17 08:37:48.431703+00', '2025-12-22 08:59:59.477513+00', 'Henry', 'Wilson 1', NULL, 'unknown', NULL, NULL, true, NULL, NULL, NULL, NULL, NULL);
INSERT INTO public.people (id, church_id, display_name, is_active, updated_at, created_at, first_name, last_name, goes_by, membership_status, first_visit_date, membership_date, care_notes_enabled, last_known_attendance, canonical_id, merged_at, legal_first_name, legal_last_name) VALUES ('4c4c9a40-2d97-466d-82d0-9250ad323899', '84c66cbb-1f13-4ed2-8416-076755b5dc49', 'Jack Lewis 1', true, '2025-12-17 08:37:48.431703+00', '2025-12-22 08:59:59.477513+00', 'Jack', 'Lewis 1', NULL, 'unknown', NULL, NULL, true, NULL, NULL, NULL, NULL, NULL);
INSERT INTO public.people (id, church_id, display_name, is_active, updated_at, created_at, first_name, last_name, goes_by, membership_status, first_visit_date, membership_date, care_notes_enabled, last_known_attendance, canonical_id, merged_at, legal_first_name, legal_last_name) VALUES ('65a548ea-c407-40a9-a437-32cd1f74358a', '84c66cbb-1f13-4ed2-8416-076755b5dc49', 'Harper Walker 1', true, '2025-12-17 08:37:48.431703+00', '2025-12-22 08:59:59.477513+00', 'Harper', 'Walker 1', NULL, 'unknown', NULL, NULL, true, NULL, NULL, NULL, NULL, NULL);
INSERT INTO public.people (id, church_id, display_name, is_active, updated_at, created_at, first_name, last_name, goes_by, membership_status, first_visit_date, membership_date, care_notes_enabled, last_known_attendance, canonical_id, merged_at, legal_first_name, legal_last_name) VALUES ('e8533a3a-730f-48bc-be60-d556517b00f0', '84c66cbb-1f13-4ed2-8416-076755b5dc49', 'Leo Hall 1', true, '2025-12-17 08:37:48.431703+00', '2025-12-22 08:59:59.477513+00', 'Leo', 'Hall 1', NULL, 'unknown', NULL, NULL, true, NULL, NULL, NULL, NULL, NULL);
INSERT INTO public.people (id, church_id, display_name, is_active, updated_at, created_at, first_name, last_name, goes_by, membership_status, first_visit_date, membership_date, care_notes_enabled, last_known_attendance, canonical_id, merged_at, legal_first_name, legal_last_name) VALUES ('d17ca10e-405a-43c5-ad68-2f2939d9fb9f', '84c66cbb-1f13-4ed2-8416-076755b5dc49', 'Ella Allen 1', true, '2025-12-17 08:37:48.431703+00', '2025-12-22 08:59:59.477513+00', 'Ella', 'Allen 1', NULL, 'unknown', NULL, NULL, true, NULL, NULL, NULL, NULL, NULL);
INSERT INTO public.people (id, church_id, display_name, is_active, updated_at, created_at, first_name, last_name, goes_by, membership_status, first_visit_date, membership_date, care_notes_enabled, last_known_attendance, canonical_id, merged_at, legal_first_name, legal_last_name) VALUES ('a46303da-9970-4d44-8088-b8056ff841a6', '84c66cbb-1f13-4ed2-8416-076755b5dc49', 'Wyatt Young 1', true, '2025-12-17 08:37:48.431703+00', '2025-12-22 08:59:59.477513+00', 'Wyatt', 'Young 1', NULL, 'unknown', NULL, NULL, true, NULL, NULL, NULL, NULL, NULL);
INSERT INTO public.people (id, church_id, display_name, is_active, updated_at, created_at, first_name, last_name, goes_by, membership_status, first_visit_date, membership_date, care_notes_enabled, last_known_attendance, canonical_id, merged_at, legal_first_name, legal_last_name) VALUES ('26db7ade-fa2d-4343-9976-70ded12b744e', '84c66cbb-1f13-4ed2-8416-076755b5dc49', 'Chloe Hernandez 1', true, '2025-12-17 08:37:48.431703+00', '2025-12-22 08:59:59.477513+00', 'Chloe', 'Hernandez 1', NULL, 'unknown', NULL, NULL, true, NULL, NULL, NULL, NULL, NULL);
INSERT INTO public.people (id, church_id, display_name, is_active, updated_at, created_at, first_name, last_name, goes_by, membership_status, first_visit_date, membership_date, care_notes_enabled, last_known_attendance, canonical_id, merged_at, legal_first_name, legal_last_name) VALUES ('7250c2d4-a504-4ab7-a3e1-100503445823', '84c66cbb-1f13-4ed2-8416-076755b5dc49', 'Mason King 1', true, '2025-12-17 08:37:48.431703+00', '2025-12-22 08:59:59.477513+00', 'Mason', 'King 1', NULL, 'unknown', NULL, NULL, true, NULL, NULL, NULL, NULL, NULL);
INSERT INTO public.people (id, church_id, display_name, is_active, updated_at, created_at, first_name, last_name, goes_by, membership_status, first_visit_date, membership_date, care_notes_enabled, last_known_attendance, canonical_id, merged_at, legal_first_name, legal_last_name) VALUES ('28e24cd6-7d7f-4877-80a5-8c4a0614ca8b', '84c66cbb-1f13-4ed2-8416-076755b5dc49', 'Grace Wright 1', true, '2025-12-17 08:37:48.431703+00', '2025-12-22 08:59:59.477513+00', 'Grace', 'Wright 1', NULL, 'unknown', NULL, NULL, true, NULL, NULL, NULL, NULL, NULL);
INSERT INTO public.people (id, church_id, display_name, is_active, updated_at, created_at, first_name, last_name, goes_by, membership_status, first_visit_date, membership_date, care_notes_enabled, last_known_attendance, canonical_id, merged_at, legal_first_name, legal_last_name) VALUES ('249830ce-08df-497a-ab57-aa36722d1f40', '84c66cbb-1f13-4ed2-8416-076755b5dc49', 'James Scott 1', true, '2025-12-17 08:37:48.431703+00', '2025-12-22 08:59:59.477513+00', 'James', 'Scott 1', NULL, 'unknown', NULL, NULL, true, NULL, NULL, NULL, NULL, NULL);
INSERT INTO public.people (id, church_id, display_name, is_active, updated_at, created_at, first_name, last_name, goes_by, membership_status, first_visit_date, membership_date, care_notes_enabled, last_known_attendance, canonical_id, merged_at, legal_first_name, legal_last_name) VALUES ('f6cf9f93-ec29-44fa-ae3b-a061e6e78f7e', '84c66cbb-1f13-4ed2-8416-076755b5dc49', 'Nora Green 1', true, '2025-12-17 08:37:48.431703+00', '2025-12-22 08:59:59.477513+00', 'Nora', 'Green 1', NULL, 'unknown', NULL, NULL, true, NULL, NULL, NULL, NULL, NULL);
INSERT INTO public.people (id, church_id, display_name, is_active, updated_at, created_at, first_name, last_name, goes_by, membership_status, first_visit_date, membership_date, care_notes_enabled, last_known_attendance, canonical_id, merged_at, legal_first_name, legal_last_name) VALUES ('9eec7b26-0bdd-4cb0-8f7b-64ba900ef0e8', '84c66cbb-1f13-4ed2-8416-076755b5dc49', 'Caleb Baker 1', true, '2025-12-17 08:37:48.431703+00', '2025-12-22 08:59:59.477513+00', 'Caleb', 'Baker 1', NULL, 'unknown', NULL, NULL, true, NULL, NULL, NULL, NULL, NULL);
INSERT INTO public.people (id, church_id, display_name, is_active, updated_at, created_at, first_name, last_name, goes_by, membership_status, first_visit_date, membership_date, care_notes_enabled, last_known_attendance, canonical_id, merged_at, legal_first_name, legal_last_name) VALUES ('1050415f-929c-4e22-a93b-c94ccdb8cda1', '84c66cbb-1f13-4ed2-8416-076755b5dc49', 'Zoe Adams 1', true, '2025-12-17 08:37:48.431703+00', '2025-12-22 08:59:59.477513+00', 'Zoe', 'Adams 1', NULL, 'unknown', NULL, NULL, true, NULL, NULL, NULL, NULL, NULL);
INSERT INTO public.people (id, church_id, display_name, is_active, updated_at, created_at, first_name, last_name, goes_by, membership_status, first_visit_date, membership_date, care_notes_enabled, last_known_attendance, canonical_id, merged_at, legal_first_name, legal_last_name) VALUES ('1249dfc0-954a-4ffe-9984-758020a5aba5', '84c66cbb-1f13-4ed2-8416-076755b5dc49', 'Owen Nelson 1', true, '2025-12-17 08:37:48.431703+00', '2025-12-22 08:59:59.477513+00', 'Owen', 'Nelson 1', NULL, 'unknown', NULL, NULL, true, NULL, NULL, NULL, NULL, NULL);
INSERT INTO public.people (id, church_id, display_name, is_active, updated_at, created_at, first_name, last_name, goes_by, membership_status, first_visit_date, membership_date, care_notes_enabled, last_known_attendance, canonical_id, merged_at, legal_first_name, legal_last_name) VALUES ('80cf6d17-fdd0-4c22-9e27-ac80f0faf5da', '84c66cbb-1f13-4ed2-8416-076755b5dc49', 'Lily Carter 1', true, '2025-12-17 08:37:48.431703+00', '2025-12-22 08:59:59.477513+00', 'Lily', 'Carter 1', NULL, 'unknown', NULL, NULL, true, NULL, NULL, NULL, NULL, NULL);
INSERT INTO public.people (id, church_id, display_name, is_active, updated_at, created_at, first_name, last_name, goes_by, membership_status, first_visit_date, membership_date, care_notes_enabled, last_known_attendance, canonical_id, merged_at, legal_first_name, legal_last_name) VALUES ('b5e18269-3bf4-4e1b-bd46-4dc9857bb08a', '84c66cbb-1f13-4ed2-8416-076755b5dc49', 'Asher Mitchell 1', true, '2025-12-17 08:37:48.431703+00', '2025-12-22 08:59:59.477513+00', 'Asher', 'Mitchell 1', NULL, 'unknown', NULL, NULL, true, NULL, NULL, NULL, NULL, NULL);
INSERT INTO public.people (id, church_id, display_name, is_active, updated_at, created_at, first_name, last_name, goes_by, membership_status, first_visit_date, membership_date, care_notes_enabled, last_known_attendance, canonical_id, merged_at, legal_first_name, legal_last_name) VALUES ('12ae7136-e696-4914-b471-16e947c29b4e', '84c66cbb-1f13-4ed2-8416-076755b5dc49', 'Aria Perez 1', true, '2025-12-17 08:37:48.431703+00', '2025-12-22 08:59:59.477513+00', 'Aria', 'Perez 1', NULL, 'unknown', NULL, NULL, true, NULL, NULL, NULL, NULL, NULL);
INSERT INTO public.people (id, church_id, display_name, is_active, updated_at, created_at, first_name, last_name, goes_by, membership_status, first_visit_date, membership_date, care_notes_enabled, last_known_attendance, canonical_id, merged_at, legal_first_name, legal_last_name) VALUES ('b483cf65-62e8-40ef-8ded-dbbc4b38d88e', '84c66cbb-1f13-4ed2-8416-076755b5dc49', 'Sebastian Roberts 1', true, '2025-12-17 08:37:48.431703+00', '2025-12-22 08:59:59.477513+00', 'Sebastian', 'Roberts 1', NULL, 'unknown', NULL, NULL, true, NULL, NULL, NULL, NULL, NULL);
INSERT INTO public.people (id, church_id, display_name, is_active, updated_at, created_at, first_name, last_name, goes_by, membership_status, first_visit_date, membership_date, care_notes_enabled, last_known_attendance, canonical_id, merged_at, legal_first_name, legal_last_name) VALUES ('1b12d929-1f6b-4311-9420-d23e6cab127c', '84c66cbb-1f13-4ed2-8416-076755b5dc49', 'Layla Turner 1', true, '2025-12-17 08:37:48.431703+00', '2025-12-22 08:59:59.477513+00', 'Layla', 'Turner 1', NULL, 'unknown', NULL, NULL, true, NULL, NULL, NULL, NULL, NULL);
INSERT INTO public.people (id, church_id, display_name, is_active, updated_at, created_at, first_name, last_name, goes_by, membership_status, first_visit_date, membership_date, care_notes_enabled, last_known_attendance, canonical_id, merged_at, legal_first_name, legal_last_name) VALUES ('2f5921f8-f52e-41f9-ade8-a1f79e9fa2af', '84c66cbb-1f13-4ed2-8416-076755b5dc49', 'Daniel Phillips 1', true, '2025-12-17 08:37:48.431703+00', '2025-12-22 08:59:59.477513+00', 'Daniel', 'Phillips 1', NULL, 'unknown', NULL, NULL, true, NULL, NULL, NULL, NULL, NULL);
INSERT INTO public.people (id, church_id, display_name, is_active, updated_at, created_at, first_name, last_name, goes_by, membership_status, first_visit_date, membership_date, care_notes_enabled, last_known_attendance, canonical_id, merged_at, legal_first_name, legal_last_name) VALUES ('165a4d6f-b401-4191-8d00-4135913969a4', '84c66cbb-1f13-4ed2-8416-076755b5dc49', 'Ruby Campbell 1', true, '2025-12-17 08:37:48.431703+00', '2025-12-22 08:59:59.477513+00', 'Ruby', 'Campbell 1', NULL, 'unknown', NULL, NULL, true, NULL, NULL, NULL, NULL, NULL);
INSERT INTO public.people (id, church_id, display_name, is_active, updated_at, created_at, first_name, last_name, goes_by, membership_status, first_visit_date, membership_date, care_notes_enabled, last_known_attendance, canonical_id, merged_at, legal_first_name, legal_last_name) VALUES ('6a587aca-f44e-4276-8f03-2c8377b677a7', '84c66cbb-1f13-4ed2-8416-076755b5dc49', 'Finn Parker 1', true, '2025-12-17 08:37:48.431703+00', '2025-12-22 08:59:59.477513+00', 'Finn', 'Parker 1', NULL, 'unknown', NULL, NULL, true, NULL, NULL, NULL, NULL, NULL);
INSERT INTO public.people (id, church_id, display_name, is_active, updated_at, created_at, first_name, last_name, goes_by, membership_status, first_visit_date, membership_date, care_notes_enabled, last_known_attendance, canonical_id, merged_at, legal_first_name, legal_last_name) VALUES ('a74f0410-e083-4b66-9ca3-33154524bf66', '84c66cbb-1f13-4ed2-8416-076755b5dc49', 'Ivy Evans 1', true, '2025-12-17 08:37:48.431703+00', '2025-12-22 08:59:59.477513+00', 'Ivy', 'Evans 1', NULL, 'unknown', NULL, NULL, true, NULL, NULL, NULL, NULL, NULL);
INSERT INTO public.people (id, church_id, display_name, is_active, updated_at, created_at, first_name, last_name, goes_by, membership_status, first_visit_date, membership_date, care_notes_enabled, last_known_attendance, canonical_id, merged_at, legal_first_name, legal_last_name) VALUES ('2ba9d61a-849e-4dab-afa5-81836c3b1d47', '84c66cbb-1f13-4ed2-8416-076755b5dc49', 'Ezra Edwards 1', true, '2025-12-17 08:37:48.431703+00', '2025-12-22 08:59:59.477513+00', 'Ezra', 'Edwards 1', NULL, 'unknown', NULL, NULL, true, NULL, NULL, NULL, NULL, NULL);
INSERT INTO public.people (id, church_id, display_name, is_active, updated_at, created_at, first_name, last_name, goes_by, membership_status, first_visit_date, membership_date, care_notes_enabled, last_known_attendance, canonical_id, merged_at, legal_first_name, legal_last_name) VALUES ('349e89fd-6101-4068-9407-988b32d3e428', '84c66cbb-1f13-4ed2-8416-076755b5dc49', 'Hazel Collins 1', true, '2025-12-17 08:37:48.431703+00', '2025-12-22 08:59:59.477513+00', 'Hazel', 'Collins 1', NULL, 'unknown', NULL, NULL, true, NULL, NULL, NULL, NULL, NULL);
INSERT INTO public.people (id, church_id, display_name, is_active, updated_at, created_at, first_name, last_name, goes_by, membership_status, first_visit_date, membership_date, care_notes_enabled, last_known_attendance, canonical_id, merged_at, legal_first_name, legal_last_name) VALUES ('28e7f8b5-3881-44b4-b7e7-08d023fbb615', '84c66cbb-1f13-4ed2-8416-076755b5dc49', 'Miles Stewart 1', true, '2025-12-17 08:37:48.431703+00', '2025-12-22 08:59:59.477513+00', 'Miles', 'Stewart 1', NULL, 'unknown', NULL, NULL, true, NULL, NULL, NULL, NULL, NULL);
INSERT INTO public.people (id, church_id, display_name, is_active, updated_at, created_at, first_name, last_name, goes_by, membership_status, first_visit_date, membership_date, care_notes_enabled, last_known_attendance, canonical_id, merged_at, legal_first_name, legal_last_name) VALUES ('fa61620e-f9a0-4f7b-966d-97c28a27933c', '84c66cbb-1f13-4ed2-8416-076755b5dc49', 'Stella Sanchez 1', true, '2025-12-17 08:37:48.431703+00', '2025-12-22 08:59:59.477513+00', 'Stella', 'Sanchez 1', NULL, 'unknown', NULL, NULL, true, NULL, NULL, NULL, NULL, NULL);
INSERT INTO public.people (id, church_id, display_name, is_active, updated_at, created_at, first_name, last_name, goes_by, membership_status, first_visit_date, membership_date, care_notes_enabled, last_known_attendance, canonical_id, merged_at, legal_first_name, legal_last_name) VALUES ('c8a0ac57-d991-4e9f-8de1-808eee518c8c', '84c66cbb-1f13-4ed2-8416-076755b5dc49', 'Elijah Morris 1', true, '2025-12-17 08:37:48.431703+00', '2025-12-22 08:59:59.477513+00', 'Elijah', 'Morris 1', NULL, 'unknown', NULL, NULL, true, NULL, NULL, NULL, NULL, NULL);
INSERT INTO public.people (id, church_id, display_name, is_active, updated_at, created_at, first_name, last_name, goes_by, membership_status, first_visit_date, membership_date, care_notes_enabled, last_known_attendance, canonical_id, merged_at, legal_first_name, legal_last_name) VALUES ('7183e6d1-6d3b-44ae-8362-4836086b395b', '84c66cbb-1f13-4ed2-8416-076755b5dc49', 'Violet Rogers 1', true, '2025-12-17 08:37:48.431703+00', '2025-12-22 08:59:59.477513+00', 'Violet', 'Rogers 1', NULL, 'unknown', NULL, NULL, true, NULL, NULL, NULL, NULL, NULL);
INSERT INTO public.people (id, church_id, display_name, is_active, updated_at, created_at, first_name, last_name, goes_by, membership_status, first_visit_date, membership_date, care_notes_enabled, last_known_attendance, canonical_id, merged_at, legal_first_name, legal_last_name) VALUES ('fa97ceb2-3bd4-4527-bc88-978676471a9f', '84c66cbb-1f13-4ed2-8416-076755b5dc49', 'Hudson Reed 1', true, '2025-12-17 08:37:48.431703+00', '2025-12-22 08:59:59.477513+00', 'Hudson', 'Reed 1', NULL, 'unknown', NULL, NULL, true, NULL, NULL, NULL, NULL, NULL);
INSERT INTO public.people (id, church_id, display_name, is_active, updated_at, created_at, first_name, last_name, goes_by, membership_status, first_visit_date, membership_date, care_notes_enabled, last_known_attendance, canonical_id, merged_at, legal_first_name, legal_last_name) VALUES ('abff674b-ea18-4b9e-899e-f856e0fa977a', '84c66cbb-1f13-4ed2-8416-076755b5dc49', 'Sienna Cook 1', true, '2025-12-17 08:37:48.431703+00', '2025-12-22 08:59:59.477513+00', 'Sienna', 'Cook 1', NULL, 'unknown', NULL, NULL, true, NULL, NULL, NULL, NULL, NULL);
INSERT INTO public.people (id, church_id, display_name, is_active, updated_at, created_at, first_name, last_name, goes_by, membership_status, first_visit_date, membership_date, care_notes_enabled, last_known_attendance, canonical_id, merged_at, legal_first_name, legal_last_name) VALUES ('f6f24e45-da22-4d7f-b38c-433aee0e81bc', '84c66cbb-1f13-4ed2-8416-076755b5dc49', 'Logan Morgan 1', true, '2025-12-17 08:37:48.431703+00', '2025-12-22 08:59:59.477513+00', 'Logan', 'Morgan 1', NULL, 'unknown', NULL, NULL, true, NULL, NULL, NULL, NULL, NULL);
INSERT INTO public.people (id, church_id, display_name, is_active, updated_at, created_at, first_name, last_name, goes_by, membership_status, first_visit_date, membership_date, care_notes_enabled, last_known_attendance, canonical_id, merged_at, legal_first_name, legal_last_name) VALUES ('f360baa0-d44a-4978-b3dc-e6bcf449c39b', '84c66cbb-1f13-4ed2-8416-076755b5dc49', 'Penelope Bell 1', true, '2025-12-17 08:37:48.431703+00', '2025-12-22 08:59:59.477513+00', 'Penelope', 'Bell 1', NULL, 'unknown', NULL, NULL, true, NULL, NULL, NULL, NULL, NULL);
INSERT INTO public.people (id, church_id, display_name, is_active, updated_at, created_at, first_name, last_name, goes_by, membership_status, first_visit_date, membership_date, care_notes_enabled, last_known_attendance, canonical_id, merged_at, legal_first_name, legal_last_name) VALUES ('f098e910-0532-44a9-988f-78b3ee532423', '84c66cbb-1f13-4ed2-8416-076755b5dc49', 'Carter Murphy 1', true, '2025-12-17 08:37:48.431703+00', '2025-12-22 08:59:59.477513+00', 'Carter', 'Murphy 1', NULL, 'unknown', NULL, NULL, true, NULL, NULL, NULL, NULL, NULL);
INSERT INTO public.people (id, church_id, display_name, is_active, updated_at, created_at, first_name, last_name, goes_by, membership_status, first_visit_date, membership_date, care_notes_enabled, last_known_attendance, canonical_id, merged_at, legal_first_name, legal_last_name) VALUES ('3e9098c7-4604-44a4-9861-3ea142124dba', '84c66cbb-1f13-4ed2-8416-076755b5dc49', 'Aurora Bailey 1', true, '2025-12-17 08:37:48.431703+00', '2025-12-22 08:59:59.477513+00', 'Aurora', 'Bailey 1', NULL, 'unknown', NULL, NULL, true, NULL, NULL, NULL, NULL, NULL);
INSERT INTO public.people (id, church_id, display_name, is_active, updated_at, created_at, first_name, last_name, goes_by, membership_status, first_visit_date, membership_date, care_notes_enabled, last_known_attendance, canonical_id, merged_at, legal_first_name, legal_last_name) VALUES ('3d04fb89-2479-47ff-91a7-5b7920b407aa', '84c66cbb-1f13-4ed2-8416-076755b5dc49', 'Ava Nguyen 2', true, '2025-12-17 08:37:48.431703+00', '2025-12-22 08:59:59.477513+00', 'Ava', 'Nguyen 2', NULL, 'unknown', NULL, NULL, true, NULL, NULL, NULL, NULL, NULL);
INSERT INTO public.people (id, church_id, display_name, is_active, updated_at, created_at, first_name, last_name, goes_by, membership_status, first_visit_date, membership_date, care_notes_enabled, last_known_attendance, canonical_id, merged_at, legal_first_name, legal_last_name) VALUES ('f4e81c84-6b99-464e-b66d-cfe9ce84b8bb', '84c66cbb-1f13-4ed2-8416-076755b5dc49', 'Noah Martinez 2', true, '2025-12-17 08:37:48.431703+00', '2025-12-22 08:59:59.477513+00', 'Noah', 'Martinez 2', NULL, 'unknown', NULL, NULL, true, NULL, NULL, NULL, NULL, NULL);
INSERT INTO public.people (id, church_id, display_name, is_active, updated_at, created_at, first_name, last_name, goes_by, membership_status, first_visit_date, membership_date, care_notes_enabled, last_known_attendance, canonical_id, merged_at, legal_first_name, legal_last_name) VALUES ('6b036d36-f33e-4c75-9063-a60c4dbd35b7', '84c66cbb-1f13-4ed2-8416-076755b5dc49', 'Mia Johnson 2', true, '2025-12-17 08:37:48.431703+00', '2025-12-22 08:59:59.477513+00', 'Mia', 'Johnson 2', NULL, 'unknown', NULL, NULL, true, NULL, NULL, NULL, NULL, NULL);
INSERT INTO public.people (id, church_id, display_name, is_active, updated_at, created_at, first_name, last_name, goes_by, membership_status, first_visit_date, membership_date, care_notes_enabled, last_known_attendance, canonical_id, merged_at, legal_first_name, legal_last_name) VALUES ('ed93c285-a160-4e4a-8518-a67b70a8b6c1', '84c66cbb-1f13-4ed2-8416-076755b5dc49', 'Ethan Kim 2', true, '2025-12-17 08:37:48.431703+00', '2025-12-22 08:59:59.477513+00', 'Ethan', 'Kim 2', NULL, 'unknown', NULL, NULL, true, NULL, NULL, NULL, NULL, NULL);
INSERT INTO public.people (id, church_id, display_name, is_active, updated_at, created_at, first_name, last_name, goes_by, membership_status, first_visit_date, membership_date, care_notes_enabled, last_known_attendance, canonical_id, merged_at, legal_first_name, legal_last_name) VALUES ('ffeac24f-86cb-4719-95a6-34c1d915ed1d', '84c66cbb-1f13-4ed2-8416-076755b5dc49', 'Sophia Lee 2', true, '2025-12-17 08:37:48.431703+00', '2025-12-22 08:59:59.477513+00', 'Sophia', 'Lee 2', NULL, 'unknown', NULL, NULL, true, NULL, NULL, NULL, NULL, NULL);
INSERT INTO public.people (id, church_id, display_name, is_active, updated_at, created_at, first_name, last_name, goes_by, membership_status, first_visit_date, membership_date, care_notes_enabled, last_known_attendance, canonical_id, merged_at, legal_first_name, legal_last_name) VALUES ('275b7cd5-8772-49e0-9e7f-b32c8a0b35d9', '84c66cbb-1f13-4ed2-8416-076755b5dc49', 'Liam Patel 2', true, '2025-12-17 08:37:48.431703+00', '2025-12-22 08:59:59.477513+00', 'Liam', 'Patel 2', NULL, 'unknown', NULL, NULL, true, NULL, NULL, NULL, NULL, NULL);
INSERT INTO public.people (id, church_id, display_name, is_active, updated_at, created_at, first_name, last_name, goes_by, membership_status, first_visit_date, membership_date, care_notes_enabled, last_known_attendance, canonical_id, merged_at, legal_first_name, legal_last_name) VALUES ('610afb81-1d72-4823-bb78-4689acaf76e0', '84c66cbb-1f13-4ed2-8416-076755b5dc49', 'Olivia Brown 2', true, '2025-12-17 08:37:48.431703+00', '2025-12-22 08:59:59.477513+00', 'Olivia', 'Brown 2', NULL, 'unknown', NULL, NULL, true, NULL, NULL, NULL, NULL, NULL);
INSERT INTO public.people (id, church_id, display_name, is_active, updated_at, created_at, first_name, last_name, goes_by, membership_status, first_visit_date, membership_date, care_notes_enabled, last_known_attendance, canonical_id, merged_at, legal_first_name, legal_last_name) VALUES ('808b0357-9d84-45ba-926c-e7f1da1af30b', '84c66cbb-1f13-4ed2-8416-076755b5dc49', 'Lucas Garcia 2', true, '2025-12-17 08:37:48.431703+00', '2025-12-22 08:59:59.477513+00', 'Lucas', 'Garcia 2', NULL, 'unknown', NULL, NULL, true, NULL, NULL, NULL, NULL, NULL);
INSERT INTO public.people (id, church_id, display_name, is_active, updated_at, created_at, first_name, last_name, goes_by, membership_status, first_visit_date, membership_date, care_notes_enabled, last_known_attendance, canonical_id, merged_at, legal_first_name, legal_last_name) VALUES ('4eedc824-23df-4c0b-a378-e69817a96f84', '84c66cbb-1f13-4ed2-8416-076755b5dc49', 'Isla Davis 2', true, '2025-12-17 08:37:48.431703+00', '2025-12-22 08:59:59.477513+00', 'Isla', 'Davis 2', NULL, 'unknown', NULL, NULL, true, NULL, NULL, NULL, NULL, NULL);
INSERT INTO public.people (id, church_id, display_name, is_active, updated_at, created_at, first_name, last_name, goes_by, membership_status, first_visit_date, membership_date, care_notes_enabled, last_known_attendance, canonical_id, merged_at, legal_first_name, legal_last_name) VALUES ('a135078c-996d-48e1-a2e4-3af6300b7d13', '84c66cbb-1f13-4ed2-8416-076755b5dc49', 'Henry Wilson 2', true, '2025-12-17 08:37:48.431703+00', '2025-12-22 08:59:59.477513+00', 'Henry', 'Wilson 2', NULL, 'unknown', NULL, NULL, true, NULL, NULL, NULL, NULL, NULL);
INSERT INTO public.people (id, church_id, display_name, is_active, updated_at, created_at, first_name, last_name, goes_by, membership_status, first_visit_date, membership_date, care_notes_enabled, last_known_attendance, canonical_id, merged_at, legal_first_name, legal_last_name) VALUES ('4f911634-1f96-4d15-8a72-9905a5a19936', '84c66cbb-1f13-4ed2-8416-076755b5dc49', 'Amelia Clark 2', true, '2025-12-17 08:37:48.431703+00', '2025-12-22 08:59:59.477513+00', 'Amelia', 'Clark 2', NULL, 'unknown', NULL, NULL, true, NULL, NULL, NULL, NULL, NULL);
INSERT INTO public.people (id, church_id, display_name, is_active, updated_at, created_at, first_name, last_name, goes_by, membership_status, first_visit_date, membership_date, care_notes_enabled, last_known_attendance, canonical_id, merged_at, legal_first_name, legal_last_name) VALUES ('b3d6b3e6-65af-4c03-b7c7-e282d4c331b3', '84c66cbb-1f13-4ed2-8416-076755b5dc49', 'Jack Lewis 2', true, '2025-12-17 08:37:48.431703+00', '2025-12-22 08:59:59.477513+00', 'Jack', 'Lewis 2', NULL, 'unknown', NULL, NULL, true, NULL, NULL, NULL, NULL, NULL);
INSERT INTO public.people (id, church_id, display_name, is_active, updated_at, created_at, first_name, last_name, goes_by, membership_status, first_visit_date, membership_date, care_notes_enabled, last_known_attendance, canonical_id, merged_at, legal_first_name, legal_last_name) VALUES ('a7cf4f5a-6745-470a-9c34-eb22db3aa3b8', '84c66cbb-1f13-4ed2-8416-076755b5dc49', 'Harper Walker 2', true, '2025-12-17 08:37:48.431703+00', '2025-12-22 08:59:59.477513+00', 'Harper', 'Walker 2', NULL, 'unknown', NULL, NULL, true, NULL, NULL, NULL, NULL, NULL);
INSERT INTO public.people (id, church_id, display_name, is_active, updated_at, created_at, first_name, last_name, goes_by, membership_status, first_visit_date, membership_date, care_notes_enabled, last_known_attendance, canonical_id, merged_at, legal_first_name, legal_last_name) VALUES ('eb0d3468-81d1-4658-a0af-2411830fd819', '84c66cbb-1f13-4ed2-8416-076755b5dc49', 'Leo Hall 2', true, '2025-12-17 08:37:48.431703+00', '2025-12-22 08:59:59.477513+00', 'Leo', 'Hall 2', NULL, 'unknown', NULL, NULL, true, NULL, NULL, NULL, NULL, NULL);
INSERT INTO public.people (id, church_id, display_name, is_active, updated_at, created_at, first_name, last_name, goes_by, membership_status, first_visit_date, membership_date, care_notes_enabled, last_known_attendance, canonical_id, merged_at, legal_first_name, legal_last_name) VALUES ('e67bb911-c716-4f44-91fe-dcaf7f080233', '84c66cbb-1f13-4ed2-8416-076755b5dc49', 'Ella Allen 2', true, '2025-12-17 08:37:48.431703+00', '2025-12-22 08:59:59.477513+00', 'Ella', 'Allen 2', NULL, 'unknown', NULL, NULL, true, NULL, NULL, NULL, NULL, NULL);
INSERT INTO public.people (id, church_id, display_name, is_active, updated_at, created_at, first_name, last_name, goes_by, membership_status, first_visit_date, membership_date, care_notes_enabled, last_known_attendance, canonical_id, merged_at, legal_first_name, legal_last_name) VALUES ('f624a11d-4555-41e8-a670-216aae1de288', '84c66cbb-1f13-4ed2-8416-076755b5dc49', 'Wyatt Young 2', true, '2025-12-17 08:37:48.431703+00', '2025-12-22 08:59:59.477513+00', 'Wyatt', 'Young 2', NULL, 'unknown', NULL, NULL, true, NULL, NULL, NULL, NULL, NULL);
INSERT INTO public.people (id, church_id, display_name, is_active, updated_at, created_at, first_name, last_name, goes_by, membership_status, first_visit_date, membership_date, care_notes_enabled, last_known_attendance, canonical_id, merged_at, legal_first_name, legal_last_name) VALUES ('6580f47c-43dc-46ef-a3a4-1398edc4f0c3', '84c66cbb-1f13-4ed2-8416-076755b5dc49', 'Chloe Hernandez 2', true, '2025-12-17 08:37:48.431703+00', '2025-12-22 08:59:59.477513+00', 'Chloe', 'Hernandez 2', NULL, 'unknown', NULL, NULL, true, NULL, NULL, NULL, NULL, NULL);
INSERT INTO public.people (id, church_id, display_name, is_active, updated_at, created_at, first_name, last_name, goes_by, membership_status, first_visit_date, membership_date, care_notes_enabled, last_known_attendance, canonical_id, merged_at, legal_first_name, legal_last_name) VALUES ('719980d2-3826-4256-89b7-344a9ac60650', '84c66cbb-1f13-4ed2-8416-076755b5dc49', 'Mason King 2', true, '2025-12-17 08:37:48.431703+00', '2025-12-22 08:59:59.477513+00', 'Mason', 'King 2', NULL, 'unknown', NULL, NULL, true, NULL, NULL, NULL, NULL, NULL);
INSERT INTO public.people (id, church_id, display_name, is_active, updated_at, created_at, first_name, last_name, goes_by, membership_status, first_visit_date, membership_date, care_notes_enabled, last_known_attendance, canonical_id, merged_at, legal_first_name, legal_last_name) VALUES ('92999ad6-b664-415b-aff8-b42eec34f8c0', '84c66cbb-1f13-4ed2-8416-076755b5dc49', 'Grace Wright 2', true, '2025-12-17 08:37:48.431703+00', '2025-12-22 08:59:59.477513+00', 'Grace', 'Wright 2', NULL, 'unknown', NULL, NULL, true, NULL, NULL, NULL, NULL, NULL);
INSERT INTO public.people (id, church_id, display_name, is_active, updated_at, created_at, first_name, last_name, goes_by, membership_status, first_visit_date, membership_date, care_notes_enabled, last_known_attendance, canonical_id, merged_at, legal_first_name, legal_last_name) VALUES ('cb73f28c-2f56-46cb-81e7-4f5df3ad4762', '84c66cbb-1f13-4ed2-8416-076755b5dc49', 'James Scott 2', true, '2025-12-17 08:37:48.431703+00', '2025-12-22 08:59:59.477513+00', 'James', 'Scott 2', NULL, 'unknown', NULL, NULL, true, NULL, NULL, NULL, NULL, NULL);
INSERT INTO public.people (id, church_id, display_name, is_active, updated_at, created_at, first_name, last_name, goes_by, membership_status, first_visit_date, membership_date, care_notes_enabled, last_known_attendance, canonical_id, merged_at, legal_first_name, legal_last_name) VALUES ('aabe3e5c-4a0b-4ac1-9fc0-ba3ff4a57c06', '84c66cbb-1f13-4ed2-8416-076755b5dc49', 'Nora Green 2', true, '2025-12-17 08:37:48.431703+00', '2025-12-22 08:59:59.477513+00', 'Nora', 'Green 2', NULL, 'unknown', NULL, NULL, true, NULL, NULL, NULL, NULL, NULL);
INSERT INTO public.people (id, church_id, display_name, is_active, updated_at, created_at, first_name, last_name, goes_by, membership_status, first_visit_date, membership_date, care_notes_enabled, last_known_attendance, canonical_id, merged_at, legal_first_name, legal_last_name) VALUES ('39522833-5c39-4418-a921-b9982dc81e28', '84c66cbb-1f13-4ed2-8416-076755b5dc49', 'Caleb Baker 2', true, '2025-12-17 08:37:48.431703+00', '2025-12-22 08:59:59.477513+00', 'Caleb', 'Baker 2', NULL, 'unknown', NULL, NULL, true, NULL, NULL, NULL, NULL, NULL);
INSERT INTO public.people (id, church_id, display_name, is_active, updated_at, created_at, first_name, last_name, goes_by, membership_status, first_visit_date, membership_date, care_notes_enabled, last_known_attendance, canonical_id, merged_at, legal_first_name, legal_last_name) VALUES ('332c9445-e9b0-4fdc-b549-d3e9f36fca77', '84c66cbb-1f13-4ed2-8416-076755b5dc49', 'Zoe Adams 2', true, '2025-12-17 08:37:48.431703+00', '2025-12-22 08:59:59.477513+00', 'Zoe', 'Adams 2', NULL, 'unknown', NULL, NULL, true, NULL, NULL, NULL, NULL, NULL);
INSERT INTO public.people (id, church_id, display_name, is_active, updated_at, created_at, first_name, last_name, goes_by, membership_status, first_visit_date, membership_date, care_notes_enabled, last_known_attendance, canonical_id, merged_at, legal_first_name, legal_last_name) VALUES ('37509348-7cc8-4905-af33-0dc09a40c31c', '84c66cbb-1f13-4ed2-8416-076755b5dc49', 'Owen Nelson 2', true, '2025-12-17 08:37:48.431703+00', '2025-12-22 08:59:59.477513+00', 'Owen', 'Nelson 2', NULL, 'unknown', NULL, NULL, true, NULL, NULL, NULL, NULL, NULL);
INSERT INTO public.people (id, church_id, display_name, is_active, updated_at, created_at, first_name, last_name, goes_by, membership_status, first_visit_date, membership_date, care_notes_enabled, last_known_attendance, canonical_id, merged_at, legal_first_name, legal_last_name) VALUES ('8ebfbc54-0ff7-455c-9158-ab4924cd3631', '84c66cbb-1f13-4ed2-8416-076755b5dc49', 'Lily Carter 2', true, '2025-12-17 08:37:48.431703+00', '2025-12-22 08:59:59.477513+00', 'Lily', 'Carter 2', NULL, 'unknown', NULL, NULL, true, NULL, NULL, NULL, NULL, NULL);
INSERT INTO public.people (id, church_id, display_name, is_active, updated_at, created_at, first_name, last_name, goes_by, membership_status, first_visit_date, membership_date, care_notes_enabled, last_known_attendance, canonical_id, merged_at, legal_first_name, legal_last_name) VALUES ('51ce8ef9-8c0e-4e12-8474-f7f101c84ee4', '84c66cbb-1f13-4ed2-8416-076755b5dc49', 'Aria Perez 2', true, '2025-12-17 08:37:48.431703+00', '2025-12-22 08:59:59.477513+00', 'Aria', 'Perez 2', NULL, 'unknown', NULL, NULL, true, NULL, NULL, NULL, NULL, NULL);
INSERT INTO public.people (id, church_id, display_name, is_active, updated_at, created_at, first_name, last_name, goes_by, membership_status, first_visit_date, membership_date, care_notes_enabled, last_known_attendance, canonical_id, merged_at, legal_first_name, legal_last_name) VALUES ('796ea52b-9852-4c14-8ba3-9f59a91282f9', '84c66cbb-1f13-4ed2-8416-076755b5dc49', 'Sebastian Roberts 2', true, '2025-12-17 08:37:48.431703+00', '2025-12-22 08:59:59.477513+00', 'Sebastian', 'Roberts 2', NULL, 'unknown', NULL, NULL, true, NULL, NULL, NULL, NULL, NULL);
INSERT INTO public.people (id, church_id, display_name, is_active, updated_at, created_at, first_name, last_name, goes_by, membership_status, first_visit_date, membership_date, care_notes_enabled, last_known_attendance, canonical_id, merged_at, legal_first_name, legal_last_name) VALUES ('8cc3d731-b05f-4b01-8eed-f7429ca87cc7', '84c66cbb-1f13-4ed2-8416-076755b5dc49', 'Layla Turner 2', true, '2025-12-17 08:37:48.431703+00', '2025-12-22 08:59:59.477513+00', 'Layla', 'Turner 2', NULL, 'unknown', NULL, NULL, true, NULL, NULL, NULL, NULL, NULL);
INSERT INTO public.people (id, church_id, display_name, is_active, updated_at, created_at, first_name, last_name, goes_by, membership_status, first_visit_date, membership_date, care_notes_enabled, last_known_attendance, canonical_id, merged_at, legal_first_name, legal_last_name) VALUES ('efcd96e9-b478-49c7-bf79-35f79c5efc5a', '84c66cbb-1f13-4ed2-8416-076755b5dc49', 'Daniel Phillips 2', true, '2025-12-17 08:37:48.431703+00', '2025-12-22 08:59:59.477513+00', 'Daniel', 'Phillips 2', NULL, 'unknown', NULL, NULL, true, NULL, NULL, NULL, NULL, NULL);
INSERT INTO public.people (id, church_id, display_name, is_active, updated_at, created_at, first_name, last_name, goes_by, membership_status, first_visit_date, membership_date, care_notes_enabled, last_known_attendance, canonical_id, merged_at, legal_first_name, legal_last_name) VALUES ('90d504f6-2573-4fe4-b477-0af9460f78a7', '84c66cbb-1f13-4ed2-8416-076755b5dc49', 'Ruby Campbell 2', true, '2025-12-17 08:37:48.431703+00', '2025-12-22 08:59:59.477513+00', 'Ruby', 'Campbell 2', NULL, 'unknown', NULL, NULL, true, NULL, NULL, NULL, NULL, NULL);
INSERT INTO public.people (id, church_id, display_name, is_active, updated_at, created_at, first_name, last_name, goes_by, membership_status, first_visit_date, membership_date, care_notes_enabled, last_known_attendance, canonical_id, merged_at, legal_first_name, legal_last_name) VALUES ('ba0611dc-524a-4c80-b9e0-3df9e1d1c2f2', '84c66cbb-1f13-4ed2-8416-076755b5dc49', 'Finn Parker 2', true, '2025-12-17 08:37:48.431703+00', '2025-12-22 08:59:59.477513+00', 'Finn', 'Parker 2', NULL, 'unknown', NULL, NULL, true, NULL, NULL, NULL, NULL, NULL);
INSERT INTO public.people (id, church_id, display_name, is_active, updated_at, created_at, first_name, last_name, goes_by, membership_status, first_visit_date, membership_date, care_notes_enabled, last_known_attendance, canonical_id, merged_at, legal_first_name, legal_last_name) VALUES ('fb55cb9e-d1eb-49ab-a5f3-d65956196f27', '84c66cbb-1f13-4ed2-8416-076755b5dc49', 'Ivy Evans 2', true, '2025-12-17 08:37:48.431703+00', '2025-12-22 08:59:59.477513+00', 'Ivy', 'Evans 2', NULL, 'unknown', NULL, NULL, true, NULL, NULL, NULL, NULL, NULL);
INSERT INTO public.people (id, church_id, display_name, is_active, updated_at, created_at, first_name, last_name, goes_by, membership_status, first_visit_date, membership_date, care_notes_enabled, last_known_attendance, canonical_id, merged_at, legal_first_name, legal_last_name) VALUES ('38541fc5-f273-4733-9b78-fce3df7b0c2b', '84c66cbb-1f13-4ed2-8416-076755b5dc49', 'Ezra Edwards 2', true, '2025-12-17 08:37:48.431703+00', '2025-12-22 08:59:59.477513+00', 'Ezra', 'Edwards 2', NULL, 'unknown', NULL, NULL, true, NULL, NULL, NULL, NULL, NULL);
INSERT INTO public.people (id, church_id, display_name, is_active, updated_at, created_at, first_name, last_name, goes_by, membership_status, first_visit_date, membership_date, care_notes_enabled, last_known_attendance, canonical_id, merged_at, legal_first_name, legal_last_name) VALUES ('31a18919-101c-48b2-9a27-b5aa46dc5638', '84c66cbb-1f13-4ed2-8416-076755b5dc49', 'Hazel Collins 2', true, '2025-12-17 08:37:48.431703+00', '2025-12-22 08:59:59.477513+00', 'Hazel', 'Collins 2', NULL, 'unknown', NULL, NULL, true, NULL, NULL, NULL, NULL, NULL);
INSERT INTO public.people (id, church_id, display_name, is_active, updated_at, created_at, first_name, last_name, goes_by, membership_status, first_visit_date, membership_date, care_notes_enabled, last_known_attendance, canonical_id, merged_at, legal_first_name, legal_last_name) VALUES ('944ed90a-1b7d-48a1-b55c-68ba1a93cdd2', '84c66cbb-1f13-4ed2-8416-076755b5dc49', 'Miles Stewart 2', true, '2025-12-17 08:37:48.431703+00', '2025-12-22 08:59:59.477513+00', 'Miles', 'Stewart 2', NULL, 'unknown', NULL, NULL, true, NULL, NULL, NULL, NULL, NULL);
INSERT INTO public.people (id, church_id, display_name, is_active, updated_at, created_at, first_name, last_name, goes_by, membership_status, first_visit_date, membership_date, care_notes_enabled, last_known_attendance, canonical_id, merged_at, legal_first_name, legal_last_name) VALUES ('17e49374-ddd9-4b5b-9c74-a0b3e19baf08', '84c66cbb-1f13-4ed2-8416-076755b5dc49', 'Stella Sanchez 2', true, '2025-12-17 08:37:48.431703+00', '2025-12-22 08:59:59.477513+00', 'Stella', 'Sanchez 2', NULL, 'unknown', NULL, NULL, true, NULL, NULL, NULL, NULL, NULL);
INSERT INTO public.people (id, church_id, display_name, is_active, updated_at, created_at, first_name, last_name, goes_by, membership_status, first_visit_date, membership_date, care_notes_enabled, last_known_attendance, canonical_id, merged_at, legal_first_name, legal_last_name) VALUES ('099f64de-7251-468d-8ca8-7d8434e1f0f6', '84c66cbb-1f13-4ed2-8416-076755b5dc49', 'Elijah Morris 2', true, '2025-12-17 08:37:48.431703+00', '2025-12-22 08:59:59.477513+00', 'Elijah', 'Morris 2', NULL, 'unknown', NULL, NULL, true, NULL, NULL, NULL, NULL, NULL);
INSERT INTO public.people (id, church_id, display_name, is_active, updated_at, created_at, first_name, last_name, goes_by, membership_status, first_visit_date, membership_date, care_notes_enabled, last_known_attendance, canonical_id, merged_at, legal_first_name, legal_last_name) VALUES ('b442dce6-46d5-437a-adbf-427ceeb8183d', '84c66cbb-1f13-4ed2-8416-076755b5dc49', 'Violet Rogers 2', true, '2025-12-17 08:37:48.431703+00', '2025-12-22 08:59:59.477513+00', 'Violet', 'Rogers 2', NULL, 'unknown', NULL, NULL, true, NULL, NULL, NULL, NULL, NULL);
INSERT INTO public.people (id, church_id, display_name, is_active, updated_at, created_at, first_name, last_name, goes_by, membership_status, first_visit_date, membership_date, care_notes_enabled, last_known_attendance, canonical_id, merged_at, legal_first_name, legal_last_name) VALUES ('b728de85-474b-4ead-8b8e-83516fea28b5', '84c66cbb-1f13-4ed2-8416-076755b5dc49', 'Hudson Reed 2', true, '2025-12-17 08:37:48.431703+00', '2025-12-22 08:59:59.477513+00', 'Hudson', 'Reed 2', NULL, 'unknown', NULL, NULL, true, NULL, NULL, NULL, NULL, NULL);
INSERT INTO public.people (id, church_id, display_name, is_active, updated_at, created_at, first_name, last_name, goes_by, membership_status, first_visit_date, membership_date, care_notes_enabled, last_known_attendance, canonical_id, merged_at, legal_first_name, legal_last_name) VALUES ('d3255d91-d453-4c60-abb0-14ee025ae43e', '84c66cbb-1f13-4ed2-8416-076755b5dc49', 'Sienna Cook 2', true, '2025-12-17 08:37:48.431703+00', '2025-12-22 08:59:59.477513+00', 'Sienna', 'Cook 2', NULL, 'unknown', NULL, NULL, true, NULL, NULL, NULL, NULL, NULL);
INSERT INTO public.people (id, church_id, display_name, is_active, updated_at, created_at, first_name, last_name, goes_by, membership_status, first_visit_date, membership_date, care_notes_enabled, last_known_attendance, canonical_id, merged_at, legal_first_name, legal_last_name) VALUES ('de9eefa8-e0e8-4af8-b097-c273cad3774c', '84c66cbb-1f13-4ed2-8416-076755b5dc49', 'Logan Morgan 2', true, '2025-12-17 08:37:48.431703+00', '2025-12-22 08:59:59.477513+00', 'Logan', 'Morgan 2', NULL, 'unknown', NULL, NULL, true, NULL, NULL, NULL, NULL, NULL);
INSERT INTO public.people (id, church_id, display_name, is_active, updated_at, created_at, first_name, last_name, goes_by, membership_status, first_visit_date, membership_date, care_notes_enabled, last_known_attendance, canonical_id, merged_at, legal_first_name, legal_last_name) VALUES ('0572c16f-e907-45f2-8d24-ad3fdb9893f6', '84c66cbb-1f13-4ed2-8416-076755b5dc49', 'Penelope Bell 2', true, '2025-12-17 08:37:48.431703+00', '2025-12-22 08:59:59.477513+00', 'Penelope', 'Bell 2', NULL, 'unknown', NULL, NULL, true, NULL, NULL, NULL, NULL, NULL);
INSERT INTO public.people (id, church_id, display_name, is_active, updated_at, created_at, first_name, last_name, goes_by, membership_status, first_visit_date, membership_date, care_notes_enabled, last_known_attendance, canonical_id, merged_at, legal_first_name, legal_last_name) VALUES ('ae2bc8ef-c6d3-4ff1-9330-5490f1a0a16b', '84c66cbb-1f13-4ed2-8416-076755b5dc49', 'Carter Murphy 2', true, '2025-12-17 08:37:48.431703+00', '2025-12-22 08:59:59.477513+00', 'Carter', 'Murphy 2', NULL, 'unknown', NULL, NULL, true, NULL, NULL, NULL, NULL, NULL);
INSERT INTO public.people (id, church_id, display_name, is_active, updated_at, created_at, first_name, last_name, goes_by, membership_status, first_visit_date, membership_date, care_notes_enabled, last_known_attendance, canonical_id, merged_at, legal_first_name, legal_last_name) VALUES ('04e3549b-df11-443b-bdbf-20122baf4b45', '84c66cbb-1f13-4ed2-8416-076755b5dc49', 'Ava Nguyen 3', true, '2025-12-17 08:37:48.431703+00', '2025-12-22 08:59:59.477513+00', 'Ava', 'Nguyen 3', NULL, 'unknown', NULL, NULL, true, NULL, NULL, NULL, NULL, NULL);
INSERT INTO public.people (id, church_id, display_name, is_active, updated_at, created_at, first_name, last_name, goes_by, membership_status, first_visit_date, membership_date, care_notes_enabled, last_known_attendance, canonical_id, merged_at, legal_first_name, legal_last_name) VALUES ('d41979ef-a48f-45fe-8f69-471c359583c5', '84c66cbb-1f13-4ed2-8416-076755b5dc49', 'Noah Martinez 3', true, '2025-12-17 08:37:48.431703+00', '2025-12-22 08:59:59.477513+00', 'Noah', 'Martinez 3', NULL, 'unknown', NULL, NULL, true, NULL, NULL, NULL, NULL, NULL);
INSERT INTO public.people (id, church_id, display_name, is_active, updated_at, created_at, first_name, last_name, goes_by, membership_status, first_visit_date, membership_date, care_notes_enabled, last_known_attendance, canonical_id, merged_at, legal_first_name, legal_last_name) VALUES ('700e259a-3735-44c8-a7ed-66c5f6c1754a', '84c66cbb-1f13-4ed2-8416-076755b5dc49', 'Mia Johnson 3', true, '2025-12-17 08:37:48.431703+00', '2025-12-22 08:59:59.477513+00', 'Mia', 'Johnson 3', NULL, 'unknown', NULL, NULL, true, NULL, NULL, NULL, NULL, NULL);
INSERT INTO public.people (id, church_id, display_name, is_active, updated_at, created_at, first_name, last_name, goes_by, membership_status, first_visit_date, membership_date, care_notes_enabled, last_known_attendance, canonical_id, merged_at, legal_first_name, legal_last_name) VALUES ('518af343-eba2-451b-b021-4172f1c33a53', '84c66cbb-1f13-4ed2-8416-076755b5dc49', 'Ethan Kim 3', true, '2025-12-17 08:37:48.431703+00', '2025-12-22 08:59:59.477513+00', 'Ethan', 'Kim 3', NULL, 'unknown', NULL, NULL, true, NULL, NULL, NULL, NULL, NULL);
INSERT INTO public.people (id, church_id, display_name, is_active, updated_at, created_at, first_name, last_name, goes_by, membership_status, first_visit_date, membership_date, care_notes_enabled, last_known_attendance, canonical_id, merged_at, legal_first_name, legal_last_name) VALUES ('94364fc6-1c99-4814-9c45-d67fae801975', '84c66cbb-1f13-4ed2-8416-076755b5dc49', 'Sophia Lee 3', true, '2025-12-17 08:37:48.431703+00', '2025-12-22 08:59:59.477513+00', 'Sophia', 'Lee 3', NULL, 'unknown', NULL, NULL, true, NULL, NULL, NULL, NULL, NULL);
INSERT INTO public.people (id, church_id, display_name, is_active, updated_at, created_at, first_name, last_name, goes_by, membership_status, first_visit_date, membership_date, care_notes_enabled, last_known_attendance, canonical_id, merged_at, legal_first_name, legal_last_name) VALUES ('f284495f-3134-404f-9499-a7453e07a561', '84c66cbb-1f13-4ed2-8416-076755b5dc49', 'Liam Patel 3', true, '2025-12-17 08:37:48.431703+00', '2025-12-22 08:59:59.477513+00', 'Liam', 'Patel 3', NULL, 'unknown', NULL, NULL, true, NULL, NULL, NULL, NULL, NULL);
INSERT INTO public.people (id, church_id, display_name, is_active, updated_at, created_at, first_name, last_name, goes_by, membership_status, first_visit_date, membership_date, care_notes_enabled, last_known_attendance, canonical_id, merged_at, legal_first_name, legal_last_name) VALUES ('eec9a21d-a2a2-48b5-bf73-b99784683fff', '84c66cbb-1f13-4ed2-8416-076755b5dc49', 'Olivia Brown 3', true, '2025-12-17 08:37:48.431703+00', '2025-12-22 08:59:59.477513+00', 'Olivia', 'Brown 3', NULL, 'unknown', NULL, NULL, true, NULL, NULL, NULL, NULL, NULL);
INSERT INTO public.people (id, church_id, display_name, is_active, updated_at, created_at, first_name, last_name, goes_by, membership_status, first_visit_date, membership_date, care_notes_enabled, last_known_attendance, canonical_id, merged_at, legal_first_name, legal_last_name) VALUES ('e4d0564a-8456-4b7e-8128-f37e6a520694', '84c66cbb-1f13-4ed2-8416-076755b5dc49', 'Lucas Garcia 3', true, '2025-12-17 08:37:48.431703+00', '2025-12-22 08:59:59.477513+00', 'Lucas', 'Garcia 3', NULL, 'unknown', NULL, NULL, true, NULL, NULL, NULL, NULL, NULL);
INSERT INTO public.people (id, church_id, display_name, is_active, updated_at, created_at, first_name, last_name, goes_by, membership_status, first_visit_date, membership_date, care_notes_enabled, last_known_attendance, canonical_id, merged_at, legal_first_name, legal_last_name) VALUES ('722246ad-f466-4f33-8cdf-ab92a179c200', '84c66cbb-1f13-4ed2-8416-076755b5dc49', 'Isla Davis 3', true, '2025-12-17 08:37:48.431703+00', '2025-12-22 08:59:59.477513+00', 'Isla', 'Davis 3', NULL, 'unknown', NULL, NULL, true, NULL, NULL, NULL, NULL, NULL);
INSERT INTO public.people (id, church_id, display_name, is_active, updated_at, created_at, first_name, last_name, goes_by, membership_status, first_visit_date, membership_date, care_notes_enabled, last_known_attendance, canonical_id, merged_at, legal_first_name, legal_last_name) VALUES ('acb72c7f-56f0-4789-a1f9-e4373f1d6f3f', '84c66cbb-1f13-4ed2-8416-076755b5dc49', 'Henry Wilson 3', true, '2025-12-17 08:37:48.431703+00', '2025-12-22 08:59:59.477513+00', 'Henry', 'Wilson 3', NULL, 'unknown', NULL, NULL, true, NULL, NULL, NULL, NULL, NULL);
INSERT INTO public.people (id, church_id, display_name, is_active, updated_at, created_at, first_name, last_name, goes_by, membership_status, first_visit_date, membership_date, care_notes_enabled, last_known_attendance, canonical_id, merged_at, legal_first_name, legal_last_name) VALUES ('de1fd17a-43eb-4639-a7dc-85367022795c', '84c66cbb-1f13-4ed2-8416-076755b5dc49', 'Jack Lewis 3', true, '2025-12-17 08:37:48.431703+00', '2025-12-22 08:59:59.477513+00', 'Jack', 'Lewis 3', NULL, 'unknown', NULL, NULL, true, NULL, NULL, NULL, NULL, NULL);
INSERT INTO public.people (id, church_id, display_name, is_active, updated_at, created_at, first_name, last_name, goes_by, membership_status, first_visit_date, membership_date, care_notes_enabled, last_known_attendance, canonical_id, merged_at, legal_first_name, legal_last_name) VALUES ('f90ca73b-6d9a-420e-87bf-e9e7ae6d6898', '84c66cbb-1f13-4ed2-8416-076755b5dc49', 'Harper Walker 3', true, '2025-12-17 08:37:48.431703+00', '2025-12-22 08:59:59.477513+00', 'Harper', 'Walker 3', NULL, 'unknown', NULL, NULL, true, NULL, NULL, NULL, NULL, NULL);
INSERT INTO public.people (id, church_id, display_name, is_active, updated_at, created_at, first_name, last_name, goes_by, membership_status, first_visit_date, membership_date, care_notes_enabled, last_known_attendance, canonical_id, merged_at, legal_first_name, legal_last_name) VALUES ('ecae5e5e-34f8-4389-a0c5-486942746338', '84c66cbb-1f13-4ed2-8416-076755b5dc49', 'Leo Hall 3', true, '2025-12-17 08:37:48.431703+00', '2025-12-22 08:59:59.477513+00', 'Leo', 'Hall 3', NULL, 'unknown', NULL, NULL, true, NULL, NULL, NULL, NULL, NULL);
INSERT INTO public.people (id, church_id, display_name, is_active, updated_at, created_at, first_name, last_name, goes_by, membership_status, first_visit_date, membership_date, care_notes_enabled, last_known_attendance, canonical_id, merged_at, legal_first_name, legal_last_name) VALUES ('fafb36de-b62c-49a6-b407-5c2336568799', '84c66cbb-1f13-4ed2-8416-076755b5dc49', 'Ella Allen 3', true, '2025-12-17 08:37:48.431703+00', '2025-12-22 08:59:59.477513+00', 'Ella', 'Allen 3', NULL, 'unknown', NULL, NULL, true, NULL, NULL, NULL, NULL, NULL);
INSERT INTO public.people (id, church_id, display_name, is_active, updated_at, created_at, first_name, last_name, goes_by, membership_status, first_visit_date, membership_date, care_notes_enabled, last_known_attendance, canonical_id, merged_at, legal_first_name, legal_last_name) VALUES ('6212188c-8d65-400c-b7e9-0d095a548a88', '84c66cbb-1f13-4ed2-8416-076755b5dc49', 'Wyatt Young 3', true, '2025-12-17 08:37:48.431703+00', '2025-12-22 08:59:59.477513+00', 'Wyatt', 'Young 3', NULL, 'unknown', NULL, NULL, true, NULL, NULL, NULL, NULL, NULL);
INSERT INTO public.people (id, church_id, display_name, is_active, updated_at, created_at, first_name, last_name, goes_by, membership_status, first_visit_date, membership_date, care_notes_enabled, last_known_attendance, canonical_id, merged_at, legal_first_name, legal_last_name) VALUES ('4d2f3568-aeac-4418-928b-f2bfa29ece61', '84c66cbb-1f13-4ed2-8416-076755b5dc49', 'Chloe Hernandez 3', true, '2025-12-17 08:37:48.431703+00', '2025-12-22 08:59:59.477513+00', 'Chloe', 'Hernandez 3', NULL, 'unknown', NULL, NULL, true, NULL, NULL, NULL, NULL, NULL);
INSERT INTO public.people (id, church_id, display_name, is_active, updated_at, created_at, first_name, last_name, goes_by, membership_status, first_visit_date, membership_date, care_notes_enabled, last_known_attendance, canonical_id, merged_at, legal_first_name, legal_last_name) VALUES ('407b460e-8887-45b1-b556-e30f27cf3ac9', '84c66cbb-1f13-4ed2-8416-076755b5dc49', 'Mason King 3', true, '2025-12-17 08:37:48.431703+00', '2025-12-22 08:59:59.477513+00', 'Mason', 'King 3', NULL, 'unknown', NULL, NULL, true, NULL, NULL, NULL, NULL, NULL);
INSERT INTO public.people (id, church_id, display_name, is_active, updated_at, created_at, first_name, last_name, goes_by, membership_status, first_visit_date, membership_date, care_notes_enabled, last_known_attendance, canonical_id, merged_at, legal_first_name, legal_last_name) VALUES ('2ef528d5-c1e0-44b6-b0fc-af9b1fc7c7b1', '84c66cbb-1f13-4ed2-8416-076755b5dc49', 'Grace Wright 3', true, '2025-12-17 08:37:48.431703+00', '2025-12-22 08:59:59.477513+00', 'Grace', 'Wright 3', NULL, 'unknown', NULL, NULL, true, NULL, NULL, NULL, NULL, NULL);
INSERT INTO public.people (id, church_id, display_name, is_active, updated_at, created_at, first_name, last_name, goes_by, membership_status, first_visit_date, membership_date, care_notes_enabled, last_known_attendance, canonical_id, merged_at, legal_first_name, legal_last_name) VALUES ('0c64b31d-cf5d-4f8d-a928-4c0f251cf4ef', '84c66cbb-1f13-4ed2-8416-076755b5dc49', 'James Scott 3', true, '2025-12-17 08:37:48.431703+00', '2025-12-22 08:59:59.477513+00', 'James', 'Scott 3', NULL, 'unknown', NULL, NULL, true, NULL, NULL, NULL, NULL, NULL);
INSERT INTO public.people (id, church_id, display_name, is_active, updated_at, created_at, first_name, last_name, goes_by, membership_status, first_visit_date, membership_date, care_notes_enabled, last_known_attendance, canonical_id, merged_at, legal_first_name, legal_last_name) VALUES ('e616044f-7df2-4f96-9273-ee36d23c602e', '84c66cbb-1f13-4ed2-8416-076755b5dc49', 'Nora Green 3', true, '2025-12-17 08:37:48.431703+00', '2025-12-22 08:59:59.477513+00', 'Nora', 'Green 3', NULL, 'unknown', NULL, NULL, true, NULL, NULL, NULL, NULL, NULL);
INSERT INTO public.people (id, church_id, display_name, is_active, updated_at, created_at, first_name, last_name, goes_by, membership_status, first_visit_date, membership_date, care_notes_enabled, last_known_attendance, canonical_id, merged_at, legal_first_name, legal_last_name) VALUES ('1f401c69-2022-4130-8652-b94cf0b9e2f5', '84c66cbb-1f13-4ed2-8416-076755b5dc49', 'Caleb Baker 3', true, '2025-12-17 08:37:48.431703+00', '2025-12-22 08:59:59.477513+00', 'Caleb', 'Baker 3', NULL, 'unknown', NULL, NULL, true, NULL, NULL, NULL, NULL, NULL);
INSERT INTO public.people (id, church_id, display_name, is_active, updated_at, created_at, first_name, last_name, goes_by, membership_status, first_visit_date, membership_date, care_notes_enabled, last_known_attendance, canonical_id, merged_at, legal_first_name, legal_last_name) VALUES ('300bf9d1-f43f-429c-83f5-ddb2da3d1b93', '84c66cbb-1f13-4ed2-8416-076755b5dc49', 'Ash Mitchell 2', true, '2025-12-23 06:26:19.610164+00', '2025-12-22 08:59:59.477513+00', 'Asher', 'Mitchell 2', 'Ash', 'unknown', NULL, NULL, true, NULL, NULL, NULL, NULL, NULL);
INSERT INTO public.people (id, church_id, display_name, is_active, updated_at, created_at, first_name, last_name, goes_by, membership_status, first_visit_date, membership_date, care_notes_enabled, last_known_attendance, canonical_id, merged_at, legal_first_name, legal_last_name) VALUES ('28624550-0b1e-4966-9aaf-294cd4099e16', '84c66cbb-1f13-4ed2-8416-076755b5dc49', 'Rory Bailey', true, '2025-12-23 04:16:22.468762+00', '2025-12-22 08:59:59.477513+00', 'Aurora', 'Bailey', 'Rory', 'unknown', NULL, NULL, true, NULL, NULL, NULL, NULL, NULL);
INSERT INTO public.people (id, church_id, display_name, is_active, updated_at, created_at, first_name, last_name, goes_by, membership_status, first_visit_date, membership_date, care_notes_enabled, last_known_attendance, canonical_id, merged_at, legal_first_name, legal_last_name) VALUES ('2721a727-1a82-4658-b84b-d7d255c7325b', '84c66cbb-1f13-4ed2-8416-076755b5dc49', 'Zoe Adams 3', true, '2025-12-17 08:37:48.431703+00', '2025-12-22 08:59:59.477513+00', 'Zoe', 'Adams 3', NULL, 'unknown', NULL, NULL, true, NULL, NULL, NULL, NULL, NULL);
INSERT INTO public.people (id, church_id, display_name, is_active, updated_at, created_at, first_name, last_name, goes_by, membership_status, first_visit_date, membership_date, care_notes_enabled, last_known_attendance, canonical_id, merged_at, legal_first_name, legal_last_name) VALUES ('80cce6ea-50b1-4196-bb0e-d6db9cd5304c', '84c66cbb-1f13-4ed2-8416-076755b5dc49', 'Owen Nelson 3', true, '2025-12-17 08:37:48.431703+00', '2025-12-22 08:59:59.477513+00', 'Owen', 'Nelson 3', NULL, 'unknown', NULL, NULL, true, NULL, NULL, NULL, NULL, NULL);
INSERT INTO public.people (id, church_id, display_name, is_active, updated_at, created_at, first_name, last_name, goes_by, membership_status, first_visit_date, membership_date, care_notes_enabled, last_known_attendance, canonical_id, merged_at, legal_first_name, legal_last_name) VALUES ('e873ee16-8d74-4d42-8c86-c799503573f0', '84c66cbb-1f13-4ed2-8416-076755b5dc49', 'Lily Carter 3', true, '2025-12-17 08:37:48.431703+00', '2025-12-22 08:59:59.477513+00', 'Lily', 'Carter 3', NULL, 'unknown', NULL, NULL, true, NULL, NULL, NULL, NULL, NULL);
INSERT INTO public.people (id, church_id, display_name, is_active, updated_at, created_at, first_name, last_name, goes_by, membership_status, first_visit_date, membership_date, care_notes_enabled, last_known_attendance, canonical_id, merged_at, legal_first_name, legal_last_name) VALUES ('7623f1a9-f300-428d-bc97-587353bb6966', '84c66cbb-1f13-4ed2-8416-076755b5dc49', 'Asher Mitchell 3', true, '2025-12-17 08:37:48.431703+00', '2025-12-22 08:59:59.477513+00', 'Asher', 'Mitchell 3', NULL, 'unknown', NULL, NULL, true, NULL, NULL, NULL, NULL, NULL);
INSERT INTO public.people (id, church_id, display_name, is_active, updated_at, created_at, first_name, last_name, goes_by, membership_status, first_visit_date, membership_date, care_notes_enabled, last_known_attendance, canonical_id, merged_at, legal_first_name, legal_last_name) VALUES ('68749dff-e9b1-4890-b680-f76a0bb001b5', '84c66cbb-1f13-4ed2-8416-076755b5dc49', 'Sebastian Roberts 3', true, '2025-12-17 08:37:48.431703+00', '2025-12-22 08:59:59.477513+00', 'Sebastian', 'Roberts 3', NULL, 'unknown', NULL, NULL, true, NULL, NULL, NULL, NULL, NULL);
INSERT INTO public.people (id, church_id, display_name, is_active, updated_at, created_at, first_name, last_name, goes_by, membership_status, first_visit_date, membership_date, care_notes_enabled, last_known_attendance, canonical_id, merged_at, legal_first_name, legal_last_name) VALUES ('f709fe9e-d832-4c50-8c07-a53f3d722196', '84c66cbb-1f13-4ed2-8416-076755b5dc49', 'Layla Turner 3', true, '2025-12-17 08:37:48.431703+00', '2025-12-22 08:59:59.477513+00', 'Layla', 'Turner 3', NULL, 'unknown', NULL, NULL, true, NULL, NULL, NULL, NULL, NULL);
INSERT INTO public.people (id, church_id, display_name, is_active, updated_at, created_at, first_name, last_name, goes_by, membership_status, first_visit_date, membership_date, care_notes_enabled, last_known_attendance, canonical_id, merged_at, legal_first_name, legal_last_name) VALUES ('e28b58b2-bdf7-4f85-9f38-ce5822de559d', '84c66cbb-1f13-4ed2-8416-076755b5dc49', 'Daniel Phillips 3', true, '2025-12-17 08:37:48.431703+00', '2025-12-22 08:59:59.477513+00', 'Daniel', 'Phillips 3', NULL, 'unknown', NULL, NULL, true, NULL, NULL, NULL, NULL, NULL);
INSERT INTO public.people (id, church_id, display_name, is_active, updated_at, created_at, first_name, last_name, goes_by, membership_status, first_visit_date, membership_date, care_notes_enabled, last_known_attendance, canonical_id, merged_at, legal_first_name, legal_last_name) VALUES ('c5ffb6a9-b381-4b4d-8d15-d572a0e99a3c', '84c66cbb-1f13-4ed2-8416-076755b5dc49', 'Ruby Campbell 3', true, '2025-12-17 08:37:48.431703+00', '2025-12-22 08:59:59.477513+00', 'Ruby', 'Campbell 3', NULL, 'unknown', NULL, NULL, true, NULL, NULL, NULL, NULL, NULL);
INSERT INTO public.people (id, church_id, display_name, is_active, updated_at, created_at, first_name, last_name, goes_by, membership_status, first_visit_date, membership_date, care_notes_enabled, last_known_attendance, canonical_id, merged_at, legal_first_name, legal_last_name) VALUES ('0a251886-f3bf-4e5d-ae61-899cab424586', '84c66cbb-1f13-4ed2-8416-076755b5dc49', 'Finn Parker 3', true, '2025-12-17 08:37:48.431703+00', '2025-12-22 08:59:59.477513+00', 'Finn', 'Parker 3', NULL, 'unknown', NULL, NULL, true, NULL, NULL, NULL, NULL, NULL);
INSERT INTO public.people (id, church_id, display_name, is_active, updated_at, created_at, first_name, last_name, goes_by, membership_status, first_visit_date, membership_date, care_notes_enabled, last_known_attendance, canonical_id, merged_at, legal_first_name, legal_last_name) VALUES ('9f9b7b53-f0a7-4e6c-9052-7b7bbb0fe0bf', '84c66cbb-1f13-4ed2-8416-076755b5dc49', 'Ivy Evans 3', true, '2025-12-17 08:37:48.431703+00', '2025-12-22 08:59:59.477513+00', 'Ivy', 'Evans 3', NULL, 'unknown', NULL, NULL, true, NULL, NULL, NULL, NULL, NULL);
INSERT INTO public.people (id, church_id, display_name, is_active, updated_at, created_at, first_name, last_name, goes_by, membership_status, first_visit_date, membership_date, care_notes_enabled, last_known_attendance, canonical_id, merged_at, legal_first_name, legal_last_name) VALUES ('9a8369d2-5fff-4b01-9496-10cac43b8116', '84c66cbb-1f13-4ed2-8416-076755b5dc49', 'Ezra Edwards 3', true, '2025-12-17 08:37:48.431703+00', '2025-12-22 08:59:59.477513+00', 'Ezra', 'Edwards 3', NULL, 'unknown', NULL, NULL, true, NULL, NULL, NULL, NULL, NULL);
INSERT INTO public.people (id, church_id, display_name, is_active, updated_at, created_at, first_name, last_name, goes_by, membership_status, first_visit_date, membership_date, care_notes_enabled, last_known_attendance, canonical_id, merged_at, legal_first_name, legal_last_name) VALUES ('35b84f94-a388-4982-86fe-f1dc19d1c24f', '84c66cbb-1f13-4ed2-8416-076755b5dc49', 'Hazel Collins 3', true, '2025-12-17 08:37:48.431703+00', '2025-12-22 08:59:59.477513+00', 'Hazel', 'Collins 3', NULL, 'unknown', NULL, NULL, true, NULL, NULL, NULL, NULL, NULL);
INSERT INTO public.people (id, church_id, display_name, is_active, updated_at, created_at, first_name, last_name, goes_by, membership_status, first_visit_date, membership_date, care_notes_enabled, last_known_attendance, canonical_id, merged_at, legal_first_name, legal_last_name) VALUES ('1a7836fd-d4c3-4650-a248-9f41db854418', '84c66cbb-1f13-4ed2-8416-076755b5dc49', 'Miles Stewart 3', true, '2025-12-17 08:37:48.431703+00', '2025-12-22 08:59:59.477513+00', 'Miles', 'Stewart 3', NULL, 'unknown', NULL, NULL, true, NULL, NULL, NULL, NULL, NULL);
INSERT INTO public.people (id, church_id, display_name, is_active, updated_at, created_at, first_name, last_name, goes_by, membership_status, first_visit_date, membership_date, care_notes_enabled, last_known_attendance, canonical_id, merged_at, legal_first_name, legal_last_name) VALUES ('d9b64d9b-2fbe-481f-93d0-1f78c2105289', '84c66cbb-1f13-4ed2-8416-076755b5dc49', 'Stella Sanchez 3', true, '2025-12-17 08:37:48.431703+00', '2025-12-22 08:59:59.477513+00', 'Stella', 'Sanchez 3', NULL, 'unknown', NULL, NULL, true, NULL, NULL, NULL, NULL, NULL);
INSERT INTO public.people (id, church_id, display_name, is_active, updated_at, created_at, first_name, last_name, goes_by, membership_status, first_visit_date, membership_date, care_notes_enabled, last_known_attendance, canonical_id, merged_at, legal_first_name, legal_last_name) VALUES ('f57d47c5-c712-4176-939f-fc574d2d8796', '84c66cbb-1f13-4ed2-8416-076755b5dc49', 'Elijah Morris 3', true, '2025-12-17 08:37:48.431703+00', '2025-12-22 08:59:59.477513+00', 'Elijah', 'Morris 3', NULL, 'unknown', NULL, NULL, true, NULL, NULL, NULL, NULL, NULL);
INSERT INTO public.people (id, church_id, display_name, is_active, updated_at, created_at, first_name, last_name, goes_by, membership_status, first_visit_date, membership_date, care_notes_enabled, last_known_attendance, canonical_id, merged_at, legal_first_name, legal_last_name) VALUES ('bb291055-1d99-4fe0-b125-9ae0f517ff78', '84c66cbb-1f13-4ed2-8416-076755b5dc49', 'Violet Rogers 3', true, '2025-12-17 08:37:48.431703+00', '2025-12-22 08:59:59.477513+00', 'Violet', 'Rogers 3', NULL, 'unknown', NULL, NULL, true, NULL, NULL, NULL, NULL, NULL);
INSERT INTO public.people (id, church_id, display_name, is_active, updated_at, created_at, first_name, last_name, goes_by, membership_status, first_visit_date, membership_date, care_notes_enabled, last_known_attendance, canonical_id, merged_at, legal_first_name, legal_last_name) VALUES ('821f7eec-2da9-452a-ba2f-91c063536a69', '84c66cbb-1f13-4ed2-8416-076755b5dc49', 'Hudson Reed 3', true, '2025-12-17 08:37:48.431703+00', '2025-12-22 08:59:59.477513+00', 'Hudson', 'Reed 3', NULL, 'unknown', NULL, NULL, true, NULL, NULL, NULL, NULL, NULL);
INSERT INTO public.people (id, church_id, display_name, is_active, updated_at, created_at, first_name, last_name, goes_by, membership_status, first_visit_date, membership_date, care_notes_enabled, last_known_attendance, canonical_id, merged_at, legal_first_name, legal_last_name) VALUES ('76dd37b2-ab9f-4747-9567-defd1fc3ab11', '84c66cbb-1f13-4ed2-8416-076755b5dc49', 'Rhys Perez 3', true, '2025-12-23 06:26:45.839839+00', '2025-12-22 08:59:59.477513+00', 'Aria', 'Perez 3', 'Rhys', 'unknown', NULL, NULL, true, NULL, NULL, NULL, NULL, NULL);
INSERT INTO public.people (id, church_id, display_name, is_active, updated_at, created_at, first_name, last_name, goes_by, membership_status, first_visit_date, membership_date, care_notes_enabled, last_known_attendance, canonical_id, merged_at, legal_first_name, legal_last_name) VALUES ('34917424-8630-45c3-9081-4ae468e831af', '84c66cbb-1f13-4ed2-8416-076755b5dc49', 'AJ Jordan', true, '2025-12-31 06:52:04.077467+00', '2025-12-31 06:52:04.077467+00', 'Armani', 'Jordan', 'AJ', 'unknown', NULL, NULL, true, NULL, NULL, NULL, NULL, NULL);
INSERT INTO public.people (id, church_id, display_name, is_active, updated_at, created_at, first_name, last_name, goes_by, membership_status, first_visit_date, membership_date, care_notes_enabled, last_known_attendance, canonical_id, merged_at, legal_first_name, legal_last_name) VALUES ('86c72c3b-53aa-4675-8e49-4d6ff650ed13', 'a8c2c7ab-836a-4ef1-a373-562e20babb76', 'Ps Ima Person', true, '2026-01-02 06:25:49.794334+00', '2025-12-22 08:59:59.477513+00', 'Imaginary', 'Person', 'Ps Ima', 'unknown', NULL, NULL, true, NULL, NULL, NULL, NULL, NULL);


--
-- Data for Name: addresses; Type: TABLE DATA; Schema: public; Owner: worship
--

INSERT INTO public.addresses (id, church_id, person_id, street, city, state, postal_code, country, label, created_at, line1, line2, region, lat, lng, timezone, campus_id, family_id) VALUES ('78a825b4-1d6f-41a5-a179-f7544af7d89e', 'a8c2c7ab-836a-4ef1-a373-562e20babb76', 'a41f0afd-3d01-46cf-8fe9-8a6d16ff3771', '123 Maple Avenue', 'Springfield', 'IL', '62704', 'US', 'Home', '2025-12-14 05:11:42.749052+00', NULL, NULL, NULL, NULL, NULL, NULL, NULL, NULL);
INSERT INTO public.addresses (id, church_id, person_id, street, city, state, postal_code, country, label, created_at, line1, line2, region, lat, lng, timezone, campus_id, family_id) VALUES ('3957bbd3-5603-4435-971d-ca7bd68e3499', 'a8c2c7ab-836a-4ef1-a373-562e20babb76', 'c552ecce-8c0d-46e9-9309-d6b606b3fddd', '4500 Tech Park Blvd', 'Austin', 'TX', '78701', 'US', 'Work', '2025-12-14 05:11:42.749052+00', NULL, NULL, NULL, NULL, NULL, NULL, NULL, NULL);
INSERT INTO public.addresses (id, church_id, person_id, street, city, state, postal_code, country, label, created_at, line1, line2, region, lat, lng, timezone, campus_id, family_id) VALUES ('bc05991a-b504-4d65-9ac7-618d82e49850', 'a8c2c7ab-836a-4ef1-a373-562e20babb76', 'c552ecce-8c0d-46e9-9309-d6b606b3fddd', '88 Quiet Lane', 'Austin', 'TX', '78745', 'US', 'Home', '2025-12-14 05:11:42.749052+00', NULL, NULL, NULL, NULL, NULL, NULL, NULL, NULL);
INSERT INTO public.addresses (id, church_id, person_id, street, city, state, postal_code, country, label, created_at, line1, line2, region, lat, lng, timezone, campus_id, family_id) VALUES ('e757131a-710e-462a-9729-c74f2f9eadd6', 'a8c2c7ab-836a-4ef1-a373-562e20babb76', '7b707846-59f0-4dd2-82be-0bacd500908a', '772 Oak Street', 'Portland', 'OR', '97204', 'US', 'Home', '2025-12-14 05:11:42.749052+00', NULL, NULL, NULL, NULL, NULL, NULL, NULL, NULL);
INSERT INTO public.addresses (id, church_id, person_id, street, city, state, postal_code, country, label, created_at, line1, line2, region, lat, lng, timezone, campus_id, family_id) VALUES ('a3e08ef0-e50d-44b9-b590-ba9eb4b45770', 'a8c2c7ab-836a-4ef1-a373-562e20babb76', '00a395fc-5999-4c21-876e-5a272763068f', '10 Downing Street', 'London', 'London', 'SW1A 2AA', 'UK', 'Work', '2025-12-14 05:11:42.749052+00', NULL, NULL, NULL, NULL, NULL, NULL, NULL, NULL);
INSERT INTO public.addresses (id, church_id, person_id, street, city, state, postal_code, country, label, created_at, line1, line2, region, lat, lng, timezone, campus_id, family_id) VALUES ('22f00047-5ca5-4836-a8b1-9c27eb155c8c', 'a8c2c7ab-836a-4ef1-a373-562e20babb76', '6ad847be-d884-49ff-9814-7cb387736c96', '1423 South Pine Street', 'Tacoma', 'WA', '98405', 'US', 'Home', '2025-12-14 08:19:30.198816+00', NULL, NULL, NULL, NULL, NULL, NULL, NULL, NULL);
INSERT INTO public.addresses (id, church_id, person_id, street, city, state, postal_code, country, label, created_at, line1, line2, region, lat, lng, timezone, campus_id, family_id) VALUES ('66edb04d-cdb5-404c-b668-1d1cbe44c737', 'a8c2c7ab-836a-4ef1-a373-562e20babb76', 'aa70eb2e-077f-4bdf-9078-0f2e0c8bf0fd', '2847 Hemlock Street NE', 'Auburn', 'WA', '98002', 'US', 'Home', '2025-12-14 08:19:30.198816+00', NULL, NULL, NULL, NULL, NULL, NULL, NULL, NULL);
INSERT INTO public.addresses (id, church_id, person_id, street, city, state, postal_code, country, label, created_at, line1, line2, region, lat, lng, timezone, campus_id, family_id) VALUES ('3979246e-11c3-4d72-843f-d39c001a5376', 'a8c2c7ab-836a-4ef1-a373-562e20babb76', '8644e9d4-f82f-4453-a34f-18e7c887fbeb', '14523 NE 8th Street', 'Bellevue', 'WA', '98007', 'US', 'Home', '2025-12-14 08:19:30.198816+00', NULL, NULL, NULL, NULL, NULL, NULL, NULL, NULL);
INSERT INTO public.addresses (id, church_id, person_id, street, city, state, postal_code, country, label, created_at, line1, line2, region, lat, lng, timezone, campus_id, family_id) VALUES ('cf8199c4-3607-4d60-b6fc-f5f97010d6a7', 'a8c2c7ab-836a-4ef1-a373-562e20babb76', '8644e9d4-f82f-4453-a34f-18e7c887fbeb', '500 110th Avenue NE', 'Bellevue', 'WA', '98004', 'US', 'Work', '2025-12-14 08:19:30.198816+00', NULL, NULL, NULL, NULL, NULL, NULL, NULL, NULL);
INSERT INTO public.addresses (id, church_id, person_id, street, city, state, postal_code, country, label, created_at, line1, line2, region, lat, lng, timezone, campus_id, family_id) VALUES ('d9e7f9fb-4038-4880-b6f0-478ba9f875cf', 'a8c2c7ab-836a-4ef1-a373-562e20babb76', '597c84be-34b7-4b5f-b433-014d91cc1963', '9842 SE 256th Street', 'Kent', 'WA', '98030', 'US', 'Home', '2025-12-14 08:19:30.198816+00', NULL, NULL, NULL, NULL, NULL, NULL, NULL, NULL);
INSERT INTO public.addresses (id, church_id, person_id, street, city, state, postal_code, country, label, created_at, line1, line2, region, lat, lng, timezone, campus_id, family_id) VALUES ('beecb417-20a7-4f64-b3ec-32c73eb93715', 'a8c2c7ab-836a-4ef1-a373-562e20babb76', NULL, NULL, 'Auburn, WA', NULL, NULL, 'US', 'Main Campus', '2025-12-17 07:58:15.960541+00', '123 Church Street, Auburn, WA 98001', NULL, NULL, NULL, NULL, 'America/Los_Angeles', NULL, NULL);
INSERT INTO public.addresses (id, church_id, person_id, street, city, state, postal_code, country, label, created_at, line1, line2, region, lat, lng, timezone, campus_id, family_id) VALUES ('de018360-20d1-4026-a288-11a2e8e3a4f4', 'a8c2c7ab-836a-4ef1-a373-562e20babb76', NULL, NULL, 'Federal Way, WA', NULL, NULL, 'US', 'North Campus', '2025-12-17 07:58:15.960541+00', '456 Worship Lane, Federal Way, WA 98003', NULL, NULL, NULL, NULL, 'America/Los_Angeles', NULL, NULL);
INSERT INTO public.addresses (id, church_id, person_id, street, city, state, postal_code, country, label, created_at, line1, line2, region, lat, lng, timezone, campus_id, family_id) VALUES ('50292101-ac96-4d07-aee3-d94244063191', 'a8c2c7ab-836a-4ef1-a373-562e20babb76', NULL, NULL, 'Tacoma, WA', NULL, NULL, 'US', 'South Campus', '2025-12-17 07:58:15.960541+00', '789 Faith Avenue, Tacoma, WA 98401', NULL, NULL, NULL, NULL, 'America/Los_Angeles', NULL, NULL);
INSERT INTO public.addresses (id, church_id, person_id, street, city, state, postal_code, country, label, created_at, line1, line2, region, lat, lng, timezone, campus_id, family_id) VALUES ('034c06b1-66a9-48ff-8632-a77f9ededef0', '84c66cbb-1f13-4ed2-8416-076755b5dc49', NULL, NULL, 'Seattle', NULL, NULL, 'US', 'BALLARD', '2025-12-17 08:32:17.249486+00', 'Ballard Campus (Satellite)', NULL, 'WA', NULL, NULL, 'America/Los_Angeles', NULL, NULL);
INSERT INTO public.addresses (id, church_id, person_id, street, city, state, postal_code, country, label, created_at, line1, line2, region, lat, lng, timezone, campus_id, family_id) VALUES ('cf2d8b78-a30a-4d77-9d82-5da5989379b9', '84c66cbb-1f13-4ed2-8416-076755b5dc49', NULL, NULL, 'Bothell', NULL, NULL, 'US', 'EASTSIDE', '2025-12-17 08:32:17.249486+00', 'Eastside Campus (Satellite)', NULL, 'WA', NULL, NULL, 'America/Los_Angeles', NULL, NULL);
INSERT INTO public.addresses (id, church_id, person_id, street, city, state, postal_code, country, label, created_at, line1, line2, region, lat, lng, timezone, campus_id, family_id) VALUES ('ce58b8be-a77d-486d-b18a-b550e2821913', '84c66cbb-1f13-4ed2-8416-076755b5dc49', NULL, NULL, 'Seattle', NULL, NULL, 'US', 'GREEN LAKE', '2025-12-17 08:32:17.249486+00', 'Green Lake Campus (Main Campus)', NULL, 'WA', NULL, NULL, 'America/Los_Angeles', NULL, NULL);
INSERT INTO public.addresses (id, church_id, person_id, street, city, state, postal_code, country, label, created_at, line1, line2, region, lat, lng, timezone, campus_id, family_id) VALUES ('df3518a3-0ee1-4121-a0f3-e7f97e5a4c7c', '84c66cbb-1f13-4ed2-8416-076755b5dc49', NULL, NULL, 'Shoreline', NULL, NULL, 'US', 'NORTH', '2025-12-17 08:32:17.249486+00', 'North Campus (Satellite)', NULL, 'WA', NULL, NULL, 'America/Los_Angeles', NULL, NULL);
INSERT INTO public.addresses (id, church_id, person_id, street, city, state, postal_code, country, label, created_at, line1, line2, region, lat, lng, timezone, campus_id, family_id) VALUES ('99941ff8-b7ae-49fe-9e02-475ecd82a195', '84c66cbb-1f13-4ed2-8416-076755b5dc49', NULL, NULL, 'Seattle', NULL, NULL, 'US', 'NORTHEAST', '2025-12-17 08:32:17.249486+00', 'Northeast Campus (Satellite)', NULL, 'WA', NULL, NULL, 'America/Los_Angeles', NULL, NULL);
INSERT INTO public.addresses (id, church_id, person_id, street, city, state, postal_code, country, label, created_at, line1, line2, region, lat, lng, timezone, campus_id, family_id) VALUES ('2951d58d-3896-40bf-907a-6b12beeb5722', '84c66cbb-1f13-4ed2-8416-076755b5dc49', NULL, NULL, 'Seattle', NULL, NULL, 'US', 'WEST SEATTLE', '2025-12-17 08:32:17.249486+00', 'West Seattle Campus (Satellite)', NULL, 'WA', NULL, NULL, 'America/Los_Angeles', NULL, NULL);
INSERT INTO public.addresses (id, church_id, person_id, street, city, state, postal_code, country, label, created_at, line1, line2, region, lat, lng, timezone, campus_id, family_id) VALUES ('e752917e-52d1-4dd4-9179-23dca5b456d5', '84c66cbb-1f13-4ed2-8416-076755b5dc49', '7576bf6e-4929-4fc1-b4a3-534db9ae07fd', NULL, 'Kent', 'WA', '98042-5325', 'US', 'Home', '2025-12-31 18:21:44.969112+00', '18331 SE 286th St', NULL, NULL, NULL, NULL, NULL, NULL, NULL);
INSERT INTO public.addresses (id, church_id, person_id, street, city, state, postal_code, country, label, created_at, line1, line2, region, lat, lng, timezone, campus_id, family_id) VALUES ('c26dbfe2-df15-4d4f-b5e0-dfa6d56c50c0', 'a8c2c7ab-836a-4ef1-a373-562e20babb76', '7b707846-59f0-4dd2-82be-0bacd500908a', '892 Maple Avenue', 'Federal Way', 'WA', '98003', 'US', 'Home', '2025-12-14 08:26:06.039619+00', NULL, NULL, NULL, NULL, NULL, NULL, NULL, '464b2c8a-5deb-4e99-8307-afe4f2ae6665');
INSERT INTO public.addresses (id, church_id, person_id, street, city, state, postal_code, country, label, created_at, line1, line2, region, lat, lng, timezone, campus_id, family_id) VALUES ('29120a96-e245-4c91-abe9-e60afdb7d728', 'a8c2c7ab-836a-4ef1-a373-562e20babb76', 'da4be703-3c01-4770-a0c8-fdc67ca188d8', '2847 Hemlock Street NE', 'Auburn', 'WA', '98002', 'US', 'Home', '2025-12-14 08:19:30.198816+00', NULL, NULL, NULL, NULL, NULL, NULL, NULL, '9731d8dd-dce4-4581-bdfe-7223910f9c66');
INSERT INTO public.addresses (id, church_id, person_id, street, city, state, postal_code, country, label, created_at, line1, line2, region, lat, lng, timezone, campus_id, family_id) VALUES ('30a5aaa3-b7ef-47f5-b40a-caba8dc0a25b', '84c66cbb-1f13-4ed2-8416-076755b5dc49', NULL, NULL, 'Kent', 'WA', '98042-5325', 'US', 'Home', '2025-12-31 18:21:23.526801+00', '18331 SE 286th St', NULL, NULL, NULL, NULL, NULL, NULL, '78e98df4-a968-4197-a100-47772f22af32');
INSERT INTO public.addresses (id, church_id, person_id, street, city, state, postal_code, country, label, created_at, line1, line2, region, lat, lng, timezone, campus_id, family_id) VALUES ('2c6a017d-2fdc-4ccc-a30d-0146369dd1e4', '84c66cbb-1f13-4ed2-8416-076755b5dc49', NULL, NULL, 'Santa Ana ', 'CA', '92711', 'US', 'Mailing', '2025-12-31 18:41:37.475413+00', 'PO Box A', NULL, NULL, NULL, NULL, NULL, NULL, '78e98df4-a968-4197-a100-47772f22af32');
INSERT INTO public.addresses (id, church_id, person_id, street, city, state, postal_code, country, label, created_at, line1, line2, region, lat, lng, timezone, campus_id, family_id) VALUES ('4b2e441d-0504-4853-a519-47cdc81f0f23', '84c66cbb-1f13-4ed2-8416-076755b5dc49', '12ae7136-e696-4914-b471-16e947c29b4e', NULL, 'Kent', 'WA', '98042', 'US', 'Home', '2026-01-01 06:20:10.65288+00', '223 Church St', 'Apt 2a', NULL, NULL, NULL, NULL, NULL, NULL);
INSERT INTO public.addresses (id, church_id, person_id, street, city, state, postal_code, country, label, created_at, line1, line2, region, lat, lng, timezone, campus_id, family_id) VALUES ('a68ccf0f-e68d-48d0-ae05-fe452aa935c9', '84c66cbb-1f13-4ed2-8416-076755b5dc49', '1050415f-929c-4e22-a93b-c94ccdb8cda1', NULL, 'Monroe', 'WA', NULL, 'US', 'Home', '2026-01-05 07:36:30.392867+00', '1401 Main Street', NULL, NULL, NULL, NULL, NULL, NULL, NULL);


--
-- Data for Name: app_users; Type: TABLE DATA; Schema: public; Owner: worship
--



--
-- Data for Name: contexts; Type: TABLE DATA; Schema: public; Owner: worship
--

INSERT INTO public.contexts (id, church_id, name, description, is_active) VALUES ('f90a130e-b281-48ae-a512-bfdcda514a7f', 'a8c2c7ab-836a-4ef1-a373-562e20babb76', 'Sunday AM', 'Main Sunday morning worship service', true);
INSERT INTO public.contexts (id, church_id, name, description, is_active) VALUES ('577d8d31-2441-4e68-9e31-b2dd70b5fdec', 'a8c2c7ab-836a-4ef1-a373-562e20babb76', 'Wednesday Night', 'Midweek prayer and worship service', true);
INSERT INTO public.contexts (id, church_id, name, description, is_active) VALUES ('f60058bb-4641-4deb-9483-948c64555d65', 'a8c2c7ab-836a-4ef1-a373-562e20babb76', 'Youth Service', 'Friday night youth gathering', true);
INSERT INTO public.contexts (id, church_id, name, description, is_active) VALUES ('9d01cdb3-9c9a-4379-9bad-4cdcd5e7deaf', 'a8c2c7ab-836a-4ef1-a373-562e20babb76', 'Special Events', 'Easter, Christmas, Good Friday, etc.', true);
INSERT INTO public.contexts (id, church_id, name, description, is_active) VALUES ('51b5baf8-8397-455d-b3be-2682acdb9d2e', '84c66cbb-1f13-4ed2-8416-076755b5dc49', 'Youth', NULL, true);
INSERT INTO public.contexts (id, church_id, name, description, is_active) VALUES ('f429df16-3ddc-478d-809e-1c60c79f6084', '84c66cbb-1f13-4ed2-8416-076755b5dc49', 'Sunday AM', NULL, true);


--
-- Data for Name: teams; Type: TABLE DATA; Schema: public; Owner: worship
--

INSERT INTO public.teams (id, church_id, name, description, color, icon, is_active, display_order, created_at) VALUES ('d611b652-def9-4f83-817e-f0f297a9ec50', '84c66cbb-1f13-4ed2-8416-076755b5dc49', 'KidMin', 'Teachers, Small Group Leaders, Check-in, Hosts', '#f59e0b', '', true, 4, '2025-12-31 05:52:25.940079+00');
INSERT INTO public.teams (id, church_id, name, description, color, icon, is_active, display_order, created_at) VALUES ('4b930077-a1b4-454a-8f2e-952a4d6e0570', '84c66cbb-1f13-4ed2-8416-076755b5dc49', 'Student Ministry (Youth)', 'Small Group Leaders, Event Coordinators, Mentors, Teachers', '#84cc16', '', true, 7, '2025-12-31 06:08:11.185497+00');
INSERT INTO public.teams (id, church_id, name, description, color, icon, is_active, display_order, created_at) VALUES ('f51d3c8c-5637-4096-9cc7-a4fb07658f76', '84c66cbb-1f13-4ed2-8416-076755b5dc49', 'Guest Services/Hospitality', 'Greeters, Ushers, Connection Team, Coffee Bar Staff', '#10b981', '', true, 3, '2025-12-31 05:52:25.940079+00');
INSERT INTO public.teams (id, church_id, name, description, color, icon, is_active, display_order, created_at) VALUES ('cf5fa0c9-d5c0-4456-977f-56bb68ce1c6b', '84c66cbb-1f13-4ed2-8416-076755b5dc49', 'Operations', 'Events, Setup/Teardown, Custodial, Building Security, Parking, and safety', '#ef4444', '', true, 5, '2025-12-31 05:52:25.940079+00');
INSERT INTO public.teams (id, church_id, name, description, color, icon, is_active, display_order, created_at) VALUES ('09584b0e-30a0-450d-b110-89e8c675dc53', '84c66cbb-1f13-4ed2-8416-076755b5dc49', 'Worship Team', 'Musicians (Guitar, Drums, Vocals) & Worship Leaders, Music Director', '#667eea', '', true, 1, '2025-12-31 05:52:25.940079+00');
INSERT INTO public.teams (id, church_id, name, description, color, icon, is_active, display_order, created_at) VALUES ('8256d23b-cb3c-4b24-9938-4bfcff40db4c', '84c66cbb-1f13-4ed2-8416-076755b5dc49', 'Production', 'Stage management and service coordination', '#8b5cf6', '', false, 6, '2025-12-31 05:52:25.940079+00');
INSERT INTO public.teams (id, church_id, name, description, color, icon, is_active, display_order, created_at) VALUES ('84e832ac-c94d-431b-a630-4d19f4df70d3', '84c66cbb-1f13-4ed2-8416-076755b5dc49', 'Tech/Production', 'Sound Engineer (FOH or Livestream), Lighting Designer, Slide Operator/Media Tech, Producers, Service Coordinator', '#3b82f6', '', true, 2, '2025-12-31 05:52:25.940079+00');
INSERT INTO public.teams (id, church_id, name, description, color, icon, is_active, display_order, created_at) VALUES ('9c22ccbd-44ab-4ac5-b449-73b04339301e', '84c66cbb-1f13-4ed2-8416-076755b5dc49', 'Service Team', NULL, '#06b6d4', '', true, 8, '2025-12-31 06:35:15.48148+00');
INSERT INTO public.teams (id, church_id, name, description, color, icon, is_active, display_order, created_at) VALUES ('a1470116-14c2-45ee-ae77-18822ffa04c2', '84c66cbb-1f13-4ed2-8416-076755b5dc49', 'Prayer Team', NULL, '#ec4899', '', true, 9, '2025-12-31 06:42:17.293383+00');


--
-- Data for Name: roles; Type: TABLE DATA; Schema: public; Owner: worship
--

INSERT INTO public.roles (id, church_id, name, load_weight, ministry_area, description, is_active, body_parts, team_id) VALUES ('88f29648-b2d1-41ec-ad01-83438465d699', 'a8c2c7ab-836a-4ef1-a373-562e20babb76', 'MD', 15, NULL, NULL, true, '{}', NULL);
INSERT INTO public.roles (id, church_id, name, load_weight, ministry_area, description, is_active, body_parts, team_id) VALUES ('1fcd0d13-b67a-42e3-a3da-c1871ad1f1e8', 'a8c2c7ab-836a-4ef1-a373-562e20babb76', 'Electric Guitar', 10, NULL, NULL, true, '{}', NULL);
INSERT INTO public.roles (id, church_id, name, load_weight, ministry_area, description, is_active, body_parts, team_id) VALUES ('2bd0c01f-924a-4246-8ad2-3fd53461a346', 'a8c2c7ab-836a-4ef1-a373-562e20babb76', 'Lead Vocal', 12, NULL, NULL, true, '{}', NULL);
INSERT INTO public.roles (id, church_id, name, load_weight, ministry_area, description, is_active, body_parts, team_id) VALUES ('f654eb0e-7156-473f-8a32-116dddbe0b12', 'a8c2c7ab-836a-4ef1-a373-562e20babb76', 'Keys', 10, NULL, NULL, true, '{}', NULL);
INSERT INTO public.roles (id, church_id, name, load_weight, ministry_area, description, is_active, body_parts, team_id) VALUES ('596cac55-f869-4f4e-aec1-7d90486a16e3', 'a8c2c7ab-836a-4ef1-a373-562e20babb76', 'Drums', 12, NULL, NULL, true, '{}', NULL);
INSERT INTO public.roles (id, church_id, name, load_weight, ministry_area, description, is_active, body_parts, team_id) VALUES ('40183b52-e686-48f1-8094-b85368c3d2e7', 'a8c2c7ab-836a-4ef1-a373-562e20babb76', 'Worship Leader', 25, NULL, NULL, true, '{}', NULL);
INSERT INTO public.roles (id, church_id, name, load_weight, ministry_area, description, is_active, body_parts, team_id) VALUES ('058a4ba0-6677-4ee7-9b01-16e88eeb1b24', 'a8c2c7ab-836a-4ef1-a373-562e20babb76', 'Vocalist', 10, NULL, NULL, true, '{}', NULL);
INSERT INTO public.roles (id, church_id, name, load_weight, ministry_area, description, is_active, body_parts, team_id) VALUES ('4cae3438-1218-4ca0-b3e4-0eb6d79af5fe', 'a8c2c7ab-836a-4ef1-a373-562e20babb76', 'Keys/Piano', 15, NULL, NULL, true, '{}', NULL);
INSERT INTO public.roles (id, church_id, name, load_weight, ministry_area, description, is_active, body_parts, team_id) VALUES ('c5b8a916-51ef-4999-88ba-1ee0e4df288f', 'a8c2c7ab-836a-4ef1-a373-562e20babb76', 'Guitar', 15, NULL, NULL, true, '{}', NULL);
INSERT INTO public.roles (id, church_id, name, load_weight, ministry_area, description, is_active, body_parts, team_id) VALUES ('cd95842c-1f42-40a5-bd33-d46f76443bf6', 'a8c2c7ab-836a-4ef1-a373-562e20babb76', 'Bass', 15, NULL, NULL, true, '{}', NULL);
INSERT INTO public.roles (id, church_id, name, load_weight, ministry_area, description, is_active, body_parts, team_id) VALUES ('e03a8445-2d04-44ee-9bc1-2193388974e8', 'a8c2c7ab-836a-4ef1-a373-562e20babb76', 'Sound Tech', 20, NULL, NULL, true, '{}', NULL);
INSERT INTO public.roles (id, church_id, name, load_weight, ministry_area, description, is_active, body_parts, team_id) VALUES ('fb28a02b-b47d-4c7b-851c-b5808ddb94e7', 'a8c2c7ab-836a-4ef1-a373-562e20babb76', 'Lighting Tech', 15, NULL, NULL, true, '{}', NULL);
INSERT INTO public.roles (id, church_id, name, load_weight, ministry_area, description, is_active, body_parts, team_id) VALUES ('0b9511a5-3b3f-4f88-aab8-476cfe7b5be6', 'a8c2c7ab-836a-4ef1-a373-562e20babb76', 'Video/ProPresenter', 15, NULL, NULL, true, '{}', NULL);
INSERT INTO public.roles (id, church_id, name, load_weight, ministry_area, description, is_active, body_parts, team_id) VALUES ('dee78f35-ddec-4f4c-a0a3-d9808b966637', 'a8c2c7ab-836a-4ef1-a373-562e20babb76', 'Livestream Tech', 20, NULL, NULL, true, '{}', NULL);
INSERT INTO public.roles (id, church_id, name, load_weight, ministry_area, description, is_active, body_parts, team_id) VALUES ('fa593ec0-cb9b-423b-a645-a3079c9446d0', 'a8c2c7ab-836a-4ef1-a373-562e20babb76', 'Greeter', 5, NULL, NULL, true, '{}', NULL);
INSERT INTO public.roles (id, church_id, name, load_weight, ministry_area, description, is_active, body_parts, team_id) VALUES ('bdb13775-7bdd-4f7b-ba05-2758d4a8d5c6', 'a8c2c7ab-836a-4ef1-a373-562e20babb76', 'Usher', 5, NULL, NULL, true, '{}', NULL);
INSERT INTO public.roles (id, church_id, name, load_weight, ministry_area, description, is_active, body_parts, team_id) VALUES ('773b0b0b-5b0c-4a86-b1cf-cb587e359ec9', 'a8c2c7ab-836a-4ef1-a373-562e20babb76', 'Coffee/Hospitality', 10, NULL, NULL, true, '{}', NULL);
INSERT INTO public.roles (id, church_id, name, load_weight, ministry_area, description, is_active, body_parts, team_id) VALUES ('23068d93-86c2-4036-9cef-904d24deb185', 'a8c2c7ab-836a-4ef1-a373-562e20babb76', 'Kids Ministry Leader', 20, NULL, NULL, true, '{}', NULL);
INSERT INTO public.roles (id, church_id, name, load_weight, ministry_area, description, is_active, body_parts, team_id) VALUES ('5ceb76e7-9bbc-4d40-81d8-88d04a76021d', 'a8c2c7ab-836a-4ef1-a373-562e20babb76', 'Kids Ministry Helper', 10, NULL, NULL, true, '{}', NULL);
INSERT INTO public.roles (id, church_id, name, load_weight, ministry_area, description, is_active, body_parts, team_id) VALUES ('0c8caeaf-d932-45cb-b994-9103fa56b6fe', 'a8c2c7ab-836a-4ef1-a373-562e20babb76', 'Youth Leader', 20, NULL, NULL, true, '{}', NULL);
INSERT INTO public.roles (id, church_id, name, load_weight, ministry_area, description, is_active, body_parts, team_id) VALUES ('c2f8e5d5-fb20-4463-8c97-80720aeb25d9', 'a8c2c7ab-836a-4ef1-a373-562e20babb76', 'Prayer Team', 8, NULL, NULL, true, '{}', NULL);
INSERT INTO public.roles (id, church_id, name, load_weight, ministry_area, description, is_active, body_parts, team_id) VALUES ('3d852d07-10e0-490f-9366-1c31c62dc256', 'a8c2c7ab-836a-4ef1-a373-562e20babb76', 'Parking Team', 5, NULL, NULL, true, '{}', NULL);
INSERT INTO public.roles (id, church_id, name, load_weight, ministry_area, description, is_active, body_parts, team_id) VALUES ('74956474-991e-4f87-b2b1-d9427f051e0a', '84c66cbb-1f13-4ed2-8416-076755b5dc49', 'Background Vocalist', 8, 'Vocals', 'Harmony/background vocals', true, '{voice}', '09584b0e-30a0-450d-b110-89e8c675dc53');
INSERT INTO public.roles (id, church_id, name, load_weight, ministry_area, description, is_active, body_parts, team_id) VALUES ('43cb278f-239d-4d03-b7fe-c58e33bb78b1', '84c66cbb-1f13-4ed2-8416-076755b5dc49', 'Worship Leader', 15, 'Vocals', 'Leads worship from stage', true, '{voice}', '09584b0e-30a0-450d-b110-89e8c675dc53');
INSERT INTO public.roles (id, church_id, name, load_weight, ministry_area, description, is_active, body_parts, team_id) VALUES ('e06d43c2-775c-4af0-90c9-1a99bce14014', '84c66cbb-1f13-4ed2-8416-076755b5dc49', 'Percussion', 8, 'Band', 'Auxiliary percussion (shaker, tambourine, etc)', true, '{hands}', '09584b0e-30a0-450d-b110-89e8c675dc53');
INSERT INTO public.roles (id, church_id, name, load_weight, ministry_area, description, is_active, body_parts, team_id) VALUES ('0e9c0e31-3b72-458c-a691-b344c4c14c3f', '84c66cbb-1f13-4ed2-8416-076755b5dc49', 'Drums', 12, 'Band', 'Drum kit player', true, '{hands,feet}', '09584b0e-30a0-450d-b110-89e8c675dc53');
INSERT INTO public.roles (id, church_id, name, load_weight, ministry_area, description, is_active, body_parts, team_id) VALUES ('a69f1828-661b-4a7f-8bb2-402f71b24e38', '84c66cbb-1f13-4ed2-8416-076755b5dc49', 'Keyboard', 10, 'Band', 'Keyboard/piano player', true, '{hands}', '09584b0e-30a0-450d-b110-89e8c675dc53');
INSERT INTO public.roles (id, church_id, name, load_weight, ministry_area, description, is_active, body_parts, team_id) VALUES ('cb0d6980-adfd-43e7-8b91-c4147d349d71', '84c66cbb-1f13-4ed2-8416-076755b5dc49', 'Bass Guitar', 10, 'Band', 'Bass guitar player', true, '{hands}', '09584b0e-30a0-450d-b110-89e8c675dc53');
INSERT INTO public.roles (id, church_id, name, load_weight, ministry_area, description, is_active, body_parts, team_id) VALUES ('7c290086-ed11-4526-83b8-f7345060ca33', '84c66cbb-1f13-4ed2-8416-076755b5dc49', 'Acoustic Guitar', 10, 'Band', 'Acoustic guitar player', true, '{hands}', '09584b0e-30a0-450d-b110-89e8c675dc53');
INSERT INTO public.roles (id, church_id, name, load_weight, ministry_area, description, is_active, body_parts, team_id) VALUES ('5e376c0a-95ec-4d46-9160-e82ad5ac69a3', '84c66cbb-1f13-4ed2-8416-076755b5dc49', 'Electric Guitar', 10, 'Band', 'Electric guitar player', true, '{hands}', '09584b0e-30a0-450d-b110-89e8c675dc53');
INSERT INTO public.roles (id, church_id, name, load_weight, ministry_area, description, is_active, body_parts, team_id) VALUES ('3bf033c6-b092-4d78-ac6a-6bb5061c10ac', '84c66cbb-1f13-4ed2-8416-076755b5dc49', 'Video Director', 12, 'Tech', 'Switches video feeds', true, '{hands,eyes}', '84e832ac-c94d-431b-a630-4d19f4df70d3');
INSERT INTO public.roles (id, church_id, name, load_weight, ministry_area, description, is_active, body_parts, team_id) VALUES ('fa1ca047-f1c3-4ee2-8f4f-a9ae63fb607e', '84c66cbb-1f13-4ed2-8416-076755b5dc49', 'Camera Operator', 10, 'Tech', 'Operates video camera', true, '{hands,eyes}', '84e832ac-c94d-431b-a630-4d19f4df70d3');
INSERT INTO public.roles (id, church_id, name, load_weight, ministry_area, description, is_active, body_parts, team_id) VALUES ('c66261a7-7712-48e1-ac16-f8e6f046cf25', '84c66cbb-1f13-4ed2-8416-076755b5dc49', 'Lighting Director', 10, 'Tech', 'Controls stage lighting', true, '{hands,eyes}', '84e832ac-c94d-431b-a630-4d19f4df70d3');
INSERT INTO public.roles (id, church_id, name, load_weight, ministry_area, description, is_active, body_parts, team_id) VALUES ('5b4580d7-972d-42ba-8871-7656885d9717', '84c66cbb-1f13-4ed2-8416-076755b5dc49', 'Sound Engineer (House)', 12, 'Tech', 'Runs the sound board', true, '{hands,ears}', '84e832ac-c94d-431b-a630-4d19f4df70d3');
INSERT INTO public.roles (id, church_id, name, load_weight, ministry_area, description, is_active, body_parts, team_id) VALUES ('73433f32-8299-4fba-b7d6-892889b5a15a', '84c66cbb-1f13-4ed2-8416-076755b5dc49', 'Sound Engineer (Stream)', 12, NULL, NULL, true, '{hands,ears}', '84e832ac-c94d-431b-a630-4d19f4df70d3');
INSERT INTO public.roles (id, church_id, name, load_weight, ministry_area, description, is_active, body_parts, team_id) VALUES ('2057a56e-ea44-49fe-bb1f-a51d7a2091c5', '84c66cbb-1f13-4ed2-8416-076755b5dc49', 'Hosts', 10, NULL, 'Greeting, bulletins, communion, etc', true, '{}', 'f51d3c8c-5637-4096-9cc7-a4fb07658f76');
INSERT INTO public.roles (id, church_id, name, load_weight, ministry_area, description, is_active, body_parts, team_id) VALUES ('ba90f18b-d822-4ceb-9420-3b26104b8ec3', '84c66cbb-1f13-4ed2-8416-076755b5dc49', 'Welcome Center', 10, NULL, 'Coffee + Snacks', true, '{}', 'f51d3c8c-5637-4096-9cc7-a4fb07658f76');
INSERT INTO public.roles (id, church_id, name, load_weight, ministry_area, description, is_active, body_parts, team_id) VALUES ('9112ec9e-0942-4de0-ae02-3a4c4d396650', '84c66cbb-1f13-4ed2-8416-076755b5dc49', 'Guest Services', 10, NULL, 'Information Counter attendant', true, '{}', 'f51d3c8c-5637-4096-9cc7-a4fb07658f76');
INSERT INTO public.roles (id, church_id, name, load_weight, ministry_area, description, is_active, body_parts, team_id) VALUES ('87c03826-321c-442b-9934-5f750b550b92', '84c66cbb-1f13-4ed2-8416-076755b5dc49', 'Nursery', 10, NULL, NULL, true, '{}', 'd611b652-def9-4f83-817e-f0f297a9ec50');
INSERT INTO public.roles (id, church_id, name, load_weight, ministry_area, description, is_active, body_parts, team_id) VALUES ('129155a3-f48c-4d2e-900f-d749ccb78ade', '84c66cbb-1f13-4ed2-8416-076755b5dc49', 'Toddlers', 10, NULL, NULL, true, '{}', 'd611b652-def9-4f83-817e-f0f297a9ec50');
INSERT INTO public.roles (id, church_id, name, load_weight, ministry_area, description, is_active, body_parts, team_id) VALUES ('c11b1076-a66c-4ed9-997d-4bd00eab22c8', '84c66cbb-1f13-4ed2-8416-076755b5dc49', 'Basecamp (K-5)', 10, NULL, NULL, true, '{}', 'd611b652-def9-4f83-817e-f0f297a9ec50');
INSERT INTO public.roles (id, church_id, name, load_weight, ministry_area, description, is_active, body_parts, team_id) VALUES ('2324c504-be7d-4754-a972-da1f84678782', '84c66cbb-1f13-4ed2-8416-076755b5dc49', 'Music Director', 5, 'Leadership', 'Oversees music ministry', true, '{}', '09584b0e-30a0-450d-b110-89e8c675dc53');
INSERT INTO public.roles (id, church_id, name, load_weight, ministry_area, description, is_active, body_parts, team_id) VALUES ('d2223341-d06f-4050-994e-00d61e80eab6', '84c66cbb-1f13-4ed2-8416-076755b5dc49', 'Service Coordinator', 5, 'Leadership', 'Coordinates service flow', true, '{}', '84e832ac-c94d-431b-a630-4d19f4df70d3');
INSERT INTO public.roles (id, church_id, name, load_weight, ministry_area, description, is_active, body_parts, team_id) VALUES ('b1ceb2e7-36c5-4215-b55a-0c206bc2bab8', '84c66cbb-1f13-4ed2-8416-076755b5dc49', 'Media (Lyrics/Slides/Videos)', 10, 'Tech', 'projection. (Proclaim/ProPresenter/etc)', true, '{hands,eyes}', '84e832ac-c94d-431b-a630-4d19f4df70d3');
INSERT INTO public.roles (id, church_id, name, load_weight, ministry_area, description, is_active, body_parts, team_id) VALUES ('6faff38f-22fd-4c38-a286-04ee1fa0f3b4', '84c66cbb-1f13-4ed2-8416-076755b5dc49', 'Teaching', 10, NULL, 'Sermon, Bible Teacher', true, '{voice}', '9c22ccbd-44ab-4ac5-b449-73b04339301e');
INSERT INTO public.roles (id, church_id, name, load_weight, ministry_area, description, is_active, body_parts, team_id) VALUES ('62bfb8a9-5866-4583-86d4-e8a9d125696e', '84c66cbb-1f13-4ed2-8416-076755b5dc49', 'Announements & Offering', 10, NULL, NULL, true, '{}', '9c22ccbd-44ab-4ac5-b449-73b04339301e');
INSERT INTO public.roles (id, church_id, name, load_weight, ministry_area, description, is_active, body_parts, team_id) VALUES ('6b48779a-3f21-4065-b231-ed4658ca8f69', '84c66cbb-1f13-4ed2-8416-076755b5dc49', 'Ministry Minute', 10, NULL, NULL, true, '{}', '9c22ccbd-44ab-4ac5-b449-73b04339301e');
INSERT INTO public.roles (id, church_id, name, load_weight, ministry_area, description, is_active, body_parts, team_id) VALUES ('67adfbd2-3d9b-4db3-9265-39d33c51aedb', '84c66cbb-1f13-4ed2-8416-076755b5dc49', 'Prayer (Ministry Time)', 10, NULL, NULL, true, '{}', 'a1470116-14c2-45ee-ae77-18822ffa04c2');
INSERT INTO public.roles (id, church_id, name, load_weight, ministry_area, description, is_active, body_parts, team_id) VALUES ('0d237ff6-50a0-492f-ae19-91259f8b06f0', '84c66cbb-1f13-4ed2-8416-076755b5dc49', 'Team Leader', 10, NULL, NULL, true, '{}', 'a1470116-14c2-45ee-ae77-18822ffa04c2');


--
-- Data for Name: service_groups; Type: TABLE DATA; Schema: public; Owner: worship
--

INSERT INTO public.service_groups (id, church_id, group_date, name, context_id, notes, created_at, updated_at) VALUES ('65c9c807-9174-4f50-8b84-df2c55a1ad8c', 'a8c2c7ab-836a-4ef1-a373-562e20babb76', '2025-12-14', 'Sunday AM', 'f90a130e-b281-48ae-a512-bfdcda514a7f', NULL, '2025-12-13 06:53:37.07138+00', '2025-12-13 06:53:37.07138+00');
INSERT INTO public.service_groups (id, church_id, group_date, name, context_id, notes, created_at, updated_at) VALUES ('057714af-c6d6-4c85-acbd-56261de4ac69', 'a8c2c7ab-836a-4ef1-a373-562e20babb76', '2025-12-21', 'Sunday AM', 'f90a130e-b281-48ae-a512-bfdcda514a7f', NULL, '2025-12-14 00:19:48.073378+00', '2025-12-14 00:19:48.073378+00');
INSERT INTO public.service_groups (id, church_id, group_date, name, context_id, notes, created_at, updated_at) VALUES ('93d1232a-66ee-40a3-9c3b-9dc5079c63a1', 'a8c2c7ab-836a-4ef1-a373-562e20babb76', '2025-12-25', 'Christmas Day', NULL, NULL, '2025-12-14 00:19:48.073378+00', '2025-12-14 00:19:48.073378+00');
INSERT INTO public.service_groups (id, church_id, group_date, name, context_id, notes, created_at, updated_at) VALUES ('8c8eb7d2-f2ad-4a6c-adfb-16a708d67c14', 'a8c2c7ab-836a-4ef1-a373-562e20babb76', '2025-12-28', 'Sunday AM', 'f90a130e-b281-48ae-a512-bfdcda514a7f', NULL, '2025-12-14 00:19:48.073378+00', '2025-12-14 00:19:48.073378+00');
INSERT INTO public.service_groups (id, church_id, group_date, name, context_id, notes, created_at, updated_at) VALUES ('d4c2833f-3115-4ca3-bbb3-6ed8efee56c4', '84c66cbb-1f13-4ed2-8416-076755b5dc49', '2025-12-21', 'Sunday AM', 'f429df16-3ddc-478d-809e-1c60c79f6084', NULL, '2025-12-17 08:32:17.249486+00', '2025-12-17 08:32:17.249486+00');
INSERT INTO public.service_groups (id, church_id, group_date, name, context_id, notes, created_at, updated_at) VALUES ('3b5f8eec-2fa7-49df-8683-4a810bd6949a', '84c66cbb-1f13-4ed2-8416-076755b5dc49', '2025-12-21', 'Youth Night', '51b5baf8-8397-455d-b3be-2682acdb9d2e', NULL, '2025-12-17 08:32:17.249486+00', '2025-12-17 08:32:17.249486+00');
INSERT INTO public.service_groups (id, church_id, group_date, name, context_id, notes, created_at, updated_at) VALUES ('c08d1f12-5978-4c8c-a237-14e6f69a03b9', '84c66cbb-1f13-4ed2-8416-076755b5dc49', '2025-12-24', 'Youth Night', '51b5baf8-8397-455d-b3be-2682acdb9d2e', NULL, '2025-12-17 08:32:17.249486+00', '2025-12-17 08:32:17.249486+00');
INSERT INTO public.service_groups (id, church_id, group_date, name, context_id, notes, created_at, updated_at) VALUES ('066c3500-9bfe-45f2-a6ea-6a2e1171d02a', '84c66cbb-1f13-4ed2-8416-076755b5dc49', '2026-01-04', 'Sunday AM', 'f429df16-3ddc-478d-809e-1c60c79f6084', NULL, '2025-12-31 05:32:37.116531+00', '2025-12-31 05:32:37.116531+00');


--
-- Data for Name: service_templates; Type: TABLE DATA; Schema: public; Owner: worship
--

INSERT INTO public.service_templates (id, church_id, name, description, context_id, default_start_time, default_duration_minutes, structure, is_active, is_default, created_by, created_at, updated_at, archived_at, archived_by, version, parent_template_id, updated_by) VALUES ('2896259a-bb8b-4c9c-8792-6db5de790dd6', 'a8c2c7ab-836a-4ef1-a373-562e20babb76', 'Standard Sunday', 'Typical Sunday morning service with full band and kids ministry', 'f90a130e-b281-48ae-a512-bfdcda514a7f', '10:00:00', 90, '{"segments": [{"name": "Pre-Service Prayer", "type": "prayer", "order": 1, "roles": [{"max": 5, "min": 3, "role_name": "Prayer Team"}], "duration_minutes": 10, "relative_start_minutes": -15}, {"name": "Worship Set 1", "type": "worship", "order": 2, "roles": [{"max": 2, "min": 1, "role_name": "Worship Leader"}, {"max": 1, "min": 1, "role_name": "Drums"}, {"max": 1, "min": 1, "role_name": "Bass Guitar"}, {"max": 2, "min": 1, "role_name": "Background Vocals"}], "duration_minutes": 25, "relative_start_minutes": 0}, {"name": "Welcome", "type": "transition", "order": 3, "roles": [], "duration_minutes": 5, "relative_start_minutes": 25}, {"name": "Sermon", "type": "teaching", "order": 4, "roles": [], "duration_minutes": 35, "relative_start_minutes": 30}, {"name": "Response Worship", "type": "worship", "order": 5, "roles": [{"max": 1, "min": 1, "role_name": "Worship Leader"}, {"max": 1, "min": 0, "role_name": "Piano"}], "duration_minutes": 15, "relative_start_minutes": 65}], "all_service_roles": [{"count": 1, "role_name": "FOH Audio"}, {"count": 1, "role_name": "Livestream Audio"}, {"count": 1, "role_name": "Lyrics (ProPresenter)"}, {"count": 1, "role_name": "Video Producer"}, {"count": 4, "role_name": "Greeter"}, {"count": 2, "role_name": "Hospitality"}, {"count": 1, "role_name": "Kids Check-in"}, {"count": 2, "role_name": "Nursery"}, {"count": 2, "role_name": "Toddlers"}, {"count": 2, "role_name": "BaseCamp"}]}', true, true, NULL, '2025-12-15 06:42:38.491418+00', '2025-12-15 06:42:38.491418+00', NULL, NULL, 1, NULL, NULL);
INSERT INTO public.service_templates (id, church_id, name, description, context_id, default_start_time, default_duration_minutes, structure, is_active, is_default, created_by, created_at, updated_at, archived_at, archived_by, version, parent_template_id, updated_by) VALUES ('8404b25d-ad1a-4947-a5d7-8cc4ba2dcb81', 'a8c2c7ab-836a-4ef1-a373-562e20babb76', 'Communion Sunday', 'First Sunday with communion included', 'f90a130e-b281-48ae-a512-bfdcda514a7f', '10:00:00', 100, '{"segments": [{"name": "Worship Set 1", "type": "worship", "order": 1, "roles": [{"max": 2, "min": 1, "role_name": "Worship Leader"}, {"max": 1, "min": 1, "role_name": "Drums"}, {"max": 1, "min": 1, "role_name": "Bass Guitar"}], "duration_minutes": 25, "relative_start_minutes": 0}, {"name": "Communion", "type": "communion", "notes": "Worship continues softly during communion", "order": 2, "roles": [{"max": 6, "min": 4, "role_name": "Communion Team"}], "duration_minutes": 15, "relative_start_minutes": 25}, {"name": "Sermon", "type": "teaching", "order": 3, "roles": [], "duration_minutes": 30, "relative_start_minutes": 40}, {"name": "Response Worship", "type": "worship", "order": 4, "roles": [{"max": 1, "min": 1, "role_name": "Worship Leader"}], "duration_minutes": 20, "relative_start_minutes": 70}], "all_service_roles": [{"count": 1, "role_name": "FOH Audio"}, {"count": 1, "role_name": "Livestream Audio"}, {"count": 1, "role_name": "Lyrics (ProPresenter)"}, {"count": 1, "role_name": "Video Producer"}, {"count": 4, "role_name": "Greeter"}, {"count": 1, "role_name": "Kids Check-in"}, {"count": 2, "role_name": "Nursery"}, {"count": 2, "role_name": "BaseCamp"}]}', true, false, NULL, '2025-12-15 06:42:38.491418+00', '2025-12-15 06:42:38.491418+00', NULL, NULL, 1, NULL, NULL);
INSERT INTO public.service_templates (id, church_id, name, description, context_id, default_start_time, default_duration_minutes, structure, is_active, is_default, created_by, created_at, updated_at, archived_at, archived_by, version, parent_template_id, updated_by) VALUES ('eacaccc2-d5b5-4bfd-9600-e835bca2ff88', 'a8c2c7ab-836a-4ef1-a373-562e20babb76', 'Worship Night', 'Wednesday evening focused worship with minimal production', '577d8d31-2441-4e68-9e31-b2dd70b5fdec', '19:00:00', 75, '{"segments": [{"name": "Extended Worship", "type": "worship", "notes": "Intimate, Spirit-led worship - minimal structure", "order": 1, "roles": [{"max": 1, "min": 1, "role_name": "Worship Leader"}, {"max": 2, "min": 1, "role_name": "Acoustic Guitar"}, {"max": 1, "min": 0, "role_name": "Piano"}, {"max": 2, "min": 1, "role_name": "Background Vocals"}], "duration_minutes": 45, "relative_start_minutes": 0}, {"name": "Prayer Ministry", "type": "prayer", "order": 2, "roles": [{"max": 8, "min": 5, "role_name": "Prayer Team"}], "duration_minutes": 30, "relative_start_minutes": 45}], "all_service_roles": [{"count": 1, "role_name": "FOH Audio"}, {"count": 1, "role_name": "Lyrics (ProPresenter)"}]}', true, false, NULL, '2025-12-15 06:42:38.491418+00', '2025-12-15 06:42:38.491418+00', NULL, NULL, 1, NULL, NULL);
INSERT INTO public.service_templates (id, church_id, name, description, context_id, default_start_time, default_duration_minutes, structure, is_active, is_default, created_by, created_at, updated_at, archived_at, archived_by, version, parent_template_id, updated_by) VALUES ('cf7dfb35-2cce-4736-bf3c-67dbd3d841d9', '84c66cbb-1f13-4ed2-8416-076755b5dc49', 'Standard Sunday', 'Default Sunday morning service format', NULL, '09:00:00', 90, NULL, true, true, NULL, '2025-12-31 04:48:58.249523+00', '2025-12-31 04:48:58.249523+00', NULL, NULL, 1, NULL, NULL);


--
-- Data for Name: service_types; Type: TABLE DATA; Schema: public; Owner: worship
--

INSERT INTO public.service_types (id, church_id, name, description, context_id, recurrence_rule, default_template_id, default_times, planning_lead_days, is_active, archived_at, archived_by, created_at, created_by, updated_at, updated_by) VALUES ('b46bda7b-8e73-4c6e-a29e-e2c75705e1e5', '84c66cbb-1f13-4ed2-8416-076755b5dc49', 'Sunday AM', 'Regular Sunday morning worship services', NULL, '{"frequency": "weekly", "day_of_week": ["sunday"]}', NULL, '[{"time": "09:00", "label": "Early Service"}, {"time": "11:00", "label": "Late Service"}]', 14, true, NULL, NULL, '2025-12-31 04:48:58.243557+00', NULL, '2025-12-31 04:48:58.243557+00', NULL);
INSERT INTO public.service_types (id, church_id, name, description, context_id, recurrence_rule, default_template_id, default_times, planning_lead_days, is_active, archived_at, archived_by, created_at, created_by, updated_at, updated_by) VALUES ('b4951de1-2419-455a-8538-2282c38d1dfb', '84c66cbb-1f13-4ed2-8416-076755b5dc49', 'Wednesday Night', 'Midweek service and prayer', NULL, '{"frequency": "weekly", "day_of_week": ["wednesday"]}', NULL, '[{"time": "19:00", "label": "Evening Service"}]', 7, true, NULL, NULL, '2025-12-31 04:48:58.24735+00', NULL, '2025-12-31 04:48:58.24735+00', NULL);


--
-- Data for Name: service_instances; Type: TABLE DATA; Schema: public; Owner: worship
--

INSERT INTO public.service_instances (id, church_id, service_date, service_time, created_at, service_group_id, campus_id, service_type_id, template_id, status, locked_at, locked_by, lock_reason, completed_at, completed_by, archived_at, archived_by, created_by, updated_by) VALUES ('4e19a2c2-9ac5-4ef5-8481-ede945bb103c', 'a8c2c7ab-836a-4ef1-a373-562e20babb76', '2025-12-21', '09:00:00', '2025-12-14 00:19:48.073378+00', '057714af-c6d6-4c85-acbd-56261de4ac69', 'c1111111-1111-1111-1111-111111111111', NULL, NULL, 'draft', NULL, NULL, NULL, NULL, NULL, NULL, NULL, NULL, NULL);
INSERT INTO public.service_instances (id, church_id, service_date, service_time, created_at, service_group_id, campus_id, service_type_id, template_id, status, locked_at, locked_by, lock_reason, completed_at, completed_by, archived_at, archived_by, created_by, updated_by) VALUES ('5e3d0344-0d43-46d7-9bcd-cfde3acdf169', 'a8c2c7ab-836a-4ef1-a373-562e20babb76', '2025-12-21', '11:00:00', '2025-12-14 00:19:48.073378+00', '057714af-c6d6-4c85-acbd-56261de4ac69', 'c1111111-1111-1111-1111-111111111111', NULL, NULL, 'draft', NULL, NULL, NULL, NULL, NULL, NULL, NULL, NULL, NULL);
INSERT INTO public.service_instances (id, church_id, service_date, service_time, created_at, service_group_id, campus_id, service_type_id, template_id, status, locked_at, locked_by, lock_reason, completed_at, completed_by, archived_at, archived_by, created_by, updated_by) VALUES ('15c54c60-14f8-463a-8956-66cab6514e72', 'a8c2c7ab-836a-4ef1-a373-562e20babb76', '2025-12-25', '10:00:00', '2025-12-14 00:19:48.073378+00', '93d1232a-66ee-40a3-9c3b-9dc5079c63a1', 'c1111111-1111-1111-1111-111111111111', NULL, NULL, 'draft', NULL, NULL, NULL, NULL, NULL, NULL, NULL, NULL, NULL);
INSERT INTO public.service_instances (id, church_id, service_date, service_time, created_at, service_group_id, campus_id, service_type_id, template_id, status, locked_at, locked_by, lock_reason, completed_at, completed_by, archived_at, archived_by, created_by, updated_by) VALUES ('193b585e-a846-42c5-b771-0a4539eb9ab7', 'a8c2c7ab-836a-4ef1-a373-562e20babb76', '2025-12-28', '09:00:00', '2025-12-14 00:19:48.073378+00', '8c8eb7d2-f2ad-4a6c-adfb-16a708d67c14', 'c1111111-1111-1111-1111-111111111111', NULL, NULL, 'draft', NULL, NULL, NULL, NULL, NULL, NULL, NULL, NULL, NULL);
INSERT INTO public.service_instances (id, church_id, service_date, service_time, created_at, service_group_id, campus_id, service_type_id, template_id, status, locked_at, locked_by, lock_reason, completed_at, completed_by, archived_at, archived_by, created_by, updated_by) VALUES ('e1998da2-4673-4d63-8929-fcd5cf135d84', 'a8c2c7ab-836a-4ef1-a373-562e20babb76', '2025-12-28', '11:00:00', '2025-12-14 00:19:48.073378+00', '8c8eb7d2-f2ad-4a6c-adfb-16a708d67c14', 'c1111111-1111-1111-1111-111111111111', NULL, NULL, 'draft', NULL, NULL, NULL, NULL, NULL, NULL, NULL, NULL, NULL);
INSERT INTO public.service_instances (id, church_id, service_date, service_time, created_at, service_group_id, campus_id, service_type_id, template_id, status, locked_at, locked_by, lock_reason, completed_at, completed_by, archived_at, archived_by, created_by, updated_by) VALUES ('67901c40-7321-44e6-b1b4-6954ce321085', 'a8c2c7ab-836a-4ef1-a373-562e20babb76', '2025-12-21', '09:00:00', '2025-12-14 00:25:57.952551+00', NULL, 'c1111111-1111-1111-1111-111111111111', NULL, NULL, 'draft', NULL, NULL, NULL, NULL, NULL, NULL, NULL, NULL, NULL);
INSERT INTO public.service_instances (id, church_id, service_date, service_time, created_at, service_group_id, campus_id, service_type_id, template_id, status, locked_at, locked_by, lock_reason, completed_at, completed_by, archived_at, archived_by, created_by, updated_by) VALUES ('a1e94d1b-7147-465b-832c-2fc6b9831c32', 'a8c2c7ab-836a-4ef1-a373-562e20babb76', '2025-12-21', '11:00:00', '2025-12-14 00:25:57.952551+00', NULL, 'c1111111-1111-1111-1111-111111111111', NULL, NULL, 'draft', NULL, NULL, NULL, NULL, NULL, NULL, NULL, NULL, NULL);
INSERT INTO public.service_instances (id, church_id, service_date, service_time, created_at, service_group_id, campus_id, service_type_id, template_id, status, locked_at, locked_by, lock_reason, completed_at, completed_by, archived_at, archived_by, created_by, updated_by) VALUES ('acd01a36-5e2d-4ec5-b56b-0254c43d90aa', 'a8c2c7ab-836a-4ef1-a373-562e20babb76', '2025-12-25', '10:00:00', '2025-12-14 00:25:57.952551+00', NULL, 'c1111111-1111-1111-1111-111111111111', NULL, NULL, 'draft', NULL, NULL, NULL, NULL, NULL, NULL, NULL, NULL, NULL);
INSERT INTO public.service_instances (id, church_id, service_date, service_time, created_at, service_group_id, campus_id, service_type_id, template_id, status, locked_at, locked_by, lock_reason, completed_at, completed_by, archived_at, archived_by, created_by, updated_by) VALUES ('1963c9a0-87af-494e-8d0c-50ba0f510204', 'a8c2c7ab-836a-4ef1-a373-562e20babb76', '2025-12-28', '09:00:00', '2025-12-14 00:25:57.952551+00', NULL, 'c1111111-1111-1111-1111-111111111111', NULL, NULL, 'draft', NULL, NULL, NULL, NULL, NULL, NULL, NULL, NULL, NULL);
INSERT INTO public.service_instances (id, church_id, service_date, service_time, created_at, service_group_id, campus_id, service_type_id, template_id, status, locked_at, locked_by, lock_reason, completed_at, completed_by, archived_at, archived_by, created_by, updated_by) VALUES ('d7a4433e-8025-4d68-a9f1-c4335dccde5d', 'a8c2c7ab-836a-4ef1-a373-562e20babb76', '2025-12-28', '11:00:00', '2025-12-14 00:25:57.952551+00', NULL, 'c1111111-1111-1111-1111-111111111111', NULL, NULL, 'draft', NULL, NULL, NULL, NULL, NULL, NULL, NULL, NULL, NULL);
INSERT INTO public.service_instances (id, church_id, service_date, service_time, created_at, service_group_id, campus_id, service_type_id, template_id, status, locked_at, locked_by, lock_reason, completed_at, completed_by, archived_at, archived_by, created_by, updated_by) VALUES ('fcb1b8c3-3a83-4ed8-9cb3-708601cb5074', 'a8c2c7ab-836a-4ef1-a373-562e20babb76', '2025-12-21', '09:00:00', '2025-12-14 00:29:57.603585+00', NULL, 'c1111111-1111-1111-1111-111111111111', NULL, NULL, 'draft', NULL, NULL, NULL, NULL, NULL, NULL, NULL, NULL, NULL);
INSERT INTO public.service_instances (id, church_id, service_date, service_time, created_at, service_group_id, campus_id, service_type_id, template_id, status, locked_at, locked_by, lock_reason, completed_at, completed_by, archived_at, archived_by, created_by, updated_by) VALUES ('ef1f1d62-3ae0-49e0-81f8-27cbd896bd42', 'a8c2c7ab-836a-4ef1-a373-562e20babb76', '2025-12-21', '11:00:00', '2025-12-14 00:29:57.603585+00', NULL, 'c1111111-1111-1111-1111-111111111111', NULL, NULL, 'draft', NULL, NULL, NULL, NULL, NULL, NULL, NULL, NULL, NULL);
INSERT INTO public.service_instances (id, church_id, service_date, service_time, created_at, service_group_id, campus_id, service_type_id, template_id, status, locked_at, locked_by, lock_reason, completed_at, completed_by, archived_at, archived_by, created_by, updated_by) VALUES ('922c0bf2-3c0f-46ca-b5ee-b6d15050ee76', 'a8c2c7ab-836a-4ef1-a373-562e20babb76', '2025-12-25', '10:00:00', '2025-12-14 00:29:57.603585+00', NULL, 'c1111111-1111-1111-1111-111111111111', NULL, NULL, 'draft', NULL, NULL, NULL, NULL, NULL, NULL, NULL, NULL, NULL);
INSERT INTO public.service_instances (id, church_id, service_date, service_time, created_at, service_group_id, campus_id, service_type_id, template_id, status, locked_at, locked_by, lock_reason, completed_at, completed_by, archived_at, archived_by, created_by, updated_by) VALUES ('5e9db0bc-c7e5-4ec9-b9c0-f1be662704ba', 'a8c2c7ab-836a-4ef1-a373-562e20babb76', '2025-12-28', '09:00:00', '2025-12-14 00:29:57.603585+00', NULL, 'c1111111-1111-1111-1111-111111111111', NULL, NULL, 'draft', NULL, NULL, NULL, NULL, NULL, NULL, NULL, NULL, NULL);
INSERT INTO public.service_instances (id, church_id, service_date, service_time, created_at, service_group_id, campus_id, service_type_id, template_id, status, locked_at, locked_by, lock_reason, completed_at, completed_by, archived_at, archived_by, created_by, updated_by) VALUES ('64c31021-b00b-4dc0-9ddd-0ed0fa4df73a', 'a8c2c7ab-836a-4ef1-a373-562e20babb76', '2025-12-28', '11:00:00', '2025-12-14 00:29:57.603585+00', NULL, 'c1111111-1111-1111-1111-111111111111', NULL, NULL, 'draft', NULL, NULL, NULL, NULL, NULL, NULL, NULL, NULL, NULL);
INSERT INTO public.service_instances (id, church_id, service_date, service_time, created_at, service_group_id, campus_id, service_type_id, template_id, status, locked_at, locked_by, lock_reason, completed_at, completed_by, archived_at, archived_by, created_by, updated_by) VALUES ('b4ffb6e4-0ac3-4676-8471-1318561b6c09', 'a8c2c7ab-836a-4ef1-a373-562e20babb76', '2025-12-21', '09:00:00', '2025-12-14 00:37:35.293337+00', NULL, 'c1111111-1111-1111-1111-111111111111', NULL, NULL, 'draft', NULL, NULL, NULL, NULL, NULL, NULL, NULL, NULL, NULL);
INSERT INTO public.service_instances (id, church_id, service_date, service_time, created_at, service_group_id, campus_id, service_type_id, template_id, status, locked_at, locked_by, lock_reason, completed_at, completed_by, archived_at, archived_by, created_by, updated_by) VALUES ('6f9b6c59-dd19-4992-a00c-5730694bc57a', 'a8c2c7ab-836a-4ef1-a373-562e20babb76', '2025-12-21', '11:00:00', '2025-12-14 00:37:35.293337+00', NULL, 'c1111111-1111-1111-1111-111111111111', NULL, NULL, 'draft', NULL, NULL, NULL, NULL, NULL, NULL, NULL, NULL, NULL);
INSERT INTO public.service_instances (id, church_id, service_date, service_time, created_at, service_group_id, campus_id, service_type_id, template_id, status, locked_at, locked_by, lock_reason, completed_at, completed_by, archived_at, archived_by, created_by, updated_by) VALUES ('a29f4ab5-f2bc-4a54-a67d-fa05aa493fcf', 'a8c2c7ab-836a-4ef1-a373-562e20babb76', '2025-12-25', '10:00:00', '2025-12-14 00:37:35.293337+00', NULL, 'c1111111-1111-1111-1111-111111111111', NULL, NULL, 'draft', NULL, NULL, NULL, NULL, NULL, NULL, NULL, NULL, NULL);
INSERT INTO public.service_instances (id, church_id, service_date, service_time, created_at, service_group_id, campus_id, service_type_id, template_id, status, locked_at, locked_by, lock_reason, completed_at, completed_by, archived_at, archived_by, created_by, updated_by) VALUES ('254125bb-293c-474c-92d2-bd9b83a8ab1c', 'a8c2c7ab-836a-4ef1-a373-562e20babb76', '2025-12-28', '09:00:00', '2025-12-14 00:37:35.293337+00', NULL, 'c1111111-1111-1111-1111-111111111111', NULL, NULL, 'draft', NULL, NULL, NULL, NULL, NULL, NULL, NULL, NULL, NULL);
INSERT INTO public.service_instances (id, church_id, service_date, service_time, created_at, service_group_id, campus_id, service_type_id, template_id, status, locked_at, locked_by, lock_reason, completed_at, completed_by, archived_at, archived_by, created_by, updated_by) VALUES ('2e732744-3b44-4463-994a-48a10470407b', 'a8c2c7ab-836a-4ef1-a373-562e20babb76', '2025-12-28', '11:00:00', '2025-12-14 00:37:35.293337+00', NULL, 'c1111111-1111-1111-1111-111111111111', NULL, NULL, 'draft', NULL, NULL, NULL, NULL, NULL, NULL, NULL, NULL, NULL);
INSERT INTO public.service_instances (id, church_id, service_date, service_time, created_at, service_group_id, campus_id, service_type_id, template_id, status, locked_at, locked_by, lock_reason, completed_at, completed_by, archived_at, archived_by, created_by, updated_by) VALUES ('22351776-436a-4807-a24a-1c2334509885', 'a8c2c7ab-836a-4ef1-a373-562e20babb76', '2025-12-21', '09:00:00', '2025-12-14 00:40:37.801291+00', NULL, 'c1111111-1111-1111-1111-111111111111', NULL, NULL, 'draft', NULL, NULL, NULL, NULL, NULL, NULL, NULL, NULL, NULL);
INSERT INTO public.service_instances (id, church_id, service_date, service_time, created_at, service_group_id, campus_id, service_type_id, template_id, status, locked_at, locked_by, lock_reason, completed_at, completed_by, archived_at, archived_by, created_by, updated_by) VALUES ('8155eb8a-3ef3-4a8b-9618-d86b786f84c3', 'a8c2c7ab-836a-4ef1-a373-562e20babb76', '2025-12-21', '11:00:00', '2025-12-14 00:40:37.801291+00', NULL, 'c1111111-1111-1111-1111-111111111111', NULL, NULL, 'draft', NULL, NULL, NULL, NULL, NULL, NULL, NULL, NULL, NULL);
INSERT INTO public.service_instances (id, church_id, service_date, service_time, created_at, service_group_id, campus_id, service_type_id, template_id, status, locked_at, locked_by, lock_reason, completed_at, completed_by, archived_at, archived_by, created_by, updated_by) VALUES ('a8f3e4a5-9ca7-4c8c-a228-0441126361d0', 'a8c2c7ab-836a-4ef1-a373-562e20babb76', '2025-12-25', '10:00:00', '2025-12-14 00:40:37.801291+00', NULL, 'c1111111-1111-1111-1111-111111111111', NULL, NULL, 'draft', NULL, NULL, NULL, NULL, NULL, NULL, NULL, NULL, NULL);
INSERT INTO public.service_instances (id, church_id, service_date, service_time, created_at, service_group_id, campus_id, service_type_id, template_id, status, locked_at, locked_by, lock_reason, completed_at, completed_by, archived_at, archived_by, created_by, updated_by) VALUES ('7f25e133-0e1e-410b-8ce2-a4b2cb14a496', 'a8c2c7ab-836a-4ef1-a373-562e20babb76', '2025-12-28', '09:00:00', '2025-12-14 00:40:37.801291+00', NULL, 'c1111111-1111-1111-1111-111111111111', NULL, NULL, 'draft', NULL, NULL, NULL, NULL, NULL, NULL, NULL, NULL, NULL);
INSERT INTO public.service_instances (id, church_id, service_date, service_time, created_at, service_group_id, campus_id, service_type_id, template_id, status, locked_at, locked_by, lock_reason, completed_at, completed_by, archived_at, archived_by, created_by, updated_by) VALUES ('31e49b32-ceae-4690-8ae4-201eac4b1028', 'a8c2c7ab-836a-4ef1-a373-562e20babb76', '2025-12-28', '11:00:00', '2025-12-14 00:40:37.801291+00', NULL, 'c1111111-1111-1111-1111-111111111111', NULL, NULL, 'draft', NULL, NULL, NULL, NULL, NULL, NULL, NULL, NULL, NULL);
INSERT INTO public.service_instances (id, church_id, service_date, service_time, created_at, service_group_id, campus_id, service_type_id, template_id, status, locked_at, locked_by, lock_reason, completed_at, completed_by, archived_at, archived_by, created_by, updated_by) VALUES ('d9afb611-f1b1-46e1-bd66-09be28686b6a', 'a8c2c7ab-836a-4ef1-a373-562e20babb76', '2025-12-21', '09:00:00', '2025-12-14 00:44:55.031804+00', NULL, 'c1111111-1111-1111-1111-111111111111', NULL, NULL, 'draft', NULL, NULL, NULL, NULL, NULL, NULL, NULL, NULL, NULL);
INSERT INTO public.service_instances (id, church_id, service_date, service_time, created_at, service_group_id, campus_id, service_type_id, template_id, status, locked_at, locked_by, lock_reason, completed_at, completed_by, archived_at, archived_by, created_by, updated_by) VALUES ('d0074edc-b3a3-404c-b5eb-8e406f5afa9c', 'a8c2c7ab-836a-4ef1-a373-562e20babb76', '2025-12-21', '11:00:00', '2025-12-14 00:44:55.031804+00', NULL, 'c1111111-1111-1111-1111-111111111111', NULL, NULL, 'draft', NULL, NULL, NULL, NULL, NULL, NULL, NULL, NULL, NULL);
INSERT INTO public.service_instances (id, church_id, service_date, service_time, created_at, service_group_id, campus_id, service_type_id, template_id, status, locked_at, locked_by, lock_reason, completed_at, completed_by, archived_at, archived_by, created_by, updated_by) VALUES ('d46723a2-f3ae-4cfd-bf81-7465958428ff', 'a8c2c7ab-836a-4ef1-a373-562e20babb76', '2025-12-25', '10:00:00', '2025-12-14 00:44:55.031804+00', NULL, 'c1111111-1111-1111-1111-111111111111', NULL, NULL, 'draft', NULL, NULL, NULL, NULL, NULL, NULL, NULL, NULL, NULL);
INSERT INTO public.service_instances (id, church_id, service_date, service_time, created_at, service_group_id, campus_id, service_type_id, template_id, status, locked_at, locked_by, lock_reason, completed_at, completed_by, archived_at, archived_by, created_by, updated_by) VALUES ('b75cc3bc-d431-47e6-a8f6-d930082b499e', 'a8c2c7ab-836a-4ef1-a373-562e20babb76', '2025-12-28', '09:00:00', '2025-12-14 00:44:55.031804+00', NULL, 'c1111111-1111-1111-1111-111111111111', NULL, NULL, 'draft', NULL, NULL, NULL, NULL, NULL, NULL, NULL, NULL, NULL);
INSERT INTO public.service_instances (id, church_id, service_date, service_time, created_at, service_group_id, campus_id, service_type_id, template_id, status, locked_at, locked_by, lock_reason, completed_at, completed_by, archived_at, archived_by, created_by, updated_by) VALUES ('eee0b47b-cb48-4b1b-b4af-97dee0872a53', 'a8c2c7ab-836a-4ef1-a373-562e20babb76', '2025-12-28', '11:00:00', '2025-12-14 00:44:55.031804+00', NULL, 'c1111111-1111-1111-1111-111111111111', NULL, NULL, 'draft', NULL, NULL, NULL, NULL, NULL, NULL, NULL, NULL, NULL);
INSERT INTO public.service_instances (id, church_id, service_date, service_time, created_at, service_group_id, campus_id, service_type_id, template_id, status, locked_at, locked_by, lock_reason, completed_at, completed_by, archived_at, archived_by, created_by, updated_by) VALUES ('506569ec-ea4c-4f21-8e2c-29259614cdb8', 'a8c2c7ab-836a-4ef1-a373-562e20babb76', '2025-12-14', '09:00:00', '2025-12-13 06:53:37.07138+00', '65c9c807-9174-4f50-8b84-df2c55a1ad8c', 'c1111111-1111-1111-1111-111111111111', NULL, NULL, 'draft', NULL, NULL, NULL, NULL, NULL, NULL, NULL, NULL, NULL);
INSERT INTO public.service_instances (id, church_id, service_date, service_time, created_at, service_group_id, campus_id, service_type_id, template_id, status, locked_at, locked_by, lock_reason, completed_at, completed_by, archived_at, archived_by, created_by, updated_by) VALUES ('5a915a9a-5115-429f-b225-b385e130637c', 'a8c2c7ab-836a-4ef1-a373-562e20babb76', '2025-12-14', '11:00:00', '2025-12-13 06:53:37.07138+00', '65c9c807-9174-4f50-8b84-df2c55a1ad8c', 'c1111111-1111-1111-1111-111111111111', NULL, NULL, 'draft', NULL, NULL, NULL, NULL, NULL, NULL, NULL, NULL, NULL);
INSERT INTO public.service_instances (id, church_id, service_date, service_time, created_at, service_group_id, campus_id, service_type_id, template_id, status, locked_at, locked_by, lock_reason, completed_at, completed_by, archived_at, archived_by, created_by, updated_by) VALUES ('af58cdf6-d24f-40bc-9bd8-ef7993792eac', '84c66cbb-1f13-4ed2-8416-076755b5dc49', '2025-12-21', '08:00:00', '2025-12-17 08:32:17.249486+00', 'd4c2833f-3115-4ca3-bbb3-6ed8efee56c4', '5059c895-369b-4a98-bf47-298018ee090a', NULL, NULL, 'draft', NULL, NULL, NULL, NULL, NULL, NULL, NULL, NULL, NULL);
INSERT INTO public.service_instances (id, church_id, service_date, service_time, created_at, service_group_id, campus_id, service_type_id, template_id, status, locked_at, locked_by, lock_reason, completed_at, completed_by, archived_at, archived_by, created_by, updated_by) VALUES ('7317e95f-b87e-42e0-8760-7a6fb104d361', '84c66cbb-1f13-4ed2-8416-076755b5dc49', '2025-12-21', '09:30:00', '2025-12-17 08:32:17.249486+00', 'd4c2833f-3115-4ca3-bbb3-6ed8efee56c4', '5059c895-369b-4a98-bf47-298018ee090a', NULL, NULL, 'draft', NULL, NULL, NULL, NULL, NULL, NULL, NULL, NULL, NULL);
INSERT INTO public.service_instances (id, church_id, service_date, service_time, created_at, service_group_id, campus_id, service_type_id, template_id, status, locked_at, locked_by, lock_reason, completed_at, completed_by, archived_at, archived_by, created_by, updated_by) VALUES ('93fa1d7c-4672-4385-b449-888accaf4e8c', '84c66cbb-1f13-4ed2-8416-076755b5dc49', '2025-12-21', '11:00:00', '2025-12-17 08:32:17.249486+00', 'd4c2833f-3115-4ca3-bbb3-6ed8efee56c4', '5059c895-369b-4a98-bf47-298018ee090a', NULL, NULL, 'draft', NULL, NULL, NULL, NULL, NULL, NULL, NULL, NULL, NULL);
INSERT INTO public.service_instances (id, church_id, service_date, service_time, created_at, service_group_id, campus_id, service_type_id, template_id, status, locked_at, locked_by, lock_reason, completed_at, completed_by, archived_at, archived_by, created_by, updated_by) VALUES ('4bb67a36-64cb-4e7d-8229-cb1353800dcd', '84c66cbb-1f13-4ed2-8416-076755b5dc49', '2025-12-21', '09:30:00', '2025-12-17 08:32:17.249486+00', 'd4c2833f-3115-4ca3-bbb3-6ed8efee56c4', '1043cdf5-61cd-486d-9db9-16216fa108b9', NULL, NULL, 'draft', NULL, NULL, NULL, NULL, NULL, NULL, NULL, NULL, NULL);
INSERT INTO public.service_instances (id, church_id, service_date, service_time, created_at, service_group_id, campus_id, service_type_id, template_id, status, locked_at, locked_by, lock_reason, completed_at, completed_by, archived_at, archived_by, created_by, updated_by) VALUES ('856e05a7-4a13-484d-ad6f-c4bd208fa06c', '84c66cbb-1f13-4ed2-8416-076755b5dc49', '2025-12-21', '10:00:00', '2025-12-17 08:32:17.249486+00', 'd4c2833f-3115-4ca3-bbb3-6ed8efee56c4', '575f2637-beee-43a4-b5b3-fc9be0af3f31', NULL, NULL, 'draft', NULL, NULL, NULL, NULL, NULL, NULL, NULL, NULL, NULL);
INSERT INTO public.service_instances (id, church_id, service_date, service_time, created_at, service_group_id, campus_id, service_type_id, template_id, status, locked_at, locked_by, lock_reason, completed_at, completed_by, archived_at, archived_by, created_by, updated_by) VALUES ('7cc681f8-d4da-4f0f-9304-450b63f2d915', '84c66cbb-1f13-4ed2-8416-076755b5dc49', '2025-12-21', '09:30:00', '2025-12-17 08:32:17.249486+00', 'd4c2833f-3115-4ca3-bbb3-6ed8efee56c4', 'd2c619dd-8012-4253-9211-deeada49548e', NULL, NULL, 'draft', NULL, NULL, NULL, NULL, NULL, NULL, NULL, NULL, NULL);
INSERT INTO public.service_instances (id, church_id, service_date, service_time, created_at, service_group_id, campus_id, service_type_id, template_id, status, locked_at, locked_by, lock_reason, completed_at, completed_by, archived_at, archived_by, created_by, updated_by) VALUES ('57b0b424-4fab-45d5-844b-98118fe3b93e', '84c66cbb-1f13-4ed2-8416-076755b5dc49', '2025-12-21', '09:30:00', '2025-12-17 08:32:17.249486+00', 'd4c2833f-3115-4ca3-bbb3-6ed8efee56c4', 'e41335a9-0292-4a4e-99c1-26434e33c3ed', NULL, NULL, 'draft', NULL, NULL, NULL, NULL, NULL, NULL, NULL, NULL, NULL);
INSERT INTO public.service_instances (id, church_id, service_date, service_time, created_at, service_group_id, campus_id, service_type_id, template_id, status, locked_at, locked_by, lock_reason, completed_at, completed_by, archived_at, archived_by, created_by, updated_by) VALUES ('2ff621c0-f233-4ca2-a242-587436b49575', '84c66cbb-1f13-4ed2-8416-076755b5dc49', '2025-12-21', '09:30:00', '2025-12-17 08:32:17.249486+00', 'd4c2833f-3115-4ca3-bbb3-6ed8efee56c4', '8b648d0f-4264-4860-b487-f37f6bb63df1', NULL, NULL, 'draft', NULL, NULL, NULL, NULL, NULL, NULL, NULL, NULL, NULL);
INSERT INTO public.service_instances (id, church_id, service_date, service_time, created_at, service_group_id, campus_id, service_type_id, template_id, status, locked_at, locked_by, lock_reason, completed_at, completed_by, archived_at, archived_by, created_by, updated_by) VALUES ('42ffaa6d-1caa-46a0-bd48-74e4656780b1', '84c66cbb-1f13-4ed2-8416-076755b5dc49', '2025-12-21', '18:00:00', '2025-12-17 08:32:17.249486+00', '3b5f8eec-2fa7-49df-8683-4a810bd6949a', '5059c895-369b-4a98-bf47-298018ee090a', NULL, NULL, 'draft', NULL, NULL, NULL, NULL, NULL, NULL, NULL, NULL, NULL);
INSERT INTO public.service_instances (id, church_id, service_date, service_time, created_at, service_group_id, campus_id, service_type_id, template_id, status, locked_at, locked_by, lock_reason, completed_at, completed_by, archived_at, archived_by, created_by, updated_by) VALUES ('6273c776-f2d6-4bdb-b405-0c5965e753b5', '84c66cbb-1f13-4ed2-8416-076755b5dc49', '2025-12-21', '18:30:00', '2025-12-17 08:32:17.249486+00', '3b5f8eec-2fa7-49df-8683-4a810bd6949a', 'd2c619dd-8012-4253-9211-deeada49548e', NULL, NULL, 'draft', NULL, NULL, NULL, NULL, NULL, NULL, NULL, NULL, NULL);
INSERT INTO public.service_instances (id, church_id, service_date, service_time, created_at, service_group_id, campus_id, service_type_id, template_id, status, locked_at, locked_by, lock_reason, completed_at, completed_by, archived_at, archived_by, created_by, updated_by) VALUES ('14fd03cc-0dc0-4301-80d9-48e90463a193', '84c66cbb-1f13-4ed2-8416-076755b5dc49', '2025-12-24', '19:00:00', '2025-12-17 08:32:17.249486+00', 'c08d1f12-5978-4c8c-a237-14e6f69a03b9', '1043cdf5-61cd-486d-9db9-16216fa108b9', NULL, NULL, 'draft', NULL, NULL, NULL, NULL, NULL, NULL, NULL, NULL, NULL);
INSERT INTO public.service_instances (id, church_id, service_date, service_time, created_at, service_group_id, campus_id, service_type_id, template_id, status, locked_at, locked_by, lock_reason, completed_at, completed_by, archived_at, archived_by, created_by, updated_by) VALUES ('bd55130c-514d-482a-b49b-ae4d5e751abb', '84c66cbb-1f13-4ed2-8416-076755b5dc49', '2026-01-04', '09:00:00', '2025-12-31 05:32:37.116531+00', '066c3500-9bfe-45f2-a6ea-6a2e1171d02a', '5059c895-369b-4a98-bf47-298018ee090a', NULL, NULL, 'draft', NULL, NULL, NULL, NULL, NULL, NULL, NULL, NULL, NULL);


--
-- Data for Name: service_assignments; Type: TABLE DATA; Schema: public; Owner: worship
--

INSERT INTO public.service_assignments (id, church_id, service_instance_id, role_id, person_id, status, is_lead, assigned_at, assigned_by, confirmed_at, notes, created_at, updated_at) VALUES ('482857ea-024b-4c3d-91a6-0a6636bdf819', 'a8c2c7ab-836a-4ef1-a373-562e20babb76', '506569ec-ea4c-4f21-8e2c-29259614cdb8', '40183b52-e686-48f1-8094-b85368c3d2e7', 'a41f0afd-3d01-46cf-8fe9-8a6d16ff3771', 'confirmed', false, '2025-12-14 09:28:40.728651+00', NULL, NULL, NULL, '2025-12-14 09:28:40.728651+00', '2025-12-14 09:28:40.728651+00');
INSERT INTO public.service_assignments (id, church_id, service_instance_id, role_id, person_id, status, is_lead, assigned_at, assigned_by, confirmed_at, notes, created_at, updated_at) VALUES ('90d68ffe-945f-47d8-b568-4e5aa5bd50a9', 'a8c2c7ab-836a-4ef1-a373-562e20babb76', '506569ec-ea4c-4f21-8e2c-29259614cdb8', '773b0b0b-5b0c-4a86-b1cf-cb587e359ec9', 'a41f0afd-3d01-46cf-8fe9-8a6d16ff3771', 'pending', false, '2025-12-14 09:30:31.266961+00', NULL, NULL, NULL, '2025-12-14 09:30:31.266961+00', '2025-12-14 09:30:31.266961+00');
INSERT INTO public.service_assignments (id, church_id, service_instance_id, role_id, person_id, status, is_lead, assigned_at, assigned_by, confirmed_at, notes, created_at, updated_at) VALUES ('275ebfc0-ca30-48e4-be14-ceba7228f713', '84c66cbb-1f13-4ed2-8416-076755b5dc49', 'bd55130c-514d-482a-b49b-ae4d5e751abb', '7c290086-ed11-4526-83b8-f7345060ca33', '3e8f993a-cf66-4678-a292-4858f5ca90ec', 'pending', false, '2025-12-31 19:32:03.887385+00', NULL, NULL, NULL, '2025-12-31 19:32:03.887385+00', '2025-12-31 19:32:03.887385+00');


--
-- Data for Name: assignment_notifications; Type: TABLE DATA; Schema: public; Owner: worship
--



--
-- Data for Name: care_cases; Type: TABLE DATA; Schema: public; Owner: worship
--



--
-- Data for Name: care_notes; Type: TABLE DATA; Schema: public; Owner: worship
--



--
-- Data for Name: contact_methods; Type: TABLE DATA; Schema: public; Owner: worship
--

INSERT INTO public.contact_methods (id, church_id, person_id, type, value, label, is_primary, created_at) VALUES ('6c8c8522-3fdd-4880-910b-d30ac846c8f7', 'a8c2c7ab-836a-4ef1-a373-562e20babb76', 'a41f0afd-3d01-46cf-8fe9-8a6d16ff3771', 'email', 'sarah.j@example.com', 'Personal', true, '2025-12-14 05:11:42.749052+00');
INSERT INTO public.contact_methods (id, church_id, person_id, type, value, label, is_primary, created_at) VALUES ('07172fa0-cd91-4027-9bfd-a6abbc4c0b4c', 'a8c2c7ab-836a-4ef1-a373-562e20babb76', 'a41f0afd-3d01-46cf-8fe9-8a6d16ff3771', 'mobile_phone', '+15550101001', 'Mobile', true, '2025-12-14 05:11:42.749052+00');
INSERT INTO public.contact_methods (id, church_id, person_id, type, value, label, is_primary, created_at) VALUES ('31d022d9-27af-46e2-9312-1fc9d1959c71', 'a8c2c7ab-836a-4ef1-a373-562e20babb76', 'c552ecce-8c0d-46e9-9309-d6b606b3fddd', 'email', 'michael.chang@workplace.com', 'Work', true, '2025-12-14 05:11:42.749052+00');
INSERT INTO public.contact_methods (id, church_id, person_id, type, value, label, is_primary, created_at) VALUES ('190851a4-703e-431f-9ad9-47da1619ad73', 'a8c2c7ab-836a-4ef1-a373-562e20babb76', 'c552ecce-8c0d-46e9-9309-d6b606b3fddd', 'email', 'mike.c88@gmail.com', 'Personal', false, '2025-12-14 05:11:42.749052+00');
INSERT INTO public.contact_methods (id, church_id, person_id, type, value, label, is_primary, created_at) VALUES ('d3faa6cd-85ad-416d-bca5-f194806fa273', 'a8c2c7ab-836a-4ef1-a373-562e20babb76', 'c552ecce-8c0d-46e9-9309-d6b606b3fddd', 'mobile_phone', '+15550102020', 'Personal', true, '2025-12-14 05:11:42.749052+00');
INSERT INTO public.contact_methods (id, church_id, person_id, type, value, label, is_primary, created_at) VALUES ('e9a2d885-316b-4195-aa7d-98950b26733f', 'a8c2c7ab-836a-4ef1-a373-562e20babb76', 'c552ecce-8c0d-46e9-9309-d6b606b3fddd', 'work_phone', '+15550103030', 'Office Direct', false, '2025-12-14 05:11:42.749052+00');
INSERT INTO public.contact_methods (id, church_id, person_id, type, value, label, is_primary, created_at) VALUES ('58b83dfe-2c41-4c40-b9cc-4fbbe8c13aae', 'a8c2c7ab-836a-4ef1-a373-562e20babb76', '8ddc0f58-a170-46b1-9852-6d1805d289e6', 'email', 'emily.r@creative.net', 'Personal', true, '2025-12-14 05:11:42.749052+00');
INSERT INTO public.contact_methods (id, church_id, person_id, type, value, label, is_primary, created_at) VALUES ('0324f6a2-3890-4b57-8ac4-40da0f7d9c05', 'a8c2c7ab-836a-4ef1-a373-562e20babb76', '8ddc0f58-a170-46b1-9852-6d1805d289e6', 'whatsapp', '+15550104040', 'WhatsApp', true, '2025-12-14 05:11:42.749052+00');
INSERT INTO public.contact_methods (id, church_id, person_id, type, value, label, is_primary, created_at) VALUES ('ab4754a1-ac7e-40b2-afd3-4f4f8166241c', 'a8c2c7ab-836a-4ef1-a373-562e20babb76', '8ddc0f58-a170-46b1-9852-6d1805d289e6', 'instagram', '@emily_rod_creative', 'Social', false, '2025-12-14 05:11:42.749052+00');
INSERT INTO public.contact_methods (id, church_id, person_id, type, value, label, is_primary, created_at) VALUES ('67351045-6743-4aa8-ad41-8dc0971ef0bb', 'a8c2c7ab-836a-4ef1-a373-562e20babb76', '7b707846-59f0-4dd2-82be-0bacd500908a', 'email', 'dmiller1975@yahoo.com', 'Home', true, '2025-12-14 05:11:42.749052+00');
INSERT INTO public.contact_methods (id, church_id, person_id, type, value, label, is_primary, created_at) VALUES ('5ed24550-5d76-496c-bd18-fad0e1475109', 'a8c2c7ab-836a-4ef1-a373-562e20babb76', '7b707846-59f0-4dd2-82be-0bacd500908a', 'landline_phone', '+15550105555', 'Home', true, '2025-12-14 05:11:42.749052+00');
INSERT INTO public.contact_methods (id, church_id, person_id, type, value, label, is_primary, created_at) VALUES ('25c65a30-bd3a-4ebf-95df-04ff3b8ad7cb', 'a8c2c7ab-836a-4ef1-a373-562e20babb76', '00a395fc-5999-4c21-876e-5a272763068f', 'email', 'j.wilson@london.co.uk', 'Work', true, '2025-12-14 05:11:42.749052+00');
INSERT INTO public.contact_methods (id, church_id, person_id, type, value, label, is_primary, created_at) VALUES ('2d437513-29ae-4633-bd42-d12e9a82477a', 'a8c2c7ab-836a-4ef1-a373-562e20babb76', '00a395fc-5999-4c21-876e-5a272763068f', 'mobile_phone', '+447911123456', 'Mobile', true, '2025-12-14 05:11:42.749052+00');
INSERT INTO public.contact_methods (id, church_id, person_id, type, value, label, is_primary, created_at) VALUES ('72a055d5-5c67-47e0-bf3a-2ff277352bf2', 'a8c2c7ab-836a-4ef1-a373-562e20babb76', '75dfa581-d6c9-435f-98cf-ff07a2817ea0', 'email', 'jess.chen@university.edu', 'School', true, '2025-12-14 05:11:42.749052+00');
INSERT INTO public.contact_methods (id, church_id, person_id, type, value, label, is_primary, created_at) VALUES ('7f3b97ff-5f2f-4953-a294-c2e9abcb5750', 'a8c2c7ab-836a-4ef1-a373-562e20babb76', 'd3987d83-3a69-4e8c-87f3-54675890df05', 'email_personal', 'amy.white@gmail.com', 'Personal', true, '2025-12-14 08:19:30.198816+00');
INSERT INTO public.contact_methods (id, church_id, person_id, type, value, label, is_primary, created_at) VALUES ('3aaf67af-0ab1-4f24-8c32-76c58f74a682', 'a8c2c7ab-836a-4ef1-a373-562e20babb76', 'd3987d83-3a69-4e8c-87f3-54675890df05', 'social_instagram', '@amywhite', 'Instagram', false, '2025-12-14 08:19:30.198816+00');
INSERT INTO public.contact_methods (id, church_id, person_id, type, value, label, is_primary, created_at) VALUES ('b3c56a62-043e-46c8-bef7-6073abc423d6', 'a8c2c7ab-836a-4ef1-a373-562e20babb76', 'b27a45ae-3231-4cba-8fa4-bee3d5362dd7', 'phone_mobile', '(253) 555-0142', 'Mobile', true, '2025-12-14 08:19:30.198816+00');
INSERT INTO public.contact_methods (id, church_id, person_id, type, value, label, is_primary, created_at) VALUES ('0bccc3ae-757d-4a31-a124-9d4597070f16', 'a8c2c7ab-836a-4ef1-a373-562e20babb76', 'da4be703-3c01-4770-a0c8-fdc67ca188d8', 'phone_mobile', '(253) 555-0198', 'Mobile', true, '2025-12-14 08:19:30.198816+00');
INSERT INTO public.contact_methods (id, church_id, person_id, type, value, label, is_primary, created_at) VALUES ('0604c842-bec9-4fe0-bf6e-307840b6754f', 'a8c2c7ab-836a-4ef1-a373-562e20babb76', 'da4be703-3c01-4770-a0c8-fdc67ca188d8', 'phone_home', '(253) 555-0199', 'Home', false, '2025-12-14 08:19:30.198816+00');
INSERT INTO public.contact_methods (id, church_id, person_id, type, value, label, is_primary, created_at) VALUES ('3e4bb8fc-ea7c-4522-9397-68ae50205be9', 'a8c2c7ab-836a-4ef1-a373-562e20babb76', 'da4be703-3c01-4770-a0c8-fdc67ca188d8', 'email_personal', 'brian.wikene@gmail.com', 'Personal', true, '2025-12-14 08:19:30.198816+00');
INSERT INTO public.contact_methods (id, church_id, person_id, type, value, label, is_primary, created_at) VALUES ('08d498e8-a41e-4cbb-ac0d-1ed22024cbae', 'a8c2c7ab-836a-4ef1-a373-562e20babb76', 'da4be703-3c01-4770-a0c8-fdc67ca188d8', 'email_work', 'bwikene@vineyard.org', 'Work', false, '2025-12-14 08:19:30.198816+00');
INSERT INTO public.contact_methods (id, church_id, person_id, type, value, label, is_primary, created_at) VALUES ('b2acff57-d83f-4750-a013-3ddb9612d5ec', 'a8c2c7ab-836a-4ef1-a373-562e20babb76', 'da4be703-3c01-4770-a0c8-fdc67ca188d8', 'social_facebook', 'brian.wikene', 'Facebook', false, '2025-12-14 08:19:30.198816+00');
INSERT INTO public.contact_methods (id, church_id, person_id, type, value, label, is_primary, created_at) VALUES ('b3e13397-f4f0-4128-b8e6-36e8e6d74d5d', 'a8c2c7ab-836a-4ef1-a373-562e20babb76', 'da4be703-3c01-4770-a0c8-fdc67ca188d8', 'social_instagram', '@brianwikene', 'Instagram', false, '2025-12-14 08:19:30.198816+00');
INSERT INTO public.contact_methods (id, church_id, person_id, type, value, label, is_primary, created_at) VALUES ('a2ea9c8e-01d9-4fbc-98e7-d886a6a40bd1', 'a8c2c7ab-836a-4ef1-a373-562e20babb76', '6ad847be-d884-49ff-9814-7cb387736c96', 'phone_mobile', '(253) 555-0175', 'Mobile', true, '2025-12-14 08:19:30.198816+00');
INSERT INTO public.contact_methods (id, church_id, person_id, type, value, label, is_primary, created_at) VALUES ('218dd79e-c2b1-42d0-aeab-c32a0ca9e836', 'a8c2c7ab-836a-4ef1-a373-562e20babb76', '6ad847be-d884-49ff-9814-7cb387736c96', 'email_personal', 'chris.t@outlook.com', 'Personal', true, '2025-12-14 08:19:30.198816+00');
INSERT INTO public.contact_methods (id, church_id, person_id, type, value, label, is_primary, created_at) VALUES ('60a45074-624d-4f41-814b-23d9cbc61afb', 'a8c2c7ab-836a-4ef1-a373-562e20babb76', '360cf963-2a49-44e3-baa5-1ce55b3cc4ba', 'social_twitter', '@dashritchie', 'Twitter/X', true, '2025-12-14 08:19:30.198816+00');
INSERT INTO public.contact_methods (id, church_id, person_id, type, value, label, is_primary, created_at) VALUES ('5c2b3489-60e2-4cca-9184-a1584261912c', 'a8c2c7ab-836a-4ef1-a373-562e20babb76', '360cf963-2a49-44e3-baa5-1ce55b3cc4ba', 'social_instagram', '@dash.ritchie', 'Instagram', false, '2025-12-14 08:19:30.198816+00');
INSERT INTO public.contact_methods (id, church_id, person_id, type, value, label, is_primary, created_at) VALUES ('53d5cd8e-4d1d-40fb-8b4c-4c91b310d80c', 'a8c2c7ab-836a-4ef1-a373-562e20babb76', 'aa70eb2e-077f-4bdf-9078-0f2e0c8bf0fd', 'phone_mobile', '(253) 555-0197', 'Mobile', true, '2025-12-14 08:19:30.198816+00');
INSERT INTO public.contact_methods (id, church_id, person_id, type, value, label, is_primary, created_at) VALUES ('7cd6d437-ccfc-4446-9dda-5569f8cbcd0b', 'a8c2c7ab-836a-4ef1-a373-562e20babb76', 'aa70eb2e-077f-4bdf-9078-0f2e0c8bf0fd', 'phone_home', '(253) 555-0199', 'Home', false, '2025-12-14 08:19:30.198816+00');
INSERT INTO public.contact_methods (id, church_id, person_id, type, value, label, is_primary, created_at) VALUES ('b0e191d5-4f51-4a16-868e-eca3718be779', 'a8c2c7ab-836a-4ef1-a373-562e20babb76', 'aa70eb2e-077f-4bdf-9078-0f2e0c8bf0fd', 'email_personal', 'heather.wikene@gmail.com', 'Personal', true, '2025-12-14 08:19:30.198816+00');
INSERT INTO public.contact_methods (id, church_id, person_id, type, value, label, is_primary, created_at) VALUES ('89ea3a03-5f36-4f37-88a4-10e509ea30ae', 'a8c2c7ab-836a-4ef1-a373-562e20babb76', '8644e9d4-f82f-4453-a34f-18e7c887fbeb', 'phone_mobile', '(425) 555-0188', 'Mobile', true, '2025-12-14 08:19:30.198816+00');
INSERT INTO public.contact_methods (id, church_id, person_id, type, value, label, is_primary, created_at) VALUES ('0428e88c-13cb-49aa-b99f-5bb5e9002dff', 'a8c2c7ab-836a-4ef1-a373-562e20babb76', '8644e9d4-f82f-4453-a34f-18e7c887fbeb', 'phone_work', '(425) 555-0300', 'Work', false, '2025-12-14 08:19:30.198816+00');
INSERT INTO public.contact_methods (id, church_id, person_id, type, value, label, is_primary, created_at) VALUES ('e176adda-b404-42f8-b7c3-5dc973fd25d7', 'a8c2c7ab-836a-4ef1-a373-562e20babb76', '8644e9d4-f82f-4453-a34f-18e7c887fbeb', 'email_personal', 'james.wilson@gmail.com', 'Personal', true, '2025-12-14 08:19:30.198816+00');
INSERT INTO public.contact_methods (id, church_id, person_id, type, value, label, is_primary, created_at) VALUES ('11c63223-600b-449e-8bd3-2018168ecddb', 'a8c2c7ab-836a-4ef1-a373-562e20babb76', '8644e9d4-f82f-4453-a34f-18e7c887fbeb', 'email_work', 'jwilson@techcorp.com', 'Work', false, '2025-12-14 08:19:30.198816+00');
INSERT INTO public.contact_methods (id, church_id, person_id, type, value, label, is_primary, created_at) VALUES ('62b0fec5-36e9-4057-9c4d-1ff17afe5b37', 'a8c2c7ab-836a-4ef1-a373-562e20babb76', '8644e9d4-f82f-4453-a34f-18e7c887fbeb', 'social_linkedin', 'jameswilson', 'LinkedIn', false, '2025-12-14 08:19:30.198816+00');
INSERT INTO public.contact_methods (id, church_id, person_id, type, value, label, is_primary, created_at) VALUES ('d43b63c4-128e-40ff-8b7a-1e24274b660b', 'a8c2c7ab-836a-4ef1-a373-562e20babb76', '597c84be-34b7-4b5f-b433-014d91cc1963', 'phone_mobile', '(253) 555-0156', 'Mobile', true, '2025-12-14 08:19:30.198816+00');
INSERT INTO public.contact_methods (id, church_id, person_id, type, value, label, is_primary, created_at) VALUES ('bd8a81eb-955b-47ed-912b-a5741d38537f', 'a8c2c7ab-836a-4ef1-a373-562e20babb76', '597c84be-34b7-4b5f-b433-014d91cc1963', 'phone_home', '(253) 555-0157', 'Home', false, '2025-12-14 08:19:30.198816+00');
INSERT INTO public.contact_methods (id, church_id, person_id, type, value, label, is_primary, created_at) VALUES ('b61d609c-56e0-4491-8575-38e97cf0bc3c', 'a8c2c7ab-836a-4ef1-a373-562e20babb76', '597c84be-34b7-4b5f-b433-014d91cc1963', 'email_personal', 'emily.rodriguez@yahoo.com', 'Personal', true, '2025-12-14 08:19:30.198816+00');
INSERT INTO public.contact_methods (id, church_id, person_id, type, value, label, is_primary, created_at) VALUES ('6004151d-7f5e-413b-9490-2e7a087d56a7', 'a8c2c7ab-836a-4ef1-a373-562e20babb76', '597c84be-34b7-4b5f-b433-014d91cc1963', 'social_facebook', 'emily.rodriguez', 'Facebook', false, '2025-12-14 08:19:30.198816+00');


--
-- Data for Name: families; Type: TABLE DATA; Schema: public; Owner: worship
--

INSERT INTO public.families (id, church_id, name, primary_address_id, notes, is_active, created_at, updated_at) VALUES ('464b2c8a-5deb-4e99-8307-afe4f2ae6665', 'a8c2c7ab-836a-4ef1-a373-562e20babb76', 'The Miller Family', 'c26dbfe2-df15-4d4f-b5e0-dfa6d56c50c0', NULL, true, '2025-12-14 08:26:06.039619+00', '2025-12-14 08:26:06.039619+00');
INSERT INTO public.families (id, church_id, name, primary_address_id, notes, is_active, created_at, updated_at) VALUES ('9731d8dd-dce4-4581-bdfe-7223910f9c66', 'a8c2c7ab-836a-4ef1-a373-562e20babb76', 'The Wikene Family', '29120a96-e245-4c91-abe9-e60afdb7d728', 'Foster care family. AJ and Sabrina may trial with grandmother soon.', true, '2025-12-14 08:29:21.361728+00', '2025-12-14 08:29:21.361728+00');
INSERT INTO public.families (id, church_id, name, primary_address_id, notes, is_active, created_at, updated_at) VALUES ('932db708-37ca-49de-ba06-17d179f0dec0', '84c66cbb-1f13-4ed2-8416-076755b5dc49', 'BALLARD Family 1', NULL, NULL, true, '2025-12-17 08:37:48.431703+00', '2025-12-17 08:37:48.431703+00');
INSERT INTO public.families (id, church_id, name, primary_address_id, notes, is_active, created_at, updated_at) VALUES ('9cab3834-cc15-4a9a-bace-995bff1b391c', '84c66cbb-1f13-4ed2-8416-076755b5dc49', 'EASTSIDE Family 1', NULL, NULL, true, '2025-12-17 08:37:48.431703+00', '2025-12-17 08:37:48.431703+00');
INSERT INTO public.families (id, church_id, name, primary_address_id, notes, is_active, created_at, updated_at) VALUES ('c0117758-4200-45ef-aa02-0f91c01bcab7', '84c66cbb-1f13-4ed2-8416-076755b5dc49', 'EASTSIDE Family 2', NULL, NULL, true, '2025-12-17 08:37:48.431703+00', '2025-12-17 08:37:48.431703+00');
INSERT INTO public.families (id, church_id, name, primary_address_id, notes, is_active, created_at, updated_at) VALUES ('9b886e42-8483-484c-ae54-1b1a3554b40e', '84c66cbb-1f13-4ed2-8416-076755b5dc49', 'GREEN LAKE Family 1', NULL, NULL, true, '2025-12-17 08:37:48.431703+00', '2025-12-17 08:37:48.431703+00');
INSERT INTO public.families (id, church_id, name, primary_address_id, notes, is_active, created_at, updated_at) VALUES ('60ff100b-433b-4250-ab98-a3018e9d6da4', '84c66cbb-1f13-4ed2-8416-076755b5dc49', 'GREEN LAKE Family 3', NULL, NULL, true, '2025-12-17 08:37:48.431703+00', '2025-12-17 08:37:48.431703+00');
INSERT INTO public.families (id, church_id, name, primary_address_id, notes, is_active, created_at, updated_at) VALUES ('5473dff8-4c93-4e61-a371-635f92b02391', '84c66cbb-1f13-4ed2-8416-076755b5dc49', 'NORTH Family 1', NULL, NULL, true, '2025-12-17 08:37:48.431703+00', '2025-12-17 08:37:48.431703+00');
INSERT INTO public.families (id, church_id, name, primary_address_id, notes, is_active, created_at, updated_at) VALUES ('37b7db94-d0c6-4e63-9dbc-73283f8c6e3d', '84c66cbb-1f13-4ed2-8416-076755b5dc49', 'NORTH Family 2', NULL, NULL, true, '2025-12-17 08:37:48.431703+00', '2025-12-17 08:37:48.431703+00');
INSERT INTO public.families (id, church_id, name, primary_address_id, notes, is_active, created_at, updated_at) VALUES ('843be884-9d19-4d74-8014-0ed9e1f03aa8', '84c66cbb-1f13-4ed2-8416-076755b5dc49', 'NORTH Family 3', NULL, NULL, true, '2025-12-17 08:37:48.431703+00', '2025-12-17 08:37:48.431703+00');
INSERT INTO public.families (id, church_id, name, primary_address_id, notes, is_active, created_at, updated_at) VALUES ('8d87211f-d6f1-40a9-8099-04790dec1769', '84c66cbb-1f13-4ed2-8416-076755b5dc49', 'NORTHEAST Family 1', NULL, NULL, true, '2025-12-17 08:37:48.431703+00', '2025-12-17 08:37:48.431703+00');
INSERT INTO public.families (id, church_id, name, primary_address_id, notes, is_active, created_at, updated_at) VALUES ('24430626-39fe-499d-9af8-52022de3f494', '84c66cbb-1f13-4ed2-8416-076755b5dc49', 'NORTHEAST Family 2', NULL, NULL, true, '2025-12-17 08:37:48.431703+00', '2025-12-17 08:37:48.431703+00');
INSERT INTO public.families (id, church_id, name, primary_address_id, notes, is_active, created_at, updated_at) VALUES ('3955a8d2-739c-4be6-bd5a-5d8fa67fd337', '84c66cbb-1f13-4ed2-8416-076755b5dc49', 'NORTHEAST Family 3', NULL, NULL, true, '2025-12-17 08:37:48.431703+00', '2025-12-17 08:37:48.431703+00');
INSERT INTO public.families (id, church_id, name, primary_address_id, notes, is_active, created_at, updated_at) VALUES ('674d7cfd-9ac1-416c-bcd5-874c4bfee72f', '84c66cbb-1f13-4ed2-8416-076755b5dc49', 'WEST SEATTLE Family 1', NULL, NULL, true, '2025-12-17 08:37:48.431703+00', '2025-12-17 08:37:48.431703+00');
INSERT INTO public.families (id, church_id, name, primary_address_id, notes, is_active, created_at, updated_at) VALUES ('24897180-bd4c-4b51-b0e1-6c88054c13d1', '84c66cbb-1f13-4ed2-8416-076755b5dc49', 'WEST SEATTLE Family 2', NULL, NULL, true, '2025-12-17 08:37:48.431703+00', '2025-12-17 08:37:48.431703+00');
INSERT INTO public.families (id, church_id, name, primary_address_id, notes, is_active, created_at, updated_at) VALUES ('74e09e14-be9a-4292-9885-c6ea496e63a0', '84c66cbb-1f13-4ed2-8416-076755b5dc49', 'WEST SEATTLE Family 3', NULL, NULL, true, '2025-12-17 08:37:48.431703+00', '2025-12-17 08:37:48.431703+00');
INSERT INTO public.families (id, church_id, name, primary_address_id, notes, is_active, created_at, updated_at) VALUES ('98973a60-1743-404a-b024-f4fc64ff43d5', '84c66cbb-1f13-4ed2-8416-076755b5dc49', 'Hanson (Brad & Karen)', NULL, NULL, true, '2025-12-23 06:27:19.510608+00', '2025-12-23 06:27:19.510608+00');
INSERT INTO public.families (id, church_id, name, primary_address_id, notes, is_active, created_at, updated_at) VALUES ('e2b23a26-8ec5-47e5-836c-9104f6aaeb0c', 'a8c2c7ab-836a-4ef1-a373-562e20babb76', 'Foster Family Example', NULL, 'This is a test family', true, '2025-12-15 07:52:13.955401+00', '2025-12-29 08:20:36.907169+00');
INSERT INTO public.families (id, church_id, name, primary_address_id, notes, is_active, created_at, updated_at) VALUES ('78e98df4-a968-4197-a100-47772f22af32', '84c66cbb-1f13-4ed2-8416-076755b5dc49', 'Wikene Family', '30a5aaa3-b7ef-47f5-b40a-caba8dc0a25b', NULL, true, '2025-12-31 06:52:58.838728+00', '2025-12-31 06:52:58.838728+00');
INSERT INTO public.families (id, church_id, name, primary_address_id, notes, is_active, created_at, updated_at) VALUES ('67950c62-b442-4cfa-9450-f5defdcd448b', '84c66cbb-1f13-4ed2-8416-076755b5dc49', 'Perez Family', NULL, NULL, true, '2026-01-01 06:20:32.351364+00', '2026-01-01 06:20:32.351364+00');
INSERT INTO public.families (id, church_id, name, primary_address_id, notes, is_active, created_at, updated_at) VALUES ('37c1d59e-8694-4a3d-986f-33f640299656', '84c66cbb-1f13-4ed2-8416-076755b5dc49', 'BALLARD Family 2', NULL, NULL, false, '2025-12-17 08:37:48.431703+00', '2026-01-01 06:20:44.916177+00');
INSERT INTO public.families (id, church_id, name, primary_address_id, notes, is_active, created_at, updated_at) VALUES ('576a80f4-ae20-4d1c-bfe4-aa78cf278abb', '84c66cbb-1f13-4ed2-8416-076755b5dc49', 'BALLARD Family 3', NULL, NULL, false, '2025-12-17 08:37:48.431703+00', '2026-01-01 06:20:48.052446+00');
INSERT INTO public.families (id, church_id, name, primary_address_id, notes, is_active, created_at, updated_at) VALUES ('edd5916f-307c-4bba-b5b6-01b868cee8fc', '84c66cbb-1f13-4ed2-8416-076755b5dc49', 'EASTSIDE Family 3', NULL, NULL, false, '2025-12-17 08:37:48.431703+00', '2026-01-01 06:20:52.853229+00');
INSERT INTO public.families (id, church_id, name, primary_address_id, notes, is_active, created_at, updated_at) VALUES ('bf61caa8-72e9-4f96-813d-ac3cd211e3e2', '84c66cbb-1f13-4ed2-8416-076755b5dc49', 'GREEN LAKE Family 2', NULL, NULL, false, '2025-12-17 08:37:48.431703+00', '2026-01-01 06:20:55.552406+00');
INSERT INTO public.families (id, church_id, name, primary_address_id, notes, is_active, created_at, updated_at) VALUES ('aa29a950-ff74-44fd-8311-2447faae76c7', '84c66cbb-1f13-4ed2-8416-076755b5dc49', 'The WIkene Family', NULL, NULL, false, '2025-12-29 08:01:51.790715+00', '2026-01-01 06:21:17.453261+00');


--
-- Data for Name: family_members; Type: TABLE DATA; Schema: public; Owner: worship
--

INSERT INTO public.family_members (id, church_id, family_id, person_id, relationship, start_date, end_date, is_temporary, is_active, is_primary_contact, notes, created_at, updated_at) VALUES ('97275faa-af43-400e-b552-d59e8f2f1f03', 'a8c2c7ab-836a-4ef1-a373-562e20babb76', '464b2c8a-5deb-4e99-8307-afe4f2ae6665', '7b707846-59f0-4dd2-82be-0bacd500908a', 'parent', NULL, NULL, false, true, true, NULL, '2025-12-14 08:26:06.039619+00', '2025-12-14 08:26:06.039619+00');
INSERT INTO public.family_members (id, church_id, family_id, person_id, relationship, start_date, end_date, is_temporary, is_active, is_primary_contact, notes, created_at, updated_at) VALUES ('91c92bc7-f15c-42a2-9781-32caefe314cd', 'a8c2c7ab-836a-4ef1-a373-562e20babb76', '464b2c8a-5deb-4e99-8307-afe4f2ae6665', 'd52578bf-fdc7-44c1-bff3-54c4ee2e73c9', 'parent', NULL, NULL, false, true, true, NULL, '2025-12-14 08:26:06.039619+00', '2025-12-14 08:26:06.039619+00');
INSERT INTO public.family_members (id, church_id, family_id, person_id, relationship, start_date, end_date, is_temporary, is_active, is_primary_contact, notes, created_at, updated_at) VALUES ('45525331-044b-4e17-8e47-b11113211be9', 'a8c2c7ab-836a-4ef1-a373-562e20babb76', '464b2c8a-5deb-4e99-8307-afe4f2ae6665', '0b0ae695-7206-441b-a6cb-bd3b16aa19fc', 'child', NULL, NULL, false, true, false, NULL, '2025-12-14 08:26:06.039619+00', '2025-12-14 08:26:06.039619+00');
INSERT INTO public.family_members (id, church_id, family_id, person_id, relationship, start_date, end_date, is_temporary, is_active, is_primary_contact, notes, created_at, updated_at) VALUES ('4f41c1b9-5754-4178-8795-932786eece34', 'a8c2c7ab-836a-4ef1-a373-562e20babb76', '9731d8dd-dce4-4581-bdfe-7223910f9c66', 'da4be703-3c01-4770-a0c8-fdc67ca188d8', 'parent', NULL, NULL, false, true, true, NULL, '2025-12-14 08:29:21.361728+00', '2025-12-14 08:29:21.361728+00');
INSERT INTO public.family_members (id, church_id, family_id, person_id, relationship, start_date, end_date, is_temporary, is_active, is_primary_contact, notes, created_at, updated_at) VALUES ('a744609c-5d14-43ca-b233-f11d39cfa181', 'a8c2c7ab-836a-4ef1-a373-562e20babb76', '9731d8dd-dce4-4581-bdfe-7223910f9c66', 'aa70eb2e-077f-4bdf-9078-0f2e0c8bf0fd', 'parent', NULL, NULL, false, true, true, NULL, '2025-12-14 08:29:21.361728+00', '2025-12-14 08:29:21.361728+00');
INSERT INTO public.family_members (id, church_id, family_id, person_id, relationship, start_date, end_date, is_temporary, is_active, is_primary_contact, notes, created_at, updated_at) VALUES ('e0452756-2895-4e90-929e-87b79a915398', 'a8c2c7ab-836a-4ef1-a373-562e20babb76', '9731d8dd-dce4-4581-bdfe-7223910f9c66', '0bfdf819-ac8e-4eb0-ae79-fdddd4f14103', 'foster_child', NULL, NULL, true, true, false, NULL, '2025-12-14 08:29:21.361728+00', '2025-12-14 08:29:21.361728+00');
INSERT INTO public.family_members (id, church_id, family_id, person_id, relationship, start_date, end_date, is_temporary, is_active, is_primary_contact, notes, created_at, updated_at) VALUES ('7544a138-d6c5-4688-9004-96a97005ffd9', 'a8c2c7ab-836a-4ef1-a373-562e20babb76', '9731d8dd-dce4-4581-bdfe-7223910f9c66', '92774894-cd1e-4ed0-9a5c-8eda5ec56ab7', 'foster_child', NULL, NULL, true, true, false, NULL, '2025-12-14 08:29:21.361728+00', '2025-12-14 08:29:21.361728+00');
INSERT INTO public.family_members (id, church_id, family_id, person_id, relationship, start_date, end_date, is_temporary, is_active, is_primary_contact, notes, created_at, updated_at) VALUES ('664f51b2-0b5a-402b-b9ad-de1d5a4a88b9', 'a8c2c7ab-836a-4ef1-a373-562e20babb76', 'e2b23a26-8ec5-47e5-836c-9104f6aaeb0c', '86c72c3b-53aa-4675-8e49-4d6ff650ed13', 'parent', NULL, NULL, false, true, true, NULL, '2025-12-15 07:52:13.975511+00', '2025-12-15 07:52:13.975511+00');
INSERT INTO public.family_members (id, church_id, family_id, person_id, relationship, start_date, end_date, is_temporary, is_active, is_primary_contact, notes, created_at, updated_at) VALUES ('bdbf9068-bfcf-4894-82e9-0181d815b280', '84c66cbb-1f13-4ed2-8416-076755b5dc49', '24430626-39fe-499d-9af8-52022de3f494', '12ae7136-e696-4914-b471-16e947c29b4e', 'adult', NULL, NULL, false, true, true, NULL, '2025-12-17 08:37:48.431703+00', '2025-12-17 08:37:48.431703+00');
INSERT INTO public.family_members (id, church_id, family_id, person_id, relationship, start_date, end_date, is_temporary, is_active, is_primary_contact, notes, created_at, updated_at) VALUES ('96544128-bc7c-4a90-b607-faab79270017', '84c66cbb-1f13-4ed2-8416-076755b5dc49', '24430626-39fe-499d-9af8-52022de3f494', '28624550-0b1e-4966-9aaf-294cd4099e16', 'adult', NULL, NULL, false, true, false, NULL, '2025-12-17 08:37:48.431703+00', '2025-12-17 08:37:48.431703+00');
INSERT INTO public.family_members (id, church_id, family_id, person_id, relationship, start_date, end_date, is_temporary, is_active, is_primary_contact, notes, created_at, updated_at) VALUES ('578e235c-aa1f-4476-be94-6a979b323c99', '84c66cbb-1f13-4ed2-8416-076755b5dc49', '24430626-39fe-499d-9af8-52022de3f494', 'ae2bc8ef-c6d3-4ff1-9330-5490f1a0a16b', 'child', NULL, NULL, false, true, false, NULL, '2025-12-17 08:37:48.431703+00', '2025-12-17 08:37:48.431703+00');
INSERT INTO public.family_members (id, church_id, family_id, person_id, relationship, start_date, end_date, is_temporary, is_active, is_primary_contact, notes, created_at, updated_at) VALUES ('fe2cb931-6a6f-4aba-8dc2-d093452a6b09', '84c66cbb-1f13-4ed2-8416-076755b5dc49', '24430626-39fe-499d-9af8-52022de3f494', '90d504f6-2573-4fe4-b477-0af9460f78a7', 'adult', NULL, NULL, false, true, false, NULL, '2025-12-17 08:37:48.431703+00', '2025-12-17 08:37:48.431703+00');
INSERT INTO public.family_members (id, church_id, family_id, person_id, relationship, start_date, end_date, is_temporary, is_active, is_primary_contact, notes, created_at, updated_at) VALUES ('902d0d74-31c1-4a3c-a3ef-fd0806b4106b', '84c66cbb-1f13-4ed2-8416-076755b5dc49', '24430626-39fe-499d-9af8-52022de3f494', 'ffeac24f-86cb-4719-95a6-34c1d915ed1d', 'adult', NULL, NULL, false, true, false, NULL, '2025-12-17 08:37:48.431703+00', '2025-12-17 08:37:48.431703+00');
INSERT INTO public.family_members (id, church_id, family_id, person_id, relationship, start_date, end_date, is_temporary, is_active, is_primary_contact, notes, created_at, updated_at) VALUES ('e6782b58-9672-4510-8811-ac17fa8347a6', '84c66cbb-1f13-4ed2-8416-076755b5dc49', '24897180-bd4c-4b51-b0e1-6c88054c13d1', '12ae7136-e696-4914-b471-16e947c29b4e', 'adult', NULL, NULL, false, true, true, NULL, '2025-12-17 08:37:48.431703+00', '2025-12-17 08:37:48.431703+00');
INSERT INTO public.family_members (id, church_id, family_id, person_id, relationship, start_date, end_date, is_temporary, is_active, is_primary_contact, notes, created_at, updated_at) VALUES ('621f60d4-9563-40aa-b9d4-6fa0de7365bc', '84c66cbb-1f13-4ed2-8416-076755b5dc49', '24897180-bd4c-4b51-b0e1-6c88054c13d1', '28624550-0b1e-4966-9aaf-294cd4099e16', 'adult', NULL, NULL, false, true, false, NULL, '2025-12-17 08:37:48.431703+00', '2025-12-17 08:37:48.431703+00');
INSERT INTO public.family_members (id, church_id, family_id, person_id, relationship, start_date, end_date, is_temporary, is_active, is_primary_contact, notes, created_at, updated_at) VALUES ('230e090b-d8da-406f-845b-109a634f65a4', '84c66cbb-1f13-4ed2-8416-076755b5dc49', '24897180-bd4c-4b51-b0e1-6c88054c13d1', 'ae2bc8ef-c6d3-4ff1-9330-5490f1a0a16b', 'child', NULL, NULL, false, true, false, NULL, '2025-12-17 08:37:48.431703+00', '2025-12-17 08:37:48.431703+00');
INSERT INTO public.family_members (id, church_id, family_id, person_id, relationship, start_date, end_date, is_temporary, is_active, is_primary_contact, notes, created_at, updated_at) VALUES ('1c68716f-08f0-4921-be6f-f9d82e2a11a6', '84c66cbb-1f13-4ed2-8416-076755b5dc49', '24897180-bd4c-4b51-b0e1-6c88054c13d1', '90d504f6-2573-4fe4-b477-0af9460f78a7', 'adult', NULL, NULL, false, true, false, NULL, '2025-12-17 08:37:48.431703+00', '2025-12-17 08:37:48.431703+00');
INSERT INTO public.family_members (id, church_id, family_id, person_id, relationship, start_date, end_date, is_temporary, is_active, is_primary_contact, notes, created_at, updated_at) VALUES ('6292f219-0a8e-43b9-afdf-85ebeb0fb23a', '84c66cbb-1f13-4ed2-8416-076755b5dc49', '24897180-bd4c-4b51-b0e1-6c88054c13d1', 'ffeac24f-86cb-4719-95a6-34c1d915ed1d', 'adult', NULL, NULL, false, true, false, NULL, '2025-12-17 08:37:48.431703+00', '2025-12-17 08:37:48.431703+00');
INSERT INTO public.family_members (id, church_id, family_id, person_id, relationship, start_date, end_date, is_temporary, is_active, is_primary_contact, notes, created_at, updated_at) VALUES ('5c93705b-8577-429d-9c14-c666ec9ae002', '84c66cbb-1f13-4ed2-8416-076755b5dc49', '37b7db94-d0c6-4e63-9dbc-73283f8c6e3d', '12ae7136-e696-4914-b471-16e947c29b4e', 'adult', NULL, NULL, false, true, true, NULL, '2025-12-17 08:37:48.431703+00', '2025-12-17 08:37:48.431703+00');
INSERT INTO public.family_members (id, church_id, family_id, person_id, relationship, start_date, end_date, is_temporary, is_active, is_primary_contact, notes, created_at, updated_at) VALUES ('e6eaaf05-37c3-4a6b-abd0-11308e246dc8', '84c66cbb-1f13-4ed2-8416-076755b5dc49', '37b7db94-d0c6-4e63-9dbc-73283f8c6e3d', '28624550-0b1e-4966-9aaf-294cd4099e16', 'adult', NULL, NULL, false, true, false, NULL, '2025-12-17 08:37:48.431703+00', '2025-12-17 08:37:48.431703+00');
INSERT INTO public.family_members (id, church_id, family_id, person_id, relationship, start_date, end_date, is_temporary, is_active, is_primary_contact, notes, created_at, updated_at) VALUES ('7e186d91-62dc-41d2-b58d-3f47498642a3', '84c66cbb-1f13-4ed2-8416-076755b5dc49', '37b7db94-d0c6-4e63-9dbc-73283f8c6e3d', 'ae2bc8ef-c6d3-4ff1-9330-5490f1a0a16b', 'child', NULL, NULL, false, true, false, NULL, '2025-12-17 08:37:48.431703+00', '2025-12-17 08:37:48.431703+00');
INSERT INTO public.family_members (id, church_id, family_id, person_id, relationship, start_date, end_date, is_temporary, is_active, is_primary_contact, notes, created_at, updated_at) VALUES ('797aa37e-030c-409d-82e7-cccd5bb6fbee', '84c66cbb-1f13-4ed2-8416-076755b5dc49', '37b7db94-d0c6-4e63-9dbc-73283f8c6e3d', '90d504f6-2573-4fe4-b477-0af9460f78a7', 'adult', NULL, NULL, false, true, false, NULL, '2025-12-17 08:37:48.431703+00', '2025-12-17 08:37:48.431703+00');
INSERT INTO public.family_members (id, church_id, family_id, person_id, relationship, start_date, end_date, is_temporary, is_active, is_primary_contact, notes, created_at, updated_at) VALUES ('1f64cfa9-ff5e-4853-9af9-03cfd6af42d9', '84c66cbb-1f13-4ed2-8416-076755b5dc49', '37b7db94-d0c6-4e63-9dbc-73283f8c6e3d', 'ffeac24f-86cb-4719-95a6-34c1d915ed1d', 'adult', NULL, NULL, false, true, false, NULL, '2025-12-17 08:37:48.431703+00', '2025-12-17 08:37:48.431703+00');
INSERT INTO public.family_members (id, church_id, family_id, person_id, relationship, start_date, end_date, is_temporary, is_active, is_primary_contact, notes, created_at, updated_at) VALUES ('8ec84648-f9c9-49fa-97d2-3e60d6df1c33', '84c66cbb-1f13-4ed2-8416-076755b5dc49', '37c1d59e-8694-4a3d-986f-33f640299656', '12ae7136-e696-4914-b471-16e947c29b4e', 'adult', NULL, NULL, false, true, true, NULL, '2025-12-17 08:37:48.431703+00', '2025-12-17 08:37:48.431703+00');
INSERT INTO public.family_members (id, church_id, family_id, person_id, relationship, start_date, end_date, is_temporary, is_active, is_primary_contact, notes, created_at, updated_at) VALUES ('00d31efa-650f-4139-b8e7-7c92e0cbb0cf', '84c66cbb-1f13-4ed2-8416-076755b5dc49', '37c1d59e-8694-4a3d-986f-33f640299656', '28624550-0b1e-4966-9aaf-294cd4099e16', 'adult', NULL, NULL, false, true, false, NULL, '2025-12-17 08:37:48.431703+00', '2025-12-17 08:37:48.431703+00');
INSERT INTO public.family_members (id, church_id, family_id, person_id, relationship, start_date, end_date, is_temporary, is_active, is_primary_contact, notes, created_at, updated_at) VALUES ('97f96754-3f12-4d5a-9713-4316c2e1be8e', '84c66cbb-1f13-4ed2-8416-076755b5dc49', '37c1d59e-8694-4a3d-986f-33f640299656', 'ae2bc8ef-c6d3-4ff1-9330-5490f1a0a16b', 'child', NULL, NULL, false, true, false, NULL, '2025-12-17 08:37:48.431703+00', '2025-12-17 08:37:48.431703+00');
INSERT INTO public.family_members (id, church_id, family_id, person_id, relationship, start_date, end_date, is_temporary, is_active, is_primary_contact, notes, created_at, updated_at) VALUES ('728e29a2-6190-463d-957d-0308a87dd0dc', '84c66cbb-1f13-4ed2-8416-076755b5dc49', '37c1d59e-8694-4a3d-986f-33f640299656', '90d504f6-2573-4fe4-b477-0af9460f78a7', 'adult', NULL, NULL, false, true, false, NULL, '2025-12-17 08:37:48.431703+00', '2025-12-17 08:37:48.431703+00');
INSERT INTO public.family_members (id, church_id, family_id, person_id, relationship, start_date, end_date, is_temporary, is_active, is_primary_contact, notes, created_at, updated_at) VALUES ('77265870-07c9-41b6-9d3a-42c8e783332b', '84c66cbb-1f13-4ed2-8416-076755b5dc49', '37c1d59e-8694-4a3d-986f-33f640299656', 'ffeac24f-86cb-4719-95a6-34c1d915ed1d', 'adult', NULL, NULL, false, true, false, NULL, '2025-12-17 08:37:48.431703+00', '2025-12-17 08:37:48.431703+00');
INSERT INTO public.family_members (id, church_id, family_id, person_id, relationship, start_date, end_date, is_temporary, is_active, is_primary_contact, notes, created_at, updated_at) VALUES ('b3f7acd7-74ed-4ddf-a256-d86839ce4d1e', '84c66cbb-1f13-4ed2-8416-076755b5dc49', '3955a8d2-739c-4be6-bd5a-5d8fa67fd337', '12ae7136-e696-4914-b471-16e947c29b4e', 'adult', NULL, NULL, false, true, true, NULL, '2025-12-17 08:37:48.431703+00', '2025-12-17 08:37:48.431703+00');
INSERT INTO public.family_members (id, church_id, family_id, person_id, relationship, start_date, end_date, is_temporary, is_active, is_primary_contact, notes, created_at, updated_at) VALUES ('3a9c92fd-420e-4922-9a9c-e8c7ca7234a5', '84c66cbb-1f13-4ed2-8416-076755b5dc49', '3955a8d2-739c-4be6-bd5a-5d8fa67fd337', '28624550-0b1e-4966-9aaf-294cd4099e16', 'adult', NULL, NULL, false, true, false, NULL, '2025-12-17 08:37:48.431703+00', '2025-12-17 08:37:48.431703+00');
INSERT INTO public.family_members (id, church_id, family_id, person_id, relationship, start_date, end_date, is_temporary, is_active, is_primary_contact, notes, created_at, updated_at) VALUES ('8b8cff12-0cb6-479f-a1d1-4657943a9039', '84c66cbb-1f13-4ed2-8416-076755b5dc49', '3955a8d2-739c-4be6-bd5a-5d8fa67fd337', 'ae2bc8ef-c6d3-4ff1-9330-5490f1a0a16b', 'child', NULL, NULL, false, true, false, NULL, '2025-12-17 08:37:48.431703+00', '2025-12-17 08:37:48.431703+00');
INSERT INTO public.family_members (id, church_id, family_id, person_id, relationship, start_date, end_date, is_temporary, is_active, is_primary_contact, notes, created_at, updated_at) VALUES ('ee091726-ac68-415b-a914-33d30b99d253', '84c66cbb-1f13-4ed2-8416-076755b5dc49', '3955a8d2-739c-4be6-bd5a-5d8fa67fd337', '90d504f6-2573-4fe4-b477-0af9460f78a7', 'adult', NULL, NULL, false, true, false, NULL, '2025-12-17 08:37:48.431703+00', '2025-12-17 08:37:48.431703+00');
INSERT INTO public.family_members (id, church_id, family_id, person_id, relationship, start_date, end_date, is_temporary, is_active, is_primary_contact, notes, created_at, updated_at) VALUES ('db68b29c-3dc2-4dfb-989c-90da7fdfa97a', '84c66cbb-1f13-4ed2-8416-076755b5dc49', '3955a8d2-739c-4be6-bd5a-5d8fa67fd337', 'ffeac24f-86cb-4719-95a6-34c1d915ed1d', 'adult', NULL, NULL, false, true, false, NULL, '2025-12-17 08:37:48.431703+00', '2025-12-17 08:37:48.431703+00');
INSERT INTO public.family_members (id, church_id, family_id, person_id, relationship, start_date, end_date, is_temporary, is_active, is_primary_contact, notes, created_at, updated_at) VALUES ('a1937c58-a6cf-416b-b09c-03ddcfff9556', '84c66cbb-1f13-4ed2-8416-076755b5dc49', '5473dff8-4c93-4e61-a371-635f92b02391', '12ae7136-e696-4914-b471-16e947c29b4e', 'adult', NULL, NULL, false, true, true, NULL, '2025-12-17 08:37:48.431703+00', '2025-12-17 08:37:48.431703+00');
INSERT INTO public.family_members (id, church_id, family_id, person_id, relationship, start_date, end_date, is_temporary, is_active, is_primary_contact, notes, created_at, updated_at) VALUES ('a73386a6-7656-40fa-9114-d3a4b709256b', '84c66cbb-1f13-4ed2-8416-076755b5dc49', '5473dff8-4c93-4e61-a371-635f92b02391', '28624550-0b1e-4966-9aaf-294cd4099e16', 'adult', NULL, NULL, false, true, false, NULL, '2025-12-17 08:37:48.431703+00', '2025-12-17 08:37:48.431703+00');
INSERT INTO public.family_members (id, church_id, family_id, person_id, relationship, start_date, end_date, is_temporary, is_active, is_primary_contact, notes, created_at, updated_at) VALUES ('67e93815-a688-4cf6-899f-ce481c4c46ac', '84c66cbb-1f13-4ed2-8416-076755b5dc49', '5473dff8-4c93-4e61-a371-635f92b02391', 'ae2bc8ef-c6d3-4ff1-9330-5490f1a0a16b', 'child', NULL, NULL, false, true, false, NULL, '2025-12-17 08:37:48.431703+00', '2025-12-17 08:37:48.431703+00');
INSERT INTO public.family_members (id, church_id, family_id, person_id, relationship, start_date, end_date, is_temporary, is_active, is_primary_contact, notes, created_at, updated_at) VALUES ('268d0021-0319-46da-b83a-324c10b5a6c1', '84c66cbb-1f13-4ed2-8416-076755b5dc49', '5473dff8-4c93-4e61-a371-635f92b02391', '90d504f6-2573-4fe4-b477-0af9460f78a7', 'adult', NULL, NULL, false, true, false, NULL, '2025-12-17 08:37:48.431703+00', '2025-12-17 08:37:48.431703+00');
INSERT INTO public.family_members (id, church_id, family_id, person_id, relationship, start_date, end_date, is_temporary, is_active, is_primary_contact, notes, created_at, updated_at) VALUES ('2935b3e0-14f0-48a1-9512-915af3bb27d7', '84c66cbb-1f13-4ed2-8416-076755b5dc49', '5473dff8-4c93-4e61-a371-635f92b02391', 'ffeac24f-86cb-4719-95a6-34c1d915ed1d', 'adult', NULL, NULL, false, true, false, NULL, '2025-12-17 08:37:48.431703+00', '2025-12-17 08:37:48.431703+00');
INSERT INTO public.family_members (id, church_id, family_id, person_id, relationship, start_date, end_date, is_temporary, is_active, is_primary_contact, notes, created_at, updated_at) VALUES ('d70b26da-2d06-4bf6-8e05-2014cf22ccea', '84c66cbb-1f13-4ed2-8416-076755b5dc49', '576a80f4-ae20-4d1c-bfe4-aa78cf278abb', '12ae7136-e696-4914-b471-16e947c29b4e', 'adult', NULL, NULL, false, true, true, NULL, '2025-12-17 08:37:48.431703+00', '2025-12-17 08:37:48.431703+00');
INSERT INTO public.family_members (id, church_id, family_id, person_id, relationship, start_date, end_date, is_temporary, is_active, is_primary_contact, notes, created_at, updated_at) VALUES ('46a1a4f7-78d1-4dcd-9acd-c5b89550f851', '84c66cbb-1f13-4ed2-8416-076755b5dc49', '576a80f4-ae20-4d1c-bfe4-aa78cf278abb', '28624550-0b1e-4966-9aaf-294cd4099e16', 'adult', NULL, NULL, false, true, false, NULL, '2025-12-17 08:37:48.431703+00', '2025-12-17 08:37:48.431703+00');
INSERT INTO public.family_members (id, church_id, family_id, person_id, relationship, start_date, end_date, is_temporary, is_active, is_primary_contact, notes, created_at, updated_at) VALUES ('32bd0d06-7ac3-4dfc-82d8-765f53dd5020', '84c66cbb-1f13-4ed2-8416-076755b5dc49', '576a80f4-ae20-4d1c-bfe4-aa78cf278abb', 'ae2bc8ef-c6d3-4ff1-9330-5490f1a0a16b', 'child', NULL, NULL, false, true, false, NULL, '2025-12-17 08:37:48.431703+00', '2025-12-17 08:37:48.431703+00');
INSERT INTO public.family_members (id, church_id, family_id, person_id, relationship, start_date, end_date, is_temporary, is_active, is_primary_contact, notes, created_at, updated_at) VALUES ('66d68916-3fd6-408d-abea-71ed7ac6fd9c', '84c66cbb-1f13-4ed2-8416-076755b5dc49', '576a80f4-ae20-4d1c-bfe4-aa78cf278abb', '90d504f6-2573-4fe4-b477-0af9460f78a7', 'adult', NULL, NULL, false, true, false, NULL, '2025-12-17 08:37:48.431703+00', '2025-12-17 08:37:48.431703+00');
INSERT INTO public.family_members (id, church_id, family_id, person_id, relationship, start_date, end_date, is_temporary, is_active, is_primary_contact, notes, created_at, updated_at) VALUES ('9f1a1423-eaa2-409f-9c14-da42be565bc0', '84c66cbb-1f13-4ed2-8416-076755b5dc49', '576a80f4-ae20-4d1c-bfe4-aa78cf278abb', 'ffeac24f-86cb-4719-95a6-34c1d915ed1d', 'adult', NULL, NULL, false, true, false, NULL, '2025-12-17 08:37:48.431703+00', '2025-12-17 08:37:48.431703+00');
INSERT INTO public.family_members (id, church_id, family_id, person_id, relationship, start_date, end_date, is_temporary, is_active, is_primary_contact, notes, created_at, updated_at) VALUES ('894b1f27-552e-4b28-a153-fbb31928623b', '84c66cbb-1f13-4ed2-8416-076755b5dc49', '60ff100b-433b-4250-ab98-a3018e9d6da4', '12ae7136-e696-4914-b471-16e947c29b4e', 'adult', NULL, NULL, false, true, true, NULL, '2025-12-17 08:37:48.431703+00', '2025-12-17 08:37:48.431703+00');
INSERT INTO public.family_members (id, church_id, family_id, person_id, relationship, start_date, end_date, is_temporary, is_active, is_primary_contact, notes, created_at, updated_at) VALUES ('eb50cff0-54a1-4612-96c5-76505ca67544', '84c66cbb-1f13-4ed2-8416-076755b5dc49', '60ff100b-433b-4250-ab98-a3018e9d6da4', '28624550-0b1e-4966-9aaf-294cd4099e16', 'adult', NULL, NULL, false, true, false, NULL, '2025-12-17 08:37:48.431703+00', '2025-12-17 08:37:48.431703+00');
INSERT INTO public.family_members (id, church_id, family_id, person_id, relationship, start_date, end_date, is_temporary, is_active, is_primary_contact, notes, created_at, updated_at) VALUES ('011888a9-efe3-474b-b4b7-5667659e6630', '84c66cbb-1f13-4ed2-8416-076755b5dc49', '60ff100b-433b-4250-ab98-a3018e9d6da4', 'ae2bc8ef-c6d3-4ff1-9330-5490f1a0a16b', 'child', NULL, NULL, false, true, false, NULL, '2025-12-17 08:37:48.431703+00', '2025-12-17 08:37:48.431703+00');
INSERT INTO public.family_members (id, church_id, family_id, person_id, relationship, start_date, end_date, is_temporary, is_active, is_primary_contact, notes, created_at, updated_at) VALUES ('24636eb7-ae20-44ed-8c4f-75139a5bb68b', '84c66cbb-1f13-4ed2-8416-076755b5dc49', '60ff100b-433b-4250-ab98-a3018e9d6da4', '90d504f6-2573-4fe4-b477-0af9460f78a7', 'adult', NULL, NULL, false, true, false, NULL, '2025-12-17 08:37:48.431703+00', '2025-12-17 08:37:48.431703+00');
INSERT INTO public.family_members (id, church_id, family_id, person_id, relationship, start_date, end_date, is_temporary, is_active, is_primary_contact, notes, created_at, updated_at) VALUES ('a072e0e5-751e-4221-8de5-31d5665b8a8d', '84c66cbb-1f13-4ed2-8416-076755b5dc49', '60ff100b-433b-4250-ab98-a3018e9d6da4', 'ffeac24f-86cb-4719-95a6-34c1d915ed1d', 'adult', NULL, NULL, false, true, false, NULL, '2025-12-17 08:37:48.431703+00', '2025-12-17 08:37:48.431703+00');
INSERT INTO public.family_members (id, church_id, family_id, person_id, relationship, start_date, end_date, is_temporary, is_active, is_primary_contact, notes, created_at, updated_at) VALUES ('92ec23d5-c36d-488a-9aee-fd7fcebebc92', '84c66cbb-1f13-4ed2-8416-076755b5dc49', '674d7cfd-9ac1-416c-bcd5-874c4bfee72f', '12ae7136-e696-4914-b471-16e947c29b4e', 'adult', NULL, NULL, false, true, true, NULL, '2025-12-17 08:37:48.431703+00', '2025-12-17 08:37:48.431703+00');
INSERT INTO public.family_members (id, church_id, family_id, person_id, relationship, start_date, end_date, is_temporary, is_active, is_primary_contact, notes, created_at, updated_at) VALUES ('b477f15c-d1c0-4a17-9fe2-5b0cafc7e6e5', '84c66cbb-1f13-4ed2-8416-076755b5dc49', '674d7cfd-9ac1-416c-bcd5-874c4bfee72f', '28624550-0b1e-4966-9aaf-294cd4099e16', 'adult', NULL, NULL, false, true, false, NULL, '2025-12-17 08:37:48.431703+00', '2025-12-17 08:37:48.431703+00');
INSERT INTO public.family_members (id, church_id, family_id, person_id, relationship, start_date, end_date, is_temporary, is_active, is_primary_contact, notes, created_at, updated_at) VALUES ('3ae03137-f55c-4bae-a29c-8ef72e8f4eed', '84c66cbb-1f13-4ed2-8416-076755b5dc49', '674d7cfd-9ac1-416c-bcd5-874c4bfee72f', 'ae2bc8ef-c6d3-4ff1-9330-5490f1a0a16b', 'child', NULL, NULL, false, true, false, NULL, '2025-12-17 08:37:48.431703+00', '2025-12-17 08:37:48.431703+00');
INSERT INTO public.family_members (id, church_id, family_id, person_id, relationship, start_date, end_date, is_temporary, is_active, is_primary_contact, notes, created_at, updated_at) VALUES ('214af37f-41c4-47af-9044-a1da9e515e1b', '84c66cbb-1f13-4ed2-8416-076755b5dc49', '674d7cfd-9ac1-416c-bcd5-874c4bfee72f', '90d504f6-2573-4fe4-b477-0af9460f78a7', 'adult', NULL, NULL, false, true, false, NULL, '2025-12-17 08:37:48.431703+00', '2025-12-17 08:37:48.431703+00');
INSERT INTO public.family_members (id, church_id, family_id, person_id, relationship, start_date, end_date, is_temporary, is_active, is_primary_contact, notes, created_at, updated_at) VALUES ('d0302939-a659-4b01-99e9-d8a1c4b6faa4', '84c66cbb-1f13-4ed2-8416-076755b5dc49', '674d7cfd-9ac1-416c-bcd5-874c4bfee72f', 'ffeac24f-86cb-4719-95a6-34c1d915ed1d', 'adult', NULL, NULL, false, true, false, NULL, '2025-12-17 08:37:48.431703+00', '2025-12-17 08:37:48.431703+00');
INSERT INTO public.family_members (id, church_id, family_id, person_id, relationship, start_date, end_date, is_temporary, is_active, is_primary_contact, notes, created_at, updated_at) VALUES ('cf23e7ad-795e-4569-800a-77c685857ee8', '84c66cbb-1f13-4ed2-8416-076755b5dc49', '74e09e14-be9a-4292-9885-c6ea496e63a0', '12ae7136-e696-4914-b471-16e947c29b4e', 'adult', NULL, NULL, false, true, true, NULL, '2025-12-17 08:37:48.431703+00', '2025-12-17 08:37:48.431703+00');
INSERT INTO public.family_members (id, church_id, family_id, person_id, relationship, start_date, end_date, is_temporary, is_active, is_primary_contact, notes, created_at, updated_at) VALUES ('73994740-459c-4a20-85ff-45a112150a68', '84c66cbb-1f13-4ed2-8416-076755b5dc49', '74e09e14-be9a-4292-9885-c6ea496e63a0', '28624550-0b1e-4966-9aaf-294cd4099e16', 'adult', NULL, NULL, false, true, false, NULL, '2025-12-17 08:37:48.431703+00', '2025-12-17 08:37:48.431703+00');
INSERT INTO public.family_members (id, church_id, family_id, person_id, relationship, start_date, end_date, is_temporary, is_active, is_primary_contact, notes, created_at, updated_at) VALUES ('b78dd4fd-21b7-4aa1-a971-e3bf069e99d2', '84c66cbb-1f13-4ed2-8416-076755b5dc49', '74e09e14-be9a-4292-9885-c6ea496e63a0', 'ae2bc8ef-c6d3-4ff1-9330-5490f1a0a16b', 'child', NULL, NULL, false, true, false, NULL, '2025-12-17 08:37:48.431703+00', '2025-12-17 08:37:48.431703+00');
INSERT INTO public.family_members (id, church_id, family_id, person_id, relationship, start_date, end_date, is_temporary, is_active, is_primary_contact, notes, created_at, updated_at) VALUES ('8850e825-3238-4fef-8882-116f91446bed', '84c66cbb-1f13-4ed2-8416-076755b5dc49', '74e09e14-be9a-4292-9885-c6ea496e63a0', '90d504f6-2573-4fe4-b477-0af9460f78a7', 'adult', NULL, NULL, false, true, false, NULL, '2025-12-17 08:37:48.431703+00', '2025-12-17 08:37:48.431703+00');
INSERT INTO public.family_members (id, church_id, family_id, person_id, relationship, start_date, end_date, is_temporary, is_active, is_primary_contact, notes, created_at, updated_at) VALUES ('8f15c5d2-48db-4c98-9c5e-16b314ab5cf7', '84c66cbb-1f13-4ed2-8416-076755b5dc49', '74e09e14-be9a-4292-9885-c6ea496e63a0', 'ffeac24f-86cb-4719-95a6-34c1d915ed1d', 'adult', NULL, NULL, false, true, false, NULL, '2025-12-17 08:37:48.431703+00', '2025-12-17 08:37:48.431703+00');
INSERT INTO public.family_members (id, church_id, family_id, person_id, relationship, start_date, end_date, is_temporary, is_active, is_primary_contact, notes, created_at, updated_at) VALUES ('0113ffae-347e-47e3-aa81-fa02de375647', '84c66cbb-1f13-4ed2-8416-076755b5dc49', '843be884-9d19-4d74-8014-0ed9e1f03aa8', '12ae7136-e696-4914-b471-16e947c29b4e', 'adult', NULL, NULL, false, true, true, NULL, '2025-12-17 08:37:48.431703+00', '2025-12-17 08:37:48.431703+00');
INSERT INTO public.family_members (id, church_id, family_id, person_id, relationship, start_date, end_date, is_temporary, is_active, is_primary_contact, notes, created_at, updated_at) VALUES ('3729dd1d-ae29-40ef-9482-16a11f5e6499', '84c66cbb-1f13-4ed2-8416-076755b5dc49', '843be884-9d19-4d74-8014-0ed9e1f03aa8', '28624550-0b1e-4966-9aaf-294cd4099e16', 'adult', NULL, NULL, false, true, false, NULL, '2025-12-17 08:37:48.431703+00', '2025-12-17 08:37:48.431703+00');
INSERT INTO public.family_members (id, church_id, family_id, person_id, relationship, start_date, end_date, is_temporary, is_active, is_primary_contact, notes, created_at, updated_at) VALUES ('572c6b03-85ce-4c46-aee9-4052e824b8b9', '84c66cbb-1f13-4ed2-8416-076755b5dc49', '843be884-9d19-4d74-8014-0ed9e1f03aa8', 'ae2bc8ef-c6d3-4ff1-9330-5490f1a0a16b', 'child', NULL, NULL, false, true, false, NULL, '2025-12-17 08:37:48.431703+00', '2025-12-17 08:37:48.431703+00');
INSERT INTO public.family_members (id, church_id, family_id, person_id, relationship, start_date, end_date, is_temporary, is_active, is_primary_contact, notes, created_at, updated_at) VALUES ('d6ca7a4e-fda7-4c03-a49d-7da2dd0f9ccc', '84c66cbb-1f13-4ed2-8416-076755b5dc49', '843be884-9d19-4d74-8014-0ed9e1f03aa8', '90d504f6-2573-4fe4-b477-0af9460f78a7', 'adult', NULL, NULL, false, true, false, NULL, '2025-12-17 08:37:48.431703+00', '2025-12-17 08:37:48.431703+00');
INSERT INTO public.family_members (id, church_id, family_id, person_id, relationship, start_date, end_date, is_temporary, is_active, is_primary_contact, notes, created_at, updated_at) VALUES ('6a6f5027-6f2c-4d69-b168-2caf6051bd07', '84c66cbb-1f13-4ed2-8416-076755b5dc49', '843be884-9d19-4d74-8014-0ed9e1f03aa8', 'ffeac24f-86cb-4719-95a6-34c1d915ed1d', 'adult', NULL, NULL, false, true, false, NULL, '2025-12-17 08:37:48.431703+00', '2025-12-17 08:37:48.431703+00');
INSERT INTO public.family_members (id, church_id, family_id, person_id, relationship, start_date, end_date, is_temporary, is_active, is_primary_contact, notes, created_at, updated_at) VALUES ('8fb2b278-6965-46da-bb05-c1b52922b712', '84c66cbb-1f13-4ed2-8416-076755b5dc49', '8d87211f-d6f1-40a9-8099-04790dec1769', '12ae7136-e696-4914-b471-16e947c29b4e', 'adult', NULL, NULL, false, true, true, NULL, '2025-12-17 08:37:48.431703+00', '2025-12-17 08:37:48.431703+00');
INSERT INTO public.family_members (id, church_id, family_id, person_id, relationship, start_date, end_date, is_temporary, is_active, is_primary_contact, notes, created_at, updated_at) VALUES ('781981b1-1474-48ef-b7d8-715b5a51ee7b', '84c66cbb-1f13-4ed2-8416-076755b5dc49', '8d87211f-d6f1-40a9-8099-04790dec1769', '28624550-0b1e-4966-9aaf-294cd4099e16', 'adult', NULL, NULL, false, true, false, NULL, '2025-12-17 08:37:48.431703+00', '2025-12-17 08:37:48.431703+00');
INSERT INTO public.family_members (id, church_id, family_id, person_id, relationship, start_date, end_date, is_temporary, is_active, is_primary_contact, notes, created_at, updated_at) VALUES ('db94f8ed-4880-4230-9912-63c1bbd192a9', '84c66cbb-1f13-4ed2-8416-076755b5dc49', '8d87211f-d6f1-40a9-8099-04790dec1769', 'ae2bc8ef-c6d3-4ff1-9330-5490f1a0a16b', 'child', NULL, NULL, false, true, false, NULL, '2025-12-17 08:37:48.431703+00', '2025-12-17 08:37:48.431703+00');
INSERT INTO public.family_members (id, church_id, family_id, person_id, relationship, start_date, end_date, is_temporary, is_active, is_primary_contact, notes, created_at, updated_at) VALUES ('a3c77aaf-dbc4-46cb-984f-b8e2f7930902', '84c66cbb-1f13-4ed2-8416-076755b5dc49', '8d87211f-d6f1-40a9-8099-04790dec1769', '90d504f6-2573-4fe4-b477-0af9460f78a7', 'adult', NULL, NULL, false, true, false, NULL, '2025-12-17 08:37:48.431703+00', '2025-12-17 08:37:48.431703+00');
INSERT INTO public.family_members (id, church_id, family_id, person_id, relationship, start_date, end_date, is_temporary, is_active, is_primary_contact, notes, created_at, updated_at) VALUES ('7f8713ce-e7ab-40d9-9f1f-99ce3b19cb55', '84c66cbb-1f13-4ed2-8416-076755b5dc49', '8d87211f-d6f1-40a9-8099-04790dec1769', 'ffeac24f-86cb-4719-95a6-34c1d915ed1d', 'adult', NULL, NULL, false, true, false, NULL, '2025-12-17 08:37:48.431703+00', '2025-12-17 08:37:48.431703+00');
INSERT INTO public.family_members (id, church_id, family_id, person_id, relationship, start_date, end_date, is_temporary, is_active, is_primary_contact, notes, created_at, updated_at) VALUES ('d6a1f595-5310-4674-bc1f-125754f4ec06', '84c66cbb-1f13-4ed2-8416-076755b5dc49', '932db708-37ca-49de-ba06-17d179f0dec0', 'ae2bc8ef-c6d3-4ff1-9330-5490f1a0a16b', 'child', NULL, NULL, false, true, false, NULL, '2025-12-17 08:37:48.431703+00', '2025-12-17 08:37:48.431703+00');
INSERT INTO public.family_members (id, church_id, family_id, person_id, relationship, start_date, end_date, is_temporary, is_active, is_primary_contact, notes, created_at, updated_at) VALUES ('fe0cf628-0478-4f0a-b112-fb4107a2ea2b', '84c66cbb-1f13-4ed2-8416-076755b5dc49', '932db708-37ca-49de-ba06-17d179f0dec0', '90d504f6-2573-4fe4-b477-0af9460f78a7', 'adult', NULL, NULL, false, true, false, NULL, '2025-12-17 08:37:48.431703+00', '2025-12-17 08:37:48.431703+00');
INSERT INTO public.family_members (id, church_id, family_id, person_id, relationship, start_date, end_date, is_temporary, is_active, is_primary_contact, notes, created_at, updated_at) VALUES ('251e073e-85d6-42b6-b9d0-87ea2c1a7791', '84c66cbb-1f13-4ed2-8416-076755b5dc49', '932db708-37ca-49de-ba06-17d179f0dec0', 'ffeac24f-86cb-4719-95a6-34c1d915ed1d', 'adult', NULL, NULL, false, true, false, NULL, '2025-12-17 08:37:48.431703+00', '2025-12-17 08:37:48.431703+00');
INSERT INTO public.family_members (id, church_id, family_id, person_id, relationship, start_date, end_date, is_temporary, is_active, is_primary_contact, notes, created_at, updated_at) VALUES ('769b99ba-6999-47bd-a087-45f8e767aa88', '84c66cbb-1f13-4ed2-8416-076755b5dc49', '9b886e42-8483-484c-ae54-1b1a3554b40e', '90d504f6-2573-4fe4-b477-0af9460f78a7', 'adult', NULL, NULL, false, true, false, NULL, '2025-12-17 08:37:48.431703+00', '2025-12-17 08:37:48.431703+00');
INSERT INTO public.family_members (id, church_id, family_id, person_id, relationship, start_date, end_date, is_temporary, is_active, is_primary_contact, notes, created_at, updated_at) VALUES ('64b02a1b-aed4-4232-8554-aa9c1455470b', '84c66cbb-1f13-4ed2-8416-076755b5dc49', '9b886e42-8483-484c-ae54-1b1a3554b40e', 'ffeac24f-86cb-4719-95a6-34c1d915ed1d', 'adult', NULL, NULL, false, true, false, NULL, '2025-12-17 08:37:48.431703+00', '2025-12-17 08:37:48.431703+00');
INSERT INTO public.family_members (id, church_id, family_id, person_id, relationship, start_date, end_date, is_temporary, is_active, is_primary_contact, notes, created_at, updated_at) VALUES ('c0407efc-867d-4d75-8505-15f770e21086', '84c66cbb-1f13-4ed2-8416-076755b5dc49', '9cab3834-cc15-4a9a-bace-995bff1b391c', '12ae7136-e696-4914-b471-16e947c29b4e', 'adult', NULL, NULL, false, true, true, NULL, '2025-12-17 08:37:48.431703+00', '2025-12-17 08:37:48.431703+00');
INSERT INTO public.family_members (id, church_id, family_id, person_id, relationship, start_date, end_date, is_temporary, is_active, is_primary_contact, notes, created_at, updated_at) VALUES ('0dc7becb-112f-4961-95b5-a807f1b0079a', '84c66cbb-1f13-4ed2-8416-076755b5dc49', '9cab3834-cc15-4a9a-bace-995bff1b391c', '28624550-0b1e-4966-9aaf-294cd4099e16', 'adult', NULL, NULL, false, true, false, NULL, '2025-12-17 08:37:48.431703+00', '2025-12-17 08:37:48.431703+00');
INSERT INTO public.family_members (id, church_id, family_id, person_id, relationship, start_date, end_date, is_temporary, is_active, is_primary_contact, notes, created_at, updated_at) VALUES ('b5b0cbb6-1a00-45a4-a46b-1e2c1fc71b22', '84c66cbb-1f13-4ed2-8416-076755b5dc49', '9cab3834-cc15-4a9a-bace-995bff1b391c', 'ae2bc8ef-c6d3-4ff1-9330-5490f1a0a16b', 'child', NULL, NULL, false, true, false, NULL, '2025-12-17 08:37:48.431703+00', '2025-12-17 08:37:48.431703+00');
INSERT INTO public.family_members (id, church_id, family_id, person_id, relationship, start_date, end_date, is_temporary, is_active, is_primary_contact, notes, created_at, updated_at) VALUES ('811887a1-ac15-4851-a1a5-b495fcd15dd6', '84c66cbb-1f13-4ed2-8416-076755b5dc49', '9cab3834-cc15-4a9a-bace-995bff1b391c', '90d504f6-2573-4fe4-b477-0af9460f78a7', 'adult', NULL, NULL, false, true, false, NULL, '2025-12-17 08:37:48.431703+00', '2025-12-17 08:37:48.431703+00');
INSERT INTO public.family_members (id, church_id, family_id, person_id, relationship, start_date, end_date, is_temporary, is_active, is_primary_contact, notes, created_at, updated_at) VALUES ('e8d6132a-7651-4b4c-8863-a94b22548351', '84c66cbb-1f13-4ed2-8416-076755b5dc49', '9cab3834-cc15-4a9a-bace-995bff1b391c', 'ffeac24f-86cb-4719-95a6-34c1d915ed1d', 'adult', NULL, NULL, false, true, false, NULL, '2025-12-17 08:37:48.431703+00', '2025-12-17 08:37:48.431703+00');
INSERT INTO public.family_members (id, church_id, family_id, person_id, relationship, start_date, end_date, is_temporary, is_active, is_primary_contact, notes, created_at, updated_at) VALUES ('4910032c-f78c-4b11-9f50-3dcee3f03365', '84c66cbb-1f13-4ed2-8416-076755b5dc49', 'bf61caa8-72e9-4f96-813d-ac3cd211e3e2', '12ae7136-e696-4914-b471-16e947c29b4e', 'adult', NULL, NULL, false, true, true, NULL, '2025-12-17 08:37:48.431703+00', '2025-12-17 08:37:48.431703+00');
INSERT INTO public.family_members (id, church_id, family_id, person_id, relationship, start_date, end_date, is_temporary, is_active, is_primary_contact, notes, created_at, updated_at) VALUES ('4a0154b3-d04a-4e6e-8e54-aa9b011b8a8c', '84c66cbb-1f13-4ed2-8416-076755b5dc49', 'bf61caa8-72e9-4f96-813d-ac3cd211e3e2', '28624550-0b1e-4966-9aaf-294cd4099e16', 'adult', NULL, NULL, false, true, false, NULL, '2025-12-17 08:37:48.431703+00', '2025-12-17 08:37:48.431703+00');
INSERT INTO public.family_members (id, church_id, family_id, person_id, relationship, start_date, end_date, is_temporary, is_active, is_primary_contact, notes, created_at, updated_at) VALUES ('e67b2f3b-1a34-4552-9c7d-a954aad56524', '84c66cbb-1f13-4ed2-8416-076755b5dc49', 'bf61caa8-72e9-4f96-813d-ac3cd211e3e2', 'ae2bc8ef-c6d3-4ff1-9330-5490f1a0a16b', 'child', NULL, NULL, false, true, false, NULL, '2025-12-17 08:37:48.431703+00', '2025-12-17 08:37:48.431703+00');
INSERT INTO public.family_members (id, church_id, family_id, person_id, relationship, start_date, end_date, is_temporary, is_active, is_primary_contact, notes, created_at, updated_at) VALUES ('c6241ac7-27c1-4f06-ac90-3cc2aa08aaaf', '84c66cbb-1f13-4ed2-8416-076755b5dc49', 'bf61caa8-72e9-4f96-813d-ac3cd211e3e2', '90d504f6-2573-4fe4-b477-0af9460f78a7', 'adult', NULL, NULL, false, true, false, NULL, '2025-12-17 08:37:48.431703+00', '2025-12-17 08:37:48.431703+00');
INSERT INTO public.family_members (id, church_id, family_id, person_id, relationship, start_date, end_date, is_temporary, is_active, is_primary_contact, notes, created_at, updated_at) VALUES ('cb556766-8c14-4e11-8db4-61ce64d6d95c', '84c66cbb-1f13-4ed2-8416-076755b5dc49', 'bf61caa8-72e9-4f96-813d-ac3cd211e3e2', 'ffeac24f-86cb-4719-95a6-34c1d915ed1d', 'adult', NULL, NULL, false, true, false, NULL, '2025-12-17 08:37:48.431703+00', '2025-12-17 08:37:48.431703+00');
INSERT INTO public.family_members (id, church_id, family_id, person_id, relationship, start_date, end_date, is_temporary, is_active, is_primary_contact, notes, created_at, updated_at) VALUES ('0898a0f3-ec52-4400-97ab-c308fd17f4a5', '84c66cbb-1f13-4ed2-8416-076755b5dc49', 'c0117758-4200-45ef-aa02-0f91c01bcab7', '12ae7136-e696-4914-b471-16e947c29b4e', 'adult', NULL, NULL, false, true, true, NULL, '2025-12-17 08:37:48.431703+00', '2025-12-17 08:37:48.431703+00');
INSERT INTO public.family_members (id, church_id, family_id, person_id, relationship, start_date, end_date, is_temporary, is_active, is_primary_contact, notes, created_at, updated_at) VALUES ('9ed52630-a1a5-42d7-980b-7139b90e19d4', '84c66cbb-1f13-4ed2-8416-076755b5dc49', 'c0117758-4200-45ef-aa02-0f91c01bcab7', '28624550-0b1e-4966-9aaf-294cd4099e16', 'adult', NULL, NULL, false, true, false, NULL, '2025-12-17 08:37:48.431703+00', '2025-12-17 08:37:48.431703+00');
INSERT INTO public.family_members (id, church_id, family_id, person_id, relationship, start_date, end_date, is_temporary, is_active, is_primary_contact, notes, created_at, updated_at) VALUES ('11061789-676c-42e3-a76b-f8976d3b461d', '84c66cbb-1f13-4ed2-8416-076755b5dc49', 'c0117758-4200-45ef-aa02-0f91c01bcab7', 'ae2bc8ef-c6d3-4ff1-9330-5490f1a0a16b', 'child', NULL, NULL, false, true, false, NULL, '2025-12-17 08:37:48.431703+00', '2025-12-17 08:37:48.431703+00');
INSERT INTO public.family_members (id, church_id, family_id, person_id, relationship, start_date, end_date, is_temporary, is_active, is_primary_contact, notes, created_at, updated_at) VALUES ('acf724fc-ffda-4ca0-b137-01de401c0e5b', '84c66cbb-1f13-4ed2-8416-076755b5dc49', 'c0117758-4200-45ef-aa02-0f91c01bcab7', '90d504f6-2573-4fe4-b477-0af9460f78a7', 'adult', NULL, NULL, false, true, false, NULL, '2025-12-17 08:37:48.431703+00', '2025-12-17 08:37:48.431703+00');
INSERT INTO public.family_members (id, church_id, family_id, person_id, relationship, start_date, end_date, is_temporary, is_active, is_primary_contact, notes, created_at, updated_at) VALUES ('32ee3888-af98-4984-8d58-c49a05c51052', '84c66cbb-1f13-4ed2-8416-076755b5dc49', 'c0117758-4200-45ef-aa02-0f91c01bcab7', 'ffeac24f-86cb-4719-95a6-34c1d915ed1d', 'adult', NULL, NULL, false, true, false, NULL, '2025-12-17 08:37:48.431703+00', '2025-12-17 08:37:48.431703+00');
INSERT INTO public.family_members (id, church_id, family_id, person_id, relationship, start_date, end_date, is_temporary, is_active, is_primary_contact, notes, created_at, updated_at) VALUES ('8dd30199-52be-4710-a8d5-f1fe112570f6', '84c66cbb-1f13-4ed2-8416-076755b5dc49', 'edd5916f-307c-4bba-b5b6-01b868cee8fc', '12ae7136-e696-4914-b471-16e947c29b4e', 'adult', NULL, NULL, false, true, true, NULL, '2025-12-17 08:37:48.431703+00', '2025-12-17 08:37:48.431703+00');
INSERT INTO public.family_members (id, church_id, family_id, person_id, relationship, start_date, end_date, is_temporary, is_active, is_primary_contact, notes, created_at, updated_at) VALUES ('ac28bbb5-78ab-4f26-93a7-32f4f864d86d', '84c66cbb-1f13-4ed2-8416-076755b5dc49', 'edd5916f-307c-4bba-b5b6-01b868cee8fc', '28624550-0b1e-4966-9aaf-294cd4099e16', 'adult', NULL, NULL, false, true, false, NULL, '2025-12-17 08:37:48.431703+00', '2025-12-17 08:37:48.431703+00');
INSERT INTO public.family_members (id, church_id, family_id, person_id, relationship, start_date, end_date, is_temporary, is_active, is_primary_contact, notes, created_at, updated_at) VALUES ('39cab595-b7a6-41c9-b8ec-c1ac4285863c', '84c66cbb-1f13-4ed2-8416-076755b5dc49', 'edd5916f-307c-4bba-b5b6-01b868cee8fc', 'ae2bc8ef-c6d3-4ff1-9330-5490f1a0a16b', 'child', NULL, NULL, false, true, false, NULL, '2025-12-17 08:37:48.431703+00', '2025-12-17 08:37:48.431703+00');
INSERT INTO public.family_members (id, church_id, family_id, person_id, relationship, start_date, end_date, is_temporary, is_active, is_primary_contact, notes, created_at, updated_at) VALUES ('1aa80c39-1afb-4e2e-a8ab-42d8bd3e9435', '84c66cbb-1f13-4ed2-8416-076755b5dc49', 'edd5916f-307c-4bba-b5b6-01b868cee8fc', '90d504f6-2573-4fe4-b477-0af9460f78a7', 'adult', NULL, NULL, false, true, false, NULL, '2025-12-17 08:37:48.431703+00', '2025-12-17 08:37:48.431703+00');
INSERT INTO public.family_members (id, church_id, family_id, person_id, relationship, start_date, end_date, is_temporary, is_active, is_primary_contact, notes, created_at, updated_at) VALUES ('ab0349ce-60ba-4429-8124-3486efb633b0', '84c66cbb-1f13-4ed2-8416-076755b5dc49', 'edd5916f-307c-4bba-b5b6-01b868cee8fc', 'ffeac24f-86cb-4719-95a6-34c1d915ed1d', 'adult', NULL, NULL, false, true, false, NULL, '2025-12-17 08:37:48.431703+00', '2025-12-17 08:37:48.431703+00');
INSERT INTO public.family_members (id, church_id, family_id, person_id, relationship, start_date, end_date, is_temporary, is_active, is_primary_contact, notes, created_at, updated_at) VALUES ('6c94412b-b5b2-495c-96c7-f50dc47b9cea', '84c66cbb-1f13-4ed2-8416-076755b5dc49', '932db708-37ca-49de-ba06-17d179f0dec0', '12ae7136-e696-4914-b471-16e947c29b4e', 'adult', NULL, NULL, false, true, false, NULL, '2025-12-17 08:37:48.431703+00', '2025-12-23 04:15:16.652608+00');
INSERT INTO public.family_members (id, church_id, family_id, person_id, relationship, start_date, end_date, is_temporary, is_active, is_primary_contact, notes, created_at, updated_at) VALUES ('9d34464f-c9d5-4154-b0af-fe1382f41b4e', '84c66cbb-1f13-4ed2-8416-076755b5dc49', '932db708-37ca-49de-ba06-17d179f0dec0', '28624550-0b1e-4966-9aaf-294cd4099e16', 'adult', NULL, NULL, false, true, true, NULL, '2025-12-17 08:37:48.431703+00', '2025-12-23 04:15:17.631349+00');
INSERT INTO public.family_members (id, church_id, family_id, person_id, relationship, start_date, end_date, is_temporary, is_active, is_primary_contact, notes, created_at, updated_at) VALUES ('b5e81705-b5bc-4c3c-a089-73d14e8b3a65', 'a8c2c7ab-836a-4ef1-a373-562e20babb76', '9731d8dd-dce4-4581-bdfe-7223910f9c66', '7639f303-fad8-4c68-81f1-5a5cc8705e14', 'child', NULL, NULL, false, true, false, NULL, '2025-12-14 08:29:21.361728+00', '2025-12-29 08:02:27.641419+00');
INSERT INTO public.family_members (id, church_id, family_id, person_id, relationship, start_date, end_date, is_temporary, is_active, is_primary_contact, notes, created_at, updated_at) VALUES ('cd0415f2-1770-4c51-900f-b77562d75706', 'a8c2c7ab-836a-4ef1-a373-562e20babb76', 'e2b23a26-8ec5-47e5-836c-9104f6aaeb0c', '0bfdf819-ac8e-4eb0-ae79-fdddd4f14103', 'foster_child', '2025-12-29', NULL, true, true, false, NULL, '2025-12-29 08:19:50.131689+00', '2025-12-29 08:19:50.131689+00');
INSERT INTO public.family_members (id, church_id, family_id, person_id, relationship, start_date, end_date, is_temporary, is_active, is_primary_contact, notes, created_at, updated_at) VALUES ('601ba096-0ec2-4f0c-872b-a5c1d52c0001', 'a8c2c7ab-836a-4ef1-a373-562e20babb76', 'e2b23a26-8ec5-47e5-836c-9104f6aaeb0c', '7639f303-fad8-4c68-81f1-5a5cc8705e14', 'grandparent', '2025-12-29', NULL, false, true, true, NULL, '2025-12-29 08:20:12.889549+00', '2025-12-29 08:20:12.889549+00');
INSERT INTO public.family_members (id, church_id, family_id, person_id, relationship, start_date, end_date, is_temporary, is_active, is_primary_contact, notes, created_at, updated_at) VALUES ('7f396ea6-9165-4975-b013-840a308a9241', '84c66cbb-1f13-4ed2-8416-076755b5dc49', '78e98df4-a968-4197-a100-47772f22af32', '34917424-8630-45c3-9081-4ae468e831af', 'foster_child', '2025-12-31', NULL, true, true, false, NULL, '2025-12-31 06:53:26.140301+00', '2025-12-31 06:53:26.140301+00');
INSERT INTO public.family_members (id, church_id, family_id, person_id, relationship, start_date, end_date, is_temporary, is_active, is_primary_contact, notes, created_at, updated_at) VALUES ('dc8ecf7f-19ee-4aac-b6a5-b83c4d362c41', '84c66cbb-1f13-4ed2-8416-076755b5dc49', '78e98df4-a968-4197-a100-47772f22af32', '55c177c2-c2ee-4883-b91e-2952b9edd34c', 'foster_child', '2025-12-31', NULL, true, true, false, NULL, '2025-12-31 06:53:42.04284+00', '2025-12-31 06:53:42.04284+00');
INSERT INTO public.family_members (id, church_id, family_id, person_id, relationship, start_date, end_date, is_temporary, is_active, is_primary_contact, notes, created_at, updated_at) VALUES ('473f768d-2e4d-4cf4-9e79-7d75f915b1bf', '84c66cbb-1f13-4ed2-8416-076755b5dc49', '78e98df4-a968-4197-a100-47772f22af32', '08ecdd27-b043-477c-b1d5-b5d44e9dd9b6', 'foster_child', '2025-12-31', NULL, true, true, false, NULL, '2025-12-31 06:53:57.254492+00', '2025-12-31 06:53:57.254492+00');
INSERT INTO public.family_members (id, church_id, family_id, person_id, relationship, start_date, end_date, is_temporary, is_active, is_primary_contact, notes, created_at, updated_at) VALUES ('525968de-0216-45d3-ae22-063665fed4ca', '84c66cbb-1f13-4ed2-8416-076755b5dc49', '78e98df4-a968-4197-a100-47772f22af32', '3e8f993a-cf66-4678-a292-4858f5ca90ec', 'parent', '2025-12-31', NULL, false, true, true, NULL, '2025-12-31 06:54:11.945745+00', '2025-12-31 06:54:11.945745+00');
INSERT INTO public.family_members (id, church_id, family_id, person_id, relationship, start_date, end_date, is_temporary, is_active, is_primary_contact, notes, created_at, updated_at) VALUES ('1c8463ae-6d76-47bf-9a50-e2d57c66d489', '84c66cbb-1f13-4ed2-8416-076755b5dc49', '78e98df4-a968-4197-a100-47772f22af32', '7576bf6e-4929-4fc1-b4a3-534db9ae07fd', 'parent', '2025-12-31', NULL, false, true, true, NULL, '2025-12-31 06:54:29.478976+00', '2025-12-31 06:54:29.478976+00');
INSERT INTO public.family_members (id, church_id, family_id, person_id, relationship, start_date, end_date, is_temporary, is_active, is_primary_contact, notes, created_at, updated_at) VALUES ('d3bfa05b-541d-487b-ae6e-54554b3f260d', '84c66cbb-1f13-4ed2-8416-076755b5dc49', '78e98df4-a968-4197-a100-47772f22af32', '0102d87e-9f96-4ee4-8cac-b6b6b3362b4f', 'child', '2025-12-31', NULL, false, true, false, NULL, '2025-12-31 06:54:52.145977+00', '2025-12-31 06:54:52.145977+00');
INSERT INTO public.family_members (id, church_id, family_id, person_id, relationship, start_date, end_date, is_temporary, is_active, is_primary_contact, notes, created_at, updated_at) VALUES ('e2211b67-84e6-4a78-ba59-e505e1674b3d', '84c66cbb-1f13-4ed2-8416-076755b5dc49', '9b886e42-8483-484c-ae54-1b1a3554b40e', '28624550-0b1e-4966-9aaf-294cd4099e16', 'adult', NULL, NULL, false, true, true, NULL, '2025-12-17 08:37:48.431703+00', '2026-01-01 06:21:03.934594+00');
INSERT INTO public.family_members (id, church_id, family_id, person_id, relationship, start_date, end_date, is_temporary, is_active, is_primary_contact, notes, created_at, updated_at) VALUES ('9fde5c7d-9d58-409c-9b4a-a15ce3e0549e', '84c66cbb-1f13-4ed2-8416-076755b5dc49', '9b886e42-8483-484c-ae54-1b1a3554b40e', '12ae7136-e696-4914-b471-16e947c29b4e', 'adult', NULL, '2026-01-01', false, false, true, NULL, '2025-12-17 08:37:48.431703+00', '2026-01-01 06:21:06.655581+00');
INSERT INTO public.family_members (id, church_id, family_id, person_id, relationship, start_date, end_date, is_temporary, is_active, is_primary_contact, notes, created_at, updated_at) VALUES ('ee3b30cd-4e9d-4ece-a0a7-7c9c81d2a7ff', '84c66cbb-1f13-4ed2-8416-076755b5dc49', '9b886e42-8483-484c-ae54-1b1a3554b40e', 'ae2bc8ef-c6d3-4ff1-9330-5490f1a0a16b', 'child', NULL, '2026-01-01', false, false, true, NULL, '2025-12-17 08:37:48.431703+00', '2026-01-01 06:21:09.936905+00');


--
-- Data for Name: identity_links; Type: TABLE DATA; Schema: public; Owner: worship
--



--
-- Data for Name: merge_events; Type: TABLE DATA; Schema: public; Owner: worship
--



--
-- Data for Name: ministry_areas; Type: TABLE DATA; Schema: public; Owner: worship
--

INSERT INTO public.ministry_areas (id, church_id, name, display_name, description, color, icon, display_order, parent_id, is_active, archived_at, archived_by, created_at, created_by, updated_at, updated_by) VALUES ('f5135f76-7f8d-4a07-a3e4-0c45b7ab6087', '84c66cbb-1f13-4ed2-8416-076755b5dc49', 'worship', 'Worship Ministry', 'Music, vocals, and worship production', '#8B5CF6', 'music', 1, NULL, true, NULL, NULL, '2025-12-31 04:48:58.227515+00', NULL, '2025-12-31 04:48:58.227515+00', NULL);
INSERT INTO public.ministry_areas (id, church_id, name, display_name, description, color, icon, display_order, parent_id, is_active, archived_at, archived_by, created_at, created_by, updated_at, updated_by) VALUES ('e187e5f3-08d4-4ca6-81ea-8598615243fc', '84c66cbb-1f13-4ed2-8416-076755b5dc49', 'pastoral', 'Pastoral', 'Preaching, teaching, prayer, and pastoral care', '#3B82F6', 'book-open', 2, NULL, true, NULL, NULL, '2025-12-31 04:48:58.227515+00', NULL, '2025-12-31 04:48:58.227515+00', NULL);
INSERT INTO public.ministry_areas (id, church_id, name, display_name, description, color, icon, display_order, parent_id, is_active, archived_at, archived_by, created_at, created_by, updated_at, updated_by) VALUES ('a062a1fd-0e11-45be-8236-58d7622b6f98', '84c66cbb-1f13-4ed2-8416-076755b5dc49', 'kids', 'Kids Ministry', 'Children''s church, nursery, and kids programs', '#F59E0B', 'users', 3, NULL, true, NULL, NULL, '2025-12-31 04:48:58.227515+00', NULL, '2025-12-31 04:48:58.227515+00', NULL);
INSERT INTO public.ministry_areas (id, church_id, name, display_name, description, color, icon, display_order, parent_id, is_active, archived_at, archived_by, created_at, created_by, updated_at, updated_by) VALUES ('88582dfe-766b-46ba-9f72-1b0c1a1d841f', '84c66cbb-1f13-4ed2-8416-076755b5dc49', 'youth', 'Youth Ministry', 'Middle school and high school ministry', '#10B981', 'lightning-bolt', 4, NULL, true, NULL, NULL, '2025-12-31 04:48:58.227515+00', NULL, '2025-12-31 04:48:58.227515+00', NULL);
INSERT INTO public.ministry_areas (id, church_id, name, display_name, description, color, icon, display_order, parent_id, is_active, archived_at, archived_by, created_at, created_by, updated_at, updated_by) VALUES ('67d9c47d-ec98-4955-bcbc-33eb80b98419', '84c66cbb-1f13-4ed2-8416-076755b5dc49', 'hospitality', 'Hospitality', 'Greeters, ushers, welcome team, and communion servers', '#EC4899', 'heart', 5, NULL, true, NULL, NULL, '2025-12-31 04:48:58.227515+00', NULL, '2025-12-31 04:48:58.227515+00', NULL);
INSERT INTO public.ministry_areas (id, church_id, name, display_name, description, color, icon, display_order, parent_id, is_active, archived_at, archived_by, created_at, created_by, updated_at, updated_by) VALUES ('69f97d70-c500-414e-88fe-a5f8fb1c6735', '84c66cbb-1f13-4ed2-8416-076755b5dc49', 'tech', 'Tech & Production', 'Sound, lighting, video, slides, and live streaming', '#6366F1', 'desktop-computer', 6, NULL, true, NULL, NULL, '2025-12-31 04:48:58.227515+00', NULL, '2025-12-31 04:48:58.227515+00', NULL);
INSERT INTO public.ministry_areas (id, church_id, name, display_name, description, color, icon, display_order, parent_id, is_active, archived_at, archived_by, created_at, created_by, updated_at, updated_by) VALUES ('39cb6bc2-5452-4f2e-aa63-0ee38685e11d', '84c66cbb-1f13-4ed2-8416-076755b5dc49', 'admin', 'Administration', 'Church administration and operations', '#64748B', 'cog', 7, NULL, true, NULL, NULL, '2025-12-31 04:48:58.227515+00', NULL, '2025-12-31 04:48:58.227515+00', NULL);
INSERT INTO public.ministry_areas (id, church_id, name, display_name, description, color, icon, display_order, parent_id, is_active, archived_at, archived_by, created_at, created_by, updated_at, updated_by) VALUES ('a8cf6963-15a8-4681-8f70-d30f3180c69d', 'a8c2c7ab-836a-4ef1-a373-562e20babb76', 'worship', 'Worship Ministry', 'Music, vocals, and worship production', '#8B5CF6', 'music', 1, NULL, true, NULL, NULL, '2025-12-31 04:48:58.234319+00', NULL, '2025-12-31 04:48:58.234319+00', NULL);
INSERT INTO public.ministry_areas (id, church_id, name, display_name, description, color, icon, display_order, parent_id, is_active, archived_at, archived_by, created_at, created_by, updated_at, updated_by) VALUES ('cfa6e627-8662-4402-b90e-f1b8dccc3c6a', 'a8c2c7ab-836a-4ef1-a373-562e20babb76', 'pastoral', 'Pastoral', 'Preaching, teaching, prayer, and pastoral care', '#3B82F6', 'book-open', 2, NULL, true, NULL, NULL, '2025-12-31 04:48:58.234319+00', NULL, '2025-12-31 04:48:58.234319+00', NULL);
INSERT INTO public.ministry_areas (id, church_id, name, display_name, description, color, icon, display_order, parent_id, is_active, archived_at, archived_by, created_at, created_by, updated_at, updated_by) VALUES ('febf5a8a-ece8-435f-9a43-b97704da9d8a', 'a8c2c7ab-836a-4ef1-a373-562e20babb76', 'kids', 'Kids Ministry', 'Children''s church, nursery, and kids programs', '#F59E0B', 'users', 3, NULL, true, NULL, NULL, '2025-12-31 04:48:58.234319+00', NULL, '2025-12-31 04:48:58.234319+00', NULL);
INSERT INTO public.ministry_areas (id, church_id, name, display_name, description, color, icon, display_order, parent_id, is_active, archived_at, archived_by, created_at, created_by, updated_at, updated_by) VALUES ('a0e82bca-3e2c-4611-bf4c-c4510c4c6041', 'a8c2c7ab-836a-4ef1-a373-562e20babb76', 'youth', 'Youth Ministry', 'Middle school and high school ministry', '#10B981', 'lightning-bolt', 4, NULL, true, NULL, NULL, '2025-12-31 04:48:58.234319+00', NULL, '2025-12-31 04:48:58.234319+00', NULL);
INSERT INTO public.ministry_areas (id, church_id, name, display_name, description, color, icon, display_order, parent_id, is_active, archived_at, archived_by, created_at, created_by, updated_at, updated_by) VALUES ('5dfd50b9-a4a2-477d-a02c-355df808211b', 'a8c2c7ab-836a-4ef1-a373-562e20babb76', 'hospitality', 'Hospitality', 'Greeters, ushers, welcome team, and communion servers', '#EC4899', 'heart', 5, NULL, true, NULL, NULL, '2025-12-31 04:48:58.234319+00', NULL, '2025-12-31 04:48:58.234319+00', NULL);
INSERT INTO public.ministry_areas (id, church_id, name, display_name, description, color, icon, display_order, parent_id, is_active, archived_at, archived_by, created_at, created_by, updated_at, updated_by) VALUES ('ebcca4a1-db31-47fd-a8e2-d49699bc273e', 'a8c2c7ab-836a-4ef1-a373-562e20babb76', 'tech', 'Tech & Production', 'Sound, lighting, video, slides, and live streaming', '#6366F1', 'desktop-computer', 6, NULL, true, NULL, NULL, '2025-12-31 04:48:58.234319+00', NULL, '2025-12-31 04:48:58.234319+00', NULL);
INSERT INTO public.ministry_areas (id, church_id, name, display_name, description, color, icon, display_order, parent_id, is_active, archived_at, archived_by, created_at, created_by, updated_at, updated_by) VALUES ('0086bcbd-d5c4-46d2-9a3a-46cdc9d1a9ca', 'a8c2c7ab-836a-4ef1-a373-562e20babb76', 'admin', 'Administration', 'Church administration and operations', '#64748B', 'cog', 7, NULL, true, NULL, NULL, '2025-12-31 04:48:58.234319+00', NULL, '2025-12-31 04:48:58.234319+00', NULL);
INSERT INTO public.ministry_areas (id, church_id, name, display_name, description, color, icon, display_order, parent_id, is_active, archived_at, archived_by, created_at, created_by, updated_at, updated_by) VALUES ('38450485-f856-4c6c-b7f6-c81deb3068aa', '84c66cbb-1f13-4ed2-8416-076755b5dc49', 'sound', 'Sound', 'Audio mixing and monitor management', '#818CF8', 'volume-up', 1, '69f97d70-c500-414e-88fe-a5f8fb1c6735', true, NULL, NULL, '2025-12-31 04:48:58.23653+00', NULL, '2025-12-31 04:48:58.23653+00', NULL);
INSERT INTO public.ministry_areas (id, church_id, name, display_name, description, color, icon, display_order, parent_id, is_active, archived_at, archived_by, created_at, created_by, updated_at, updated_by) VALUES ('e7f16aa5-bc50-4de1-85e7-9e7c141246af', '84c66cbb-1f13-4ed2-8416-076755b5dc49', 'lighting', 'Lighting', 'Stage and house lighting', '#818CF8', 'light-bulb', 2, '69f97d70-c500-414e-88fe-a5f8fb1c6735', true, NULL, NULL, '2025-12-31 04:48:58.23653+00', NULL, '2025-12-31 04:48:58.23653+00', NULL);
INSERT INTO public.ministry_areas (id, church_id, name, display_name, description, color, icon, display_order, parent_id, is_active, archived_at, archived_by, created_at, created_by, updated_at, updated_by) VALUES ('b179f047-9147-4b45-b6dd-016ce5966e81', '84c66cbb-1f13-4ed2-8416-076755b5dc49', 'video', 'Video', 'Cameras, switching, and IMAG', '#818CF8', 'video-camera', 3, '69f97d70-c500-414e-88fe-a5f8fb1c6735', true, NULL, NULL, '2025-12-31 04:48:58.23653+00', NULL, '2025-12-31 04:48:58.23653+00', NULL);
INSERT INTO public.ministry_areas (id, church_id, name, display_name, description, color, icon, display_order, parent_id, is_active, archived_at, archived_by, created_at, created_by, updated_at, updated_by) VALUES ('84b627d2-ce27-42fc-a77e-4f11b548099a', '84c66cbb-1f13-4ed2-8416-076755b5dc49', 'slides', 'Slides/Lyrics', 'Presentation and lyrics display', '#818CF8', 'presentation-chart-bar', 4, '69f97d70-c500-414e-88fe-a5f8fb1c6735', true, NULL, NULL, '2025-12-31 04:48:58.23653+00', NULL, '2025-12-31 04:48:58.23653+00', NULL);
INSERT INTO public.ministry_areas (id, church_id, name, display_name, description, color, icon, display_order, parent_id, is_active, archived_at, archived_by, created_at, created_by, updated_at, updated_by) VALUES ('3276a6c4-3c49-4bd6-a786-f2e37e7a227c', '84c66cbb-1f13-4ed2-8416-076755b5dc49', 'streaming', 'Live Streaming', 'Online broadcast and recording', '#818CF8', 'globe', 5, '69f97d70-c500-414e-88fe-a5f8fb1c6735', true, NULL, NULL, '2025-12-31 04:48:58.23653+00', NULL, '2025-12-31 04:48:58.23653+00', NULL);
INSERT INTO public.ministry_areas (id, church_id, name, display_name, description, color, icon, display_order, parent_id, is_active, archived_at, archived_by, created_at, created_by, updated_at, updated_by) VALUES ('82e4e236-bfb9-47ec-adc6-c739188f7bda', '84c66cbb-1f13-4ed2-8416-076755b5dc49', 'vocals', 'Vocals', 'Worship vocals and backing vocals', '#A78BFA', 'microphone', 1, 'f5135f76-7f8d-4a07-a3e4-0c45b7ab6087', true, NULL, NULL, '2025-12-31 04:48:58.240197+00', NULL, '2025-12-31 04:48:58.240197+00', NULL);
INSERT INTO public.ministry_areas (id, church_id, name, display_name, description, color, icon, display_order, parent_id, is_active, archived_at, archived_by, created_at, created_by, updated_at, updated_by) VALUES ('07ab4ec8-59e1-4dd7-9c0c-1a5515f55e45', '84c66cbb-1f13-4ed2-8416-076755b5dc49', 'band', 'Band', 'Instrumental musicians', '#A78BFA', 'music-note', 2, 'f5135f76-7f8d-4a07-a3e4-0c45b7ab6087', true, NULL, NULL, '2025-12-31 04:48:58.240197+00', NULL, '2025-12-31 04:48:58.240197+00', NULL);
INSERT INTO public.ministry_areas (id, church_id, name, display_name, description, color, icon, display_order, parent_id, is_active, archived_at, archived_by, created_at, created_by, updated_at, updated_by) VALUES ('9cf718e5-3e3e-40e9-bbd4-cfd6196062af', '84c66cbb-1f13-4ed2-8416-076755b5dc49', 'production', 'Worship Production', 'Worship flow and transitions', '#A78BFA', 'clipboard-list', 3, 'f5135f76-7f8d-4a07-a3e4-0c45b7ab6087', true, NULL, NULL, '2025-12-31 04:48:58.240197+00', NULL, '2025-12-31 04:48:58.240197+00', NULL);


--
-- Data for Name: notification_preferences; Type: TABLE DATA; Schema: public; Owner: worship
--



--
-- Data for Name: person_aliases; Type: TABLE DATA; Schema: public; Owner: worship
--



--
-- Data for Name: person_role_capabilities; Type: TABLE DATA; Schema: public; Owner: worship
--

INSERT INTO public.person_role_capabilities (id, church_id, person_id, role_id, proficiency, is_primary, is_approved, notes, verified_by_person_id, verified_at) VALUES ('215588e7-ad38-4099-8bdf-6fe58bcd4825', 'a8c2c7ab-836a-4ef1-a373-562e20babb76', 'b27a45ae-3231-4cba-8fa4-bee3d5362dd7', '1fcd0d13-b67a-42e3-a3da-c1871ad1f1e8', 5, false, true, 'Strong electric; knows the library.', 'b8c13834-8e3d-4f98-9b4a-c4c359e19d4e', '2025-12-13 06:53:37.07138+00');
INSERT INTO public.person_role_capabilities (id, church_id, person_id, role_id, proficiency, is_primary, is_approved, notes, verified_by_person_id, verified_at) VALUES ('3826d35e-aa5c-43c0-acc4-4fb750ff7d51', 'a8c2c7ab-836a-4ef1-a373-562e20babb76', 'b27a45ae-3231-4cba-8fa4-bee3d5362dd7', '88f29648-b2d1-41ec-ad01-83438465d699', 4, true, true, 'Steady MD, can drive rehearsal.', 'b8c13834-8e3d-4f98-9b4a-c4c359e19d4e', '2025-12-13 06:53:37.07138+00');
INSERT INTO public.person_role_capabilities (id, church_id, person_id, role_id, proficiency, is_primary, is_approved, notes, verified_by_person_id, verified_at) VALUES ('026b8bc9-1469-4531-8e2e-05623e0691ca', 'a8c2c7ab-836a-4ef1-a373-562e20babb76', '0dbc5203-35f1-49c0-833e-7ead63e70cf2', '2bd0c01f-924a-4246-8ad2-3fd53461a346', 5, true, true, 'Primary lead vocal.', 'b8c13834-8e3d-4f98-9b4a-c4c359e19d4e', '2025-12-13 06:53:37.07138+00');
INSERT INTO public.person_role_capabilities (id, church_id, person_id, role_id, proficiency, is_primary, is_approved, notes, verified_by_person_id, verified_at) VALUES ('f6e751f1-d4ba-4b74-8766-49a9c7d276bb', 'a8c2c7ab-836a-4ef1-a373-562e20babb76', '2951b3bd-158c-443c-89ec-f1df666d8302', 'f654eb0e-7156-473f-8a32-116dddbe0b12', 4, true, true, 'Solid keys, reads charts.', 'b8c13834-8e3d-4f98-9b4a-c4c359e19d4e', '2025-12-13 06:53:37.07138+00');
INSERT INTO public.person_role_capabilities (id, church_id, person_id, role_id, proficiency, is_primary, is_approved, notes, verified_by_person_id, verified_at) VALUES ('d57015d0-7726-460c-bf0f-cd08f105d69d', 'a8c2c7ab-836a-4ef1-a373-562e20babb76', 'b8c13834-8e3d-4f98-9b4a-c4c359e19d4e', '596cac55-f869-4f4e-aec1-7d90486a16e3', 3, false, true, 'Can sub when needed.', 'b8c13834-8e3d-4f98-9b4a-c4c359e19d4e', '2025-12-13 06:53:37.07138+00');
INSERT INTO public.person_role_capabilities (id, church_id, person_id, role_id, proficiency, is_primary, is_approved, notes, verified_by_person_id, verified_at) VALUES ('9957129e-9f65-4157-9a3e-dfef7b8cc107', 'a8c2c7ab-836a-4ef1-a373-562e20babb76', 'da4be703-3c01-4770-a0c8-fdc67ca188d8', '40183b52-e686-48f1-8094-b85368c3d2e7', 5, true, true, NULL, NULL, NULL);
INSERT INTO public.person_role_capabilities (id, church_id, person_id, role_id, proficiency, is_primary, is_approved, notes, verified_by_person_id, verified_at) VALUES ('05411245-26a8-4a15-9c77-f2ed4f23d062', 'a8c2c7ab-836a-4ef1-a373-562e20babb76', 'da4be703-3c01-4770-a0c8-fdc67ca188d8', '058a4ba0-6677-4ee7-9b01-16e88eeb1b24', 4, false, true, NULL, NULL, NULL);
INSERT INTO public.person_role_capabilities (id, church_id, person_id, role_id, proficiency, is_primary, is_approved, notes, verified_by_person_id, verified_at) VALUES ('78c406ce-9723-4bf6-bc94-f518109dc3e2', 'a8c2c7ab-836a-4ef1-a373-562e20babb76', 'da4be703-3c01-4770-a0c8-fdc67ca188d8', 'c5b8a916-51ef-4999-88ba-1ee0e4df288f', 3, false, true, NULL, NULL, NULL);
INSERT INTO public.person_role_capabilities (id, church_id, person_id, role_id, proficiency, is_primary, is_approved, notes, verified_by_person_id, verified_at) VALUES ('d346d7fc-b8e7-4b06-8afd-96a2640a836f', 'a8c2c7ab-836a-4ef1-a373-562e20babb76', 'e7f4bef7-79ee-4d33-b59e-7df246fb641e', '058a4ba0-6677-4ee7-9b01-16e88eeb1b24', 5, true, true, NULL, NULL, NULL);
INSERT INTO public.person_role_capabilities (id, church_id, person_id, role_id, proficiency, is_primary, is_approved, notes, verified_by_person_id, verified_at) VALUES ('5e3b92e5-b650-4507-9135-da4bdaf05962', 'a8c2c7ab-836a-4ef1-a373-562e20babb76', 'e7f4bef7-79ee-4d33-b59e-7df246fb641e', '40183b52-e686-48f1-8094-b85368c3d2e7', 3, false, true, NULL, NULL, NULL);
INSERT INTO public.person_role_capabilities (id, church_id, person_id, role_id, proficiency, is_primary, is_approved, notes, verified_by_person_id, verified_at) VALUES ('3c5d62a4-aa9d-4d61-b00a-fca14647a94b', 'a8c2c7ab-836a-4ef1-a373-562e20babb76', 'f27f03e4-738f-4177-8449-deb3b0ea614f', '058a4ba0-6677-4ee7-9b01-16e88eeb1b24', 4, true, true, NULL, NULL, NULL);
INSERT INTO public.person_role_capabilities (id, church_id, person_id, role_id, proficiency, is_primary, is_approved, notes, verified_by_person_id, verified_at) VALUES ('7fe4d627-7288-43a7-b8a1-7834971dd57c', 'a8c2c7ab-836a-4ef1-a373-562e20babb76', '2093fc60-9b37-4667-b1bb-cb392f80d222', '058a4ba0-6677-4ee7-9b01-16e88eeb1b24', 4, true, true, NULL, NULL, NULL);
INSERT INTO public.person_role_capabilities (id, church_id, person_id, role_id, proficiency, is_primary, is_approved, notes, verified_by_person_id, verified_at) VALUES ('5c563894-3521-4de8-bd14-05b610efc165', 'a8c2c7ab-836a-4ef1-a373-562e20babb76', '597c84be-34b7-4b5f-b433-014d91cc1963', '4cae3438-1218-4ca0-b3e4-0eb6d79af5fe', 5, true, true, NULL, NULL, NULL);
INSERT INTO public.person_role_capabilities (id, church_id, person_id, role_id, proficiency, is_primary, is_approved, notes, verified_by_person_id, verified_at) VALUES ('90d91076-e225-4788-a67c-10c80a19493e', 'a8c2c7ab-836a-4ef1-a373-562e20babb76', '597c84be-34b7-4b5f-b433-014d91cc1963', '40183b52-e686-48f1-8094-b85368c3d2e7', 4, false, true, NULL, NULL, NULL);
INSERT INTO public.person_role_capabilities (id, church_id, person_id, role_id, proficiency, is_primary, is_approved, notes, verified_by_person_id, verified_at) VALUES ('edee8a65-728a-4ead-99de-53aa24f30807', 'a8c2c7ab-836a-4ef1-a373-562e20babb76', '8644e9d4-f82f-4453-a34f-18e7c887fbeb', 'c5b8a916-51ef-4999-88ba-1ee0e4df288f', 5, true, true, NULL, NULL, NULL);
INSERT INTO public.person_role_capabilities (id, church_id, person_id, role_id, proficiency, is_primary, is_approved, notes, verified_by_person_id, verified_at) VALUES ('541fe717-bfa0-472a-b868-5d155fc96363', 'a8c2c7ab-836a-4ef1-a373-562e20babb76', 'ed5ebb2d-963f-4f65-9001-68b5dbd4c2cd', 'cd95842c-1f42-40a5-bd33-d46f76443bf6', 4, true, true, NULL, NULL, NULL);
INSERT INTO public.person_role_capabilities (id, church_id, person_id, role_id, proficiency, is_primary, is_approved, notes, verified_by_person_id, verified_at) VALUES ('d3ccf445-e573-4b9e-8b36-41db24ea60f3', 'a8c2c7ab-836a-4ef1-a373-562e20babb76', 'd99a9a05-d40f-46e2-9af8-e9123d2d157d', '596cac55-f869-4f4e-aec1-7d90486a16e3', 5, true, true, NULL, NULL, NULL);
INSERT INTO public.person_role_capabilities (id, church_id, person_id, role_id, proficiency, is_primary, is_approved, notes, verified_by_person_id, verified_at) VALUES ('28204966-618f-495d-bdc2-fb6ecc9b458e', 'a8c2c7ab-836a-4ef1-a373-562e20babb76', '6ad847be-d884-49ff-9814-7cb387736c96', 'e03a8445-2d04-44ee-9bc1-2193388974e8', 5, true, true, NULL, NULL, NULL);
INSERT INTO public.person_role_capabilities (id, church_id, person_id, role_id, proficiency, is_primary, is_approved, notes, verified_by_person_id, verified_at) VALUES ('e996f691-4466-417f-a61b-a2ce0aeda99a', 'a8c2c7ab-836a-4ef1-a373-562e20babb76', '6ad847be-d884-49ff-9814-7cb387736c96', '0b9511a5-3b3f-4f88-aab8-476cfe7b5be6', 3, false, true, NULL, NULL, NULL);
INSERT INTO public.person_role_capabilities (id, church_id, person_id, role_id, proficiency, is_primary, is_approved, notes, verified_by_person_id, verified_at) VALUES ('22d85f6f-c42c-47bf-8b30-ad5851f94934', 'a8c2c7ab-836a-4ef1-a373-562e20babb76', 'f69efa5f-9899-4de3-85b3-cfd0c284fcd9', 'fb28a02b-b47d-4c7b-851c-b5808ddb94e7', 4, true, true, NULL, NULL, NULL);
INSERT INTO public.person_role_capabilities (id, church_id, person_id, role_id, proficiency, is_primary, is_approved, notes, verified_by_person_id, verified_at) VALUES ('6d4dcb3f-9c17-4c2a-b3cb-7b62c10fa566', 'a8c2c7ab-836a-4ef1-a373-562e20babb76', '411b813c-9a63-4d4e-8015-eb2c1ab27903', '0b9511a5-3b3f-4f88-aab8-476cfe7b5be6', 5, true, true, NULL, NULL, NULL);
INSERT INTO public.person_role_capabilities (id, church_id, person_id, role_id, proficiency, is_primary, is_approved, notes, verified_by_person_id, verified_at) VALUES ('8359b2ff-b852-457b-8332-cc9d87cd9a25', 'a8c2c7ab-836a-4ef1-a373-562e20babb76', '64fd8beb-de40-4e46-91fd-5a30514dd7d6', 'dee78f35-ddec-4f4c-a0a3-d9808b966637', 4, true, true, NULL, NULL, NULL);
INSERT INTO public.person_role_capabilities (id, church_id, person_id, role_id, proficiency, is_primary, is_approved, notes, verified_by_person_id, verified_at) VALUES ('a3a4f6e9-de7d-40d5-9213-c1ba2bd1fc2d', 'a8c2c7ab-836a-4ef1-a373-562e20babb76', '149c3aa6-272a-4bed-9004-6d95a8b860dd', 'fa593ec0-cb9b-423b-a645-a3079c9446d0', 5, true, true, NULL, NULL, NULL);
INSERT INTO public.person_role_capabilities (id, church_id, person_id, role_id, proficiency, is_primary, is_approved, notes, verified_by_person_id, verified_at) VALUES ('609bc7e3-03d9-4cb9-8b0a-c0524645cfb8', 'a8c2c7ab-836a-4ef1-a373-562e20babb76', 'f929e271-99cb-4081-abdc-954527b46c26', 'fa593ec0-cb9b-423b-a645-a3079c9446d0', 4, true, true, NULL, NULL, NULL);
INSERT INTO public.person_role_capabilities (id, church_id, person_id, role_id, proficiency, is_primary, is_approved, notes, verified_by_person_id, verified_at) VALUES ('cefc6598-2eef-4ec1-865f-5e0631a4b170', 'a8c2c7ab-836a-4ef1-a373-562e20babb76', '67b2cab5-82d7-4bd3-8248-017515c25f2b', 'bdb13775-7bdd-4f7b-ba05-2758d4a8d5c6', 5, true, true, NULL, NULL, NULL);
INSERT INTO public.person_role_capabilities (id, church_id, person_id, role_id, proficiency, is_primary, is_approved, notes, verified_by_person_id, verified_at) VALUES ('31092874-af0b-4eb0-b8f3-87a14beb06b6', 'a8c2c7ab-836a-4ef1-a373-562e20babb76', '1dc5e727-035b-4a70-886f-9994243bc972', '773b0b0b-5b0c-4a86-b1cf-cb587e359ec9', 5, true, true, NULL, NULL, NULL);
INSERT INTO public.person_role_capabilities (id, church_id, person_id, role_id, proficiency, is_primary, is_approved, notes, verified_by_person_id, verified_at) VALUES ('5d470d5d-5c6c-446a-affb-c886a1ac52fa', 'a8c2c7ab-836a-4ef1-a373-562e20babb76', 'd3987d83-3a69-4e8c-87f3-54675890df05', '23068d93-86c2-4036-9cef-904d24deb185', 5, true, true, NULL, NULL, NULL);
INSERT INTO public.person_role_capabilities (id, church_id, person_id, role_id, proficiency, is_primary, is_approved, notes, verified_by_person_id, verified_at) VALUES ('e03c988c-748f-459c-8fcd-83d21bfc2505', 'a8c2c7ab-836a-4ef1-a373-562e20babb76', 'b4de26b2-4c9a-4059-a6f3-871bd1cda033', '5ceb76e7-9bbc-4d40-81d8-88d04a76021d', 4, true, true, NULL, NULL, NULL);
INSERT INTO public.person_role_capabilities (id, church_id, person_id, role_id, proficiency, is_primary, is_approved, notes, verified_by_person_id, verified_at) VALUES ('73e7d97b-30c1-465e-a3dd-8b44569d17fc', 'a8c2c7ab-836a-4ef1-a373-562e20babb76', 'a212b9f6-ca58-429d-ac40-000cdee46ca6', '0c8caeaf-d932-45cb-b994-9103fa56b6fe', 5, true, true, NULL, NULL, NULL);
INSERT INTO public.person_role_capabilities (id, church_id, person_id, role_id, proficiency, is_primary, is_approved, notes, verified_by_person_id, verified_at) VALUES ('db2924e2-24c0-45ab-9a17-74d4b05a2dda', 'a8c2c7ab-836a-4ef1-a373-562e20babb76', '06bc318e-ef52-4a58-907a-b02c58ec4f65', 'c2f8e5d5-fb20-4463-8c97-80720aeb25d9', 5, true, true, NULL, NULL, NULL);
INSERT INTO public.person_role_capabilities (id, church_id, person_id, role_id, proficiency, is_primary, is_approved, notes, verified_by_person_id, verified_at) VALUES ('5869986f-db02-4107-970f-530a0dec85d4', 'a8c2c7ab-836a-4ef1-a373-562e20babb76', '71d0e5c0-73c3-476e-bd4c-1c7c6ce0ff8b', '3d852d07-10e0-490f-9366-1c31c62dc256', 4, true, true, NULL, NULL, NULL);
INSERT INTO public.person_role_capabilities (id, church_id, person_id, role_id, proficiency, is_primary, is_approved, notes, verified_by_person_id, verified_at) VALUES ('97b568d4-42e0-4811-985c-3f67f334911a', 'a8c2c7ab-836a-4ef1-a373-562e20babb76', 'da4be703-3c01-4770-a0c8-fdc67ca188d8', '4cae3438-1218-4ca0-b3e4-0eb6d79af5fe', 4, false, true, NULL, NULL, NULL);
INSERT INTO public.person_role_capabilities (id, church_id, person_id, role_id, proficiency, is_primary, is_approved, notes, verified_by_person_id, verified_at) VALUES ('71710533-b1ab-431e-8bc4-5ebe8c4ad190', '84c66cbb-1f13-4ed2-8416-076755b5dc49', '3e8f993a-cf66-4678-a292-4858f5ca90ec', '7c290086-ed11-4526-83b8-f7345060ca33', 2, false, true, NULL, NULL, NULL);
INSERT INTO public.person_role_capabilities (id, church_id, person_id, role_id, proficiency, is_primary, is_approved, notes, verified_by_person_id, verified_at) VALUES ('949860a9-9df5-4be7-a7c7-cc738bb30e2d', '84c66cbb-1f13-4ed2-8416-076755b5dc49', '3e8f993a-cf66-4678-a292-4858f5ca90ec', 'a69f1828-661b-4a7f-8bb2-402f71b24e38', 4, false, true, NULL, NULL, NULL);
INSERT INTO public.person_role_capabilities (id, church_id, person_id, role_id, proficiency, is_primary, is_approved, notes, verified_by_person_id, verified_at) VALUES ('e4cbc414-9c5b-4440-ab54-1fb043579242', '84c66cbb-1f13-4ed2-8416-076755b5dc49', '3e8f993a-cf66-4678-a292-4858f5ca90ec', '74956474-991e-4f87-b2b1-d9427f051e0a', 5, false, true, NULL, NULL, NULL);
INSERT INTO public.person_role_capabilities (id, church_id, person_id, role_id, proficiency, is_primary, is_approved, notes, verified_by_person_id, verified_at) VALUES ('7a3a0023-29fd-44d3-9feb-a978a3fff158', '84c66cbb-1f13-4ed2-8416-076755b5dc49', '3e8f993a-cf66-4678-a292-4858f5ca90ec', '43cb278f-239d-4d03-b7fe-c58e33bb78b1', 4, false, true, NULL, NULL, NULL);
INSERT INTO public.person_role_capabilities (id, church_id, person_id, role_id, proficiency, is_primary, is_approved, notes, verified_by_person_id, verified_at) VALUES ('49d4f3e9-fbfe-42d2-aa67-454dd0ac4789', '84c66cbb-1f13-4ed2-8416-076755b5dc49', '3e8f993a-cf66-4678-a292-4858f5ca90ec', '5b4580d7-972d-42ba-8871-7656885d9717', 3, false, true, NULL, NULL, NULL);
INSERT INTO public.person_role_capabilities (id, church_id, person_id, role_id, proficiency, is_primary, is_approved, notes, verified_by_person_id, verified_at) VALUES ('8f8762eb-bde0-49b7-a18a-2d62931f1faa', '84c66cbb-1f13-4ed2-8416-076755b5dc49', '3e8f993a-cf66-4678-a292-4858f5ca90ec', '87c03826-321c-442b-9934-5f750b550b92', 3, false, true, NULL, NULL, NULL);
INSERT INTO public.person_role_capabilities (id, church_id, person_id, role_id, proficiency, is_primary, is_approved, notes, verified_by_person_id, verified_at) VALUES ('a3178e47-2cb7-49d6-95c8-bcabccca6736', '84c66cbb-1f13-4ed2-8416-076755b5dc49', '3e8f993a-cf66-4678-a292-4858f5ca90ec', '129155a3-f48c-4d2e-900f-d749ccb78ade', 3, false, true, NULL, NULL, NULL);
INSERT INTO public.person_role_capabilities (id, church_id, person_id, role_id, proficiency, is_primary, is_approved, notes, verified_by_person_id, verified_at) VALUES ('a34f8014-4dce-4b5f-8d7f-66274e10578b', '84c66cbb-1f13-4ed2-8416-076755b5dc49', '3e8f993a-cf66-4678-a292-4858f5ca90ec', 'b1ceb2e7-36c5-4215-b55a-0c206bc2bab8', 3, false, true, NULL, NULL, NULL);


--
-- Data for Name: schema_migrations; Type: TABLE DATA; Schema: public; Owner: worship
--

INSERT INTO public.schema_migrations (id, applied_at) VALUES ('006_rename_orgs_to_churches', '2025-12-17 05:54:39.880633+00');
INSERT INTO public.schema_migrations (id, applied_at) VALUES ('007_rename_org_id_to_church_id_tables', '2025-12-17 06:04:30.113574+00');
INSERT INTO public.schema_migrations (id, applied_at) VALUES ('2024-12-30-service-schema-v2', '2025-12-31 04:48:54.069761+00');


--
-- Data for Name: service_amendments; Type: TABLE DATA; Schema: public; Owner: worship
--



--
-- Data for Name: service_audit_log; Type: TABLE DATA; Schema: public; Owner: worship
--



--
-- Data for Name: template_sections; Type: TABLE DATA; Schema: public; Owner: worship
--

INSERT INTO public.template_sections (id, church_id, template_id, display_order, name, section_type, relative_start_minutes, estimated_duration_minutes, is_flexible_timing, ministry_area_id, ownership_config, config, default_content, is_required, is_active, created_at, created_by, updated_at, updated_by) VALUES ('d2f39fd5-5a23-4438-adbc-f8d32c514223', '84c66cbb-1f13-4ed2-8416-076755b5dc49', 'cf7dfb35-2cce-4736-bf3c-67dbd3d841d9', 1, 'Pre-Service', 'transition', -15, 15, false, '69f97d70-c500-414e-88fe-a5f8fb1c6735', '{}', '{"notes": "Countdown, announcements loop"}', NULL, false, true, '2025-12-31 04:48:58.25321+00', NULL, '2025-12-31 04:48:58.25321+00', NULL);
INSERT INTO public.template_sections (id, church_id, template_id, display_order, name, section_type, relative_start_minutes, estimated_duration_minutes, is_flexible_timing, ministry_area_id, ownership_config, config, default_content, is_required, is_active, created_at, created_by, updated_at, updated_by) VALUES ('15a7b328-9e23-471b-8759-8eb8fcc82319', '84c66cbb-1f13-4ed2-8416-076755b5dc49', 'cf7dfb35-2cce-4736-bf3c-67dbd3d841d9', 2, 'Welcome & Greeting', 'announcement', 0, 5, false, '67d9c47d-ec98-4955-bcbc-33eb80b98419', '{}', '{"max_items": 3}', NULL, true, true, '2025-12-31 04:48:58.25321+00', NULL, '2025-12-31 04:48:58.25321+00', NULL);
INSERT INTO public.template_sections (id, church_id, template_id, display_order, name, section_type, relative_start_minutes, estimated_duration_minutes, is_flexible_timing, ministry_area_id, ownership_config, config, default_content, is_required, is_active, created_at, created_by, updated_at, updated_by) VALUES ('e3b0b349-a97e-4a4a-a16b-ac7086c4c6f8', '84c66cbb-1f13-4ed2-8416-076755b5dc49', 'cf7dfb35-2cce-4736-bf3c-67dbd3d841d9', 3, 'Opening Worship', 'worship', 5, 20, false, 'f5135f76-7f8d-4a07-a3e4-0c45b7ab6087', '{}', '{"max_songs": 4, "min_songs": 2}', NULL, true, true, '2025-12-31 04:48:58.25321+00', NULL, '2025-12-31 04:48:58.25321+00', NULL);
INSERT INTO public.template_sections (id, church_id, template_id, display_order, name, section_type, relative_start_minutes, estimated_duration_minutes, is_flexible_timing, ministry_area_id, ownership_config, config, default_content, is_required, is_active, created_at, created_by, updated_at, updated_by) VALUES ('ed4e3c9b-e551-466d-b7d6-23744a7dcbc0', '84c66cbb-1f13-4ed2-8416-076755b5dc49', 'cf7dfb35-2cce-4736-bf3c-67dbd3d841d9', 4, 'Announcements', 'announcement', 25, 5, false, '39cb6bc2-5452-4f2e-aa63-0ee38685e11d', '{}', '{"max_items": 5}', NULL, false, true, '2025-12-31 04:48:58.25321+00', NULL, '2025-12-31 04:48:58.25321+00', NULL);
INSERT INTO public.template_sections (id, church_id, template_id, display_order, name, section_type, relative_start_minutes, estimated_duration_minutes, is_flexible_timing, ministry_area_id, ownership_config, config, default_content, is_required, is_active, created_at, created_by, updated_at, updated_by) VALUES ('46c60d0f-a78e-4986-b60d-d28601ccbf41', '84c66cbb-1f13-4ed2-8416-076755b5dc49', 'cf7dfb35-2cce-4736-bf3c-67dbd3d841d9', 5, 'Offering', 'offering', 30, 5, false, '67d9c47d-ec98-4955-bcbc-33eb80b98419', '{}', '{}', NULL, true, true, '2025-12-31 04:48:58.25321+00', NULL, '2025-12-31 04:48:58.25321+00', NULL);
INSERT INTO public.template_sections (id, church_id, template_id, display_order, name, section_type, relative_start_minutes, estimated_duration_minutes, is_flexible_timing, ministry_area_id, ownership_config, config, default_content, is_required, is_active, created_at, created_by, updated_at, updated_by) VALUES ('d2368c5e-0faf-4cb5-b32e-e15e4db379cc', '84c66cbb-1f13-4ed2-8416-076755b5dc49', 'cf7dfb35-2cce-4736-bf3c-67dbd3d841d9', 6, 'Message', 'message', 35, 35, false, 'e187e5f3-08d4-4ca6-81ea-8598615243fc', '{}', '{"requires_title": true, "requires_scripture": true}', NULL, true, true, '2025-12-31 04:48:58.25321+00', NULL, '2025-12-31 04:48:58.25321+00', NULL);
INSERT INTO public.template_sections (id, church_id, template_id, display_order, name, section_type, relative_start_minutes, estimated_duration_minutes, is_flexible_timing, ministry_area_id, ownership_config, config, default_content, is_required, is_active, created_at, created_by, updated_at, updated_by) VALUES ('b3b9cdf3-910e-4746-bd34-9eb13489541a', '84c66cbb-1f13-4ed2-8416-076755b5dc49', 'cf7dfb35-2cce-4736-bf3c-67dbd3d841d9', 7, 'Response', 'worship', 70, 10, false, 'f5135f76-7f8d-4a07-a3e4-0c45b7ab6087', '{}', '{"max_songs": 2, "min_songs": 1}', NULL, false, true, '2025-12-31 04:48:58.25321+00', NULL, '2025-12-31 04:48:58.25321+00', NULL);
INSERT INTO public.template_sections (id, church_id, template_id, display_order, name, section_type, relative_start_minutes, estimated_duration_minutes, is_flexible_timing, ministry_area_id, ownership_config, config, default_content, is_required, is_active, created_at, created_by, updated_at, updated_by) VALUES ('34a7f359-58e1-4838-be17-f57fab7ead40', '84c66cbb-1f13-4ed2-8416-076755b5dc49', 'cf7dfb35-2cce-4736-bf3c-67dbd3d841d9', 8, 'Closing & Benediction', 'prayer', 80, 5, false, 'e187e5f3-08d4-4ca6-81ea-8598615243fc', '{}', '{}', NULL, true, true, '2025-12-31 04:48:58.25321+00', NULL, '2025-12-31 04:48:58.25321+00', NULL);
INSERT INTO public.template_sections (id, church_id, template_id, display_order, name, section_type, relative_start_minutes, estimated_duration_minutes, is_flexible_timing, ministry_area_id, ownership_config, config, default_content, is_required, is_active, created_at, created_by, updated_at, updated_by) VALUES ('ede83ebb-66a7-45bb-8958-aa5cd1f4a647', '84c66cbb-1f13-4ed2-8416-076755b5dc49', 'cf7dfb35-2cce-4736-bf3c-67dbd3d841d9', 9, 'Postlude', 'transition', 85, 5, false, '69f97d70-c500-414e-88fe-a5f8fb1c6735', '{}', '{"notes": "Exit music"}', NULL, false, true, '2025-12-31 04:48:58.25321+00', NULL, '2025-12-31 04:48:58.25321+00', NULL);


--
-- Data for Name: service_instance_sections; Type: TABLE DATA; Schema: public; Owner: worship
--



--
-- Data for Name: songs; Type: TABLE DATA; Schema: public; Owner: worship
--

INSERT INTO public.songs (id, church_id, title, ccli_number, created_at, artist, key, bpm, notes, source_format, raw_text, parsed_json, updated_at, archived_at) VALUES ('4febda63-b38c-4942-bd4a-110b76f1b157', 'a8c2c7ab-836a-4ef1-a373-562e20babb76', 'Oceans (Where Feet May Fail)', '6428767', '2025-12-14 00:29:57.605117+00', NULL, NULL, NULL, NULL, 'plain_text', NULL, '{"format": "plain_text", "sections": [], "warnings": [], "generated_at": "2026-01-05T02:39:27.83828+00:00"}', '2026-01-05 02:39:27.83828+00', NULL);
INSERT INTO public.songs (id, church_id, title, ccli_number, created_at, artist, key, bpm, notes, source_format, raw_text, parsed_json, updated_at, archived_at) VALUES ('015b689b-7311-4ee8-92a9-abc749ce1fda', 'a8c2c7ab-836a-4ef1-a373-562e20babb76', 'Great Are You Lord', '6460220', '2025-12-14 00:29:57.605117+00', NULL, NULL, NULL, NULL, 'plain_text', NULL, '{"format": "plain_text", "sections": [], "warnings": [], "generated_at": "2026-01-05T02:39:27.83828+00:00"}', '2026-01-05 02:39:27.83828+00', NULL);
INSERT INTO public.songs (id, church_id, title, ccli_number, created_at, artist, key, bpm, notes, source_format, raw_text, parsed_json, updated_at, archived_at) VALUES ('c6b7a090-223a-4734-82e6-8e7695b43d27', 'a8c2c7ab-836a-4ef1-a373-562e20babb76', 'Goodness of God', '7117726', '2025-12-14 00:37:35.294438+00', NULL, NULL, NULL, NULL, 'plain_text', NULL, '{"format": "plain_text", "sections": [], "warnings": [], "generated_at": "2026-01-05T02:39:27.83828+00:00"}', '2026-01-05 02:39:27.83828+00', NULL);
INSERT INTO public.songs (id, church_id, title, ccli_number, created_at, artist, key, bpm, notes, source_format, raw_text, parsed_json, updated_at, archived_at) VALUES ('4dd2c88e-89de-46e6-893c-dab70a02e2ba', 'a8c2c7ab-836a-4ef1-a373-562e20babb76', 'Way Maker', '7115744', '2025-12-14 00:40:37.807622+00', NULL, NULL, NULL, NULL, 'plain_text', NULL, '{"format": "plain_text", "sections": [], "warnings": [], "generated_at": "2026-01-05T02:39:27.83828+00:00"}', '2026-01-05 02:39:27.83828+00', NULL);
INSERT INTO public.songs (id, church_id, title, ccli_number, created_at, artist, key, bpm, notes, source_format, raw_text, parsed_json, updated_at, archived_at) VALUES ('d7281b51-f347-4c14-ade7-807573bb710b', 'a8c2c7ab-836a-4ef1-a373-562e20babb76', 'Reckless Love', '7089641', '2025-12-15 07:49:00.418227+00', 'Cory Asbury', 'G', 68, NULL, 'plain_text', NULL, '{"format": "plain_text", "sections": [], "warnings": [], "generated_at": "2026-01-05T02:39:27.83828+00:00"}', '2026-01-05 02:39:27.83828+00', NULL);
INSERT INTO public.songs (id, church_id, title, ccli_number, created_at, artist, key, bpm, notes, source_format, raw_text, parsed_json, updated_at, archived_at) VALUES ('a94a73a6-e5a1-4cb4-9cf8-8a34117037db', 'a8c2c7ab-836a-4ef1-a373-562e20babb76', 'Living Hope', '7106807', '2025-12-15 07:49:00.418227+00', 'Phil Wickham', 'C', 73, NULL, 'plain_text', NULL, '{"format": "plain_text", "sections": [], "warnings": [], "generated_at": "2026-01-05T02:39:27.83828+00:00"}', '2026-01-05 02:39:27.83828+00', NULL);
INSERT INTO public.songs (id, church_id, title, ccli_number, created_at, artist, key, bpm, notes, source_format, raw_text, parsed_json, updated_at, archived_at) VALUES ('46d5fb4b-bda5-4785-b4ed-afed71b25f3c', 'a8c2c7ab-836a-4ef1-a373-562e20babb76', 'Test Song 1765785133', NULL, '2025-12-15 07:52:13.941899+00', 'Test Artist', 'G', 120, 'This is a test song', 'plain_text', NULL, '{"format": "plain_text", "sections": [], "warnings": [], "generated_at": "2026-01-05T02:39:27.83828+00:00"}', '2026-01-05 02:39:27.83828+00', NULL);
INSERT INTO public.songs (id, church_id, title, ccli_number, created_at, artist, key, bpm, notes, source_format, raw_text, parsed_json, updated_at, archived_at) VALUES ('05406522-7207-4baa-acd9-21dffe6693b9', 'a8c2c7ab-836a-4ef1-a373-562e20babb76', 'Adonai', NULL, '2025-12-14 00:25:57.965217+00', 'Brian Wikene', NULL, NULL, NULL, 'plain_text', NULL, '{"format": "plain_text", "sections": [], "warnings": [], "generated_at": "2026-01-05T02:39:27.83828+00:00"}', '2026-01-05 02:39:27.83828+00', NULL);
INSERT INTO public.songs (id, church_id, title, ccli_number, created_at, artist, key, bpm, notes, source_format, raw_text, parsed_json, updated_at, archived_at) VALUES ('38f94a93-3603-418f-aae3-eb9d897fe611', 'a8c2c7ab-836a-4ef1-a373-562e20babb76', '10,000 Reasons (Bless the Lord)', '6016351', '2025-12-14 00:37:35.294438+00', 'Matt Redman', 'G', 72, 'standard arrangement', 'plain_text', NULL, '{"format": "plain_text", "sections": [], "warnings": [], "generated_at": "2026-01-05T02:39:27.83828+00:00"}', '2026-01-05 02:39:27.83828+00', NULL);
INSERT INTO public.songs (id, church_id, title, ccli_number, created_at, artist, key, bpm, notes, source_format, raw_text, parsed_json, updated_at, archived_at) VALUES ('17739e43-1afc-42f3-8a1a-fab56eadbf9d', 'a8c2c7ab-836a-4ef1-a373-562e20babb76', 'Come Holy Spirit', '7654321', '2025-12-13 06:53:37.07138+00', ' Bryan & Katie Torwalt', 'A', 72, NULL, 'plain_text', NULL, '{"format": "plain_text", "sections": [], "warnings": [], "generated_at": "2026-01-05T02:39:27.83828+00:00"}', '2026-01-05 02:39:27.83828+00', NULL);
INSERT INTO public.songs (id, church_id, title, ccli_number, created_at, artist, key, bpm, notes, source_format, raw_text, parsed_json, updated_at, archived_at) VALUES ('c47c70fb-5147-4afe-94cf-2e2d8449360f', 'a8c2c7ab-836a-4ef1-a373-562e20babb76', 'Same Rain', NULL, '2025-12-14 00:40:37.807622+00', 'Brian Wikene', NULL, NULL, NULL, 'plain_text', NULL, '{"format": "plain_text", "sections": [], "warnings": [], "generated_at": "2026-01-05T02:39:27.83828+00:00"}', '2026-01-05 02:39:27.83828+00', NULL);
INSERT INTO public.songs (id, church_id, title, ccli_number, created_at, artist, key, bpm, notes, source_format, raw_text, parsed_json, updated_at, archived_at) VALUES ('26b86343-b62c-4b8e-8bec-12853e4dee78', 'a8c2c7ab-836a-4ef1-a373-562e20babb76', 'You''re My Defender', NULL, '2025-12-14 00:25:57.965217+00', 'Brian WIkene', NULL, NULL, NULL, 'plain_text', NULL, '{"format": "plain_text", "sections": [], "warnings": [], "generated_at": "2026-01-05T02:39:27.83828+00:00"}', '2026-01-05 02:39:27.83828+00', NULL);
INSERT INTO public.songs (id, church_id, title, ccli_number, created_at, artist, key, bpm, notes, source_format, raw_text, parsed_json, updated_at, archived_at) VALUES ('a5d2021b-8466-4658-974e-23dd042917ae', 'a8c2c7ab-836a-4ef1-a373-562e20babb76', 'This Is The Day', '1234567', '2025-12-13 06:53:37.07138+00', 'Brian Wikene', NULL, NULL, NULL, 'plain_text', NULL, '{"format": "plain_text", "sections": [], "warnings": [], "generated_at": "2026-01-05T02:39:27.83828+00:00"}', '2026-01-05 02:39:27.83828+00', NULL);
INSERT INTO public.songs (id, church_id, title, ccli_number, created_at, artist, key, bpm, notes, source_format, raw_text, parsed_json, updated_at, archived_at) VALUES ('3d73ed36-c7b8-4060-8816-3cee5c4e19de', '84c66cbb-1f13-4ed2-8416-076755b5dc49', 'Open Hands', NULL, '2025-12-17 08:37:48.431703+00', 'Bethany Worship', 'G', 72, NULL, 'plain_text', NULL, '{"format": "plain_text", "sections": [], "warnings": [], "generated_at": "2026-01-05T02:39:27.83828+00:00"}', '2026-01-05 02:39:27.83828+00', NULL);
INSERT INTO public.songs (id, church_id, title, ccli_number, created_at, artist, key, bpm, notes, source_format, raw_text, parsed_json, updated_at, archived_at) VALUES ('c89e93ca-92c0-4b36-a0f5-59fce142fc43', '84c66cbb-1f13-4ed2-8416-076755b5dc49', 'Morning Mercy', NULL, '2025-12-17 08:37:48.431703+00', 'Bethany Worship', 'A', 68, NULL, 'plain_text', NULL, '{"format": "plain_text", "sections": [], "warnings": [], "generated_at": "2026-01-05T02:39:27.83828+00:00"}', '2026-01-05 02:39:27.83828+00', NULL);
INSERT INTO public.songs (id, church_id, title, ccli_number, created_at, artist, key, bpm, notes, source_format, raw_text, parsed_json, updated_at, archived_at) VALUES ('5ee98c34-7db3-47de-a676-2e2a18673e51', '84c66cbb-1f13-4ed2-8416-076755b5dc49', 'Bright and Holy', NULL, '2025-12-17 08:37:48.431703+00', 'Bethany Worship', 'E', 80, NULL, 'plain_text', NULL, '{"format": "plain_text", "sections": [], "warnings": [], "generated_at": "2026-01-05T02:39:27.83828+00:00"}', '2026-01-05 02:39:27.83828+00', NULL);
INSERT INTO public.songs (id, church_id, title, ccli_number, created_at, artist, key, bpm, notes, source_format, raw_text, parsed_json, updated_at, archived_at) VALUES ('d7ca6639-a061-4090-975b-1689e7371baa', '84c66cbb-1f13-4ed2-8416-076755b5dc49', 'Carry the Light', NULL, '2025-12-17 08:37:48.431703+00', 'Bethany Worship', 'C', 74, NULL, 'plain_text', NULL, '{"format": "plain_text", "sections": [], "warnings": [], "generated_at": "2026-01-05T02:39:27.83828+00:00"}', '2026-01-05 02:39:27.83828+00', NULL);
INSERT INTO public.songs (id, church_id, title, ccli_number, created_at, artist, key, bpm, notes, source_format, raw_text, parsed_json, updated_at, archived_at) VALUES ('51449cc8-88d8-420b-8aad-4774fa6770a5', '84c66cbb-1f13-4ed2-8416-076755b5dc49', 'Grace Upon Grace', NULL, '2025-12-17 08:37:48.431703+00', 'Bethany Worship', 'B', 78, NULL, 'plain_text', NULL, '{"format": "plain_text", "sections": [], "warnings": [], "generated_at": "2026-01-05T02:39:27.83828+00:00"}', '2026-01-05 02:39:27.83828+00', NULL);
INSERT INTO public.songs (id, church_id, title, ccli_number, created_at, artist, key, bpm, notes, source_format, raw_text, parsed_json, updated_at, archived_at) VALUES ('114ea33e-29f7-4205-9740-52d272f9ea41', '84c66cbb-1f13-4ed2-8416-076755b5dc49', 'Come As You Are', NULL, '2025-12-17 08:37:48.431703+00', 'Bethany Worship', 'G', 84, NULL, 'plain_text', NULL, '{"format": "plain_text", "sections": [], "warnings": [], "generated_at": "2026-01-05T02:39:27.83828+00:00"}', '2026-01-05 02:39:27.83828+00', NULL);
INSERT INTO public.songs (id, church_id, title, ccli_number, created_at, artist, key, bpm, notes, source_format, raw_text, parsed_json, updated_at, archived_at) VALUES ('298e92ad-0158-4b76-96b7-885d2066f59a', '84c66cbb-1f13-4ed2-8416-076755b5dc49', 'Oceans of Peace', NULL, '2025-12-17 08:37:48.431703+00', 'Bethany Worship', 'D', 66, NULL, 'plain_text', NULL, '{"format": "plain_text", "sections": [], "warnings": [], "generated_at": "2026-01-05T02:39:27.83828+00:00"}', '2026-01-05 02:39:27.83828+00', NULL);
INSERT INTO public.songs (id, church_id, title, ccli_number, created_at, artist, key, bpm, notes, source_format, raw_text, parsed_json, updated_at, archived_at) VALUES ('45f0c53a-1824-48ac-be03-cf30e73e3447', '84c66cbb-1f13-4ed2-8416-076755b5dc49', 'Kingdom Near', NULL, '2025-12-17 08:37:48.431703+00', 'Bethany Worship', 'A', 88, NULL, 'plain_text', NULL, '{"format": "plain_text", "sections": [], "warnings": [], "generated_at": "2026-01-05T02:39:27.83828+00:00"}', '2026-01-05 02:39:27.83828+00', NULL);
INSERT INTO public.songs (id, church_id, title, ccli_number, created_at, artist, key, bpm, notes, source_format, raw_text, parsed_json, updated_at, archived_at) VALUES ('edd9d661-cea3-4e42-a6bf-721849554028', '84c66cbb-1f13-4ed2-8416-076755b5dc49', 'Faithful Again', NULL, '2025-12-17 08:37:48.431703+00', 'Bethany Worship', 'E', 75, NULL, 'plain_text', NULL, '{"format": "plain_text", "sections": [], "warnings": [], "generated_at": "2026-01-05T02:39:27.83828+00:00"}', '2026-01-05 02:39:27.83828+00', NULL);
INSERT INTO public.songs (id, church_id, title, ccli_number, created_at, artist, key, bpm, notes, source_format, raw_text, parsed_json, updated_at, archived_at) VALUES ('e0b37436-c183-47c2-8cff-b9b0f653595f', '84c66cbb-1f13-4ed2-8416-076755b5dc49', 'Lifted High', NULL, '2025-12-17 08:37:48.431703+00', 'Bethany Worship', 'C', 92, NULL, 'plain_text', NULL, '{"format": "plain_text", "sections": [], "warnings": [], "generated_at": "2026-01-05T02:39:27.83828+00:00"}', '2026-01-05 02:39:27.83828+00', NULL);
INSERT INTO public.songs (id, church_id, title, ccli_number, created_at, artist, key, bpm, notes, source_format, raw_text, parsed_json, updated_at, archived_at) VALUES ('d6a61a5c-3d87-4432-bcca-9816e03f81fe', '84c66cbb-1f13-4ed2-8416-076755b5dc49', 'Quiet Fire', NULL, '2025-12-17 08:37:48.431703+00', 'Bethany Worship', 'F', 64, NULL, 'plain_text', NULL, '{"format": "plain_text", "sections": [], "warnings": [], "generated_at": "2026-01-05T02:39:27.83828+00:00"}', '2026-01-05 02:39:27.83828+00', NULL);
INSERT INTO public.songs (id, church_id, title, ccli_number, created_at, artist, key, bpm, notes, source_format, raw_text, parsed_json, updated_at, archived_at) VALUES ('cd59e1f7-b1e6-47d3-bcfd-7e934cc0d843', '84c66cbb-1f13-4ed2-8416-076755b5dc49', 'Hope Has a Name', NULL, '2025-12-17 08:37:48.431703+00', 'Bethany Worship', 'B', 82, NULL, 'plain_text', NULL, '{"format": "plain_text", "sections": [], "warnings": [], "generated_at": "2026-01-05T02:39:27.83828+00:00"}', '2026-01-05 02:39:27.83828+00', NULL);
INSERT INTO public.songs (id, church_id, title, ccli_number, created_at, artist, key, bpm, notes, source_format, raw_text, parsed_json, updated_at, archived_at) VALUES ('cbd1dba7-773f-4684-8336-dd6b4f2c7f8a', '84c66cbb-1f13-4ed2-8416-076755b5dc49', 'Send Us Out', NULL, '2025-12-17 08:37:48.431703+00', 'Bethany Worship', 'F', 96, NULL, 'plain_text', NULL, '{"format": "plain_text", "sections": [], "warnings": [], "generated_at": "2026-01-05T02:39:27.83828+00:00"}', '2026-01-05 02:39:27.83828+00', NULL);
INSERT INTO public.songs (id, church_id, title, ccli_number, created_at, artist, key, bpm, notes, source_format, raw_text, parsed_json, updated_at, archived_at) VALUES ('396cb1f1-44d6-4eca-9ee5-41655891aaf8', '84c66cbb-1f13-4ed2-8416-076755b5dc49', 'YOUTH: Loud Faith', NULL, '2025-12-17 08:37:48.431703+00', 'Bethany Youth', 'E', 110, NULL, 'plain_text', NULL, '{"format": "plain_text", "sections": [], "warnings": [], "generated_at": "2026-01-05T02:39:27.83828+00:00"}', '2026-01-05 02:39:27.83828+00', NULL);
INSERT INTO public.songs (id, church_id, title, ccli_number, created_at, artist, key, bpm, notes, source_format, raw_text, parsed_json, updated_at, archived_at) VALUES ('e5d3376a-7d0a-4586-b58a-9cd91e0bc130', '84c66cbb-1f13-4ed2-8416-076755b5dc49', 'YOUTH: Run to the Light', NULL, '2025-12-17 08:37:48.431703+00', 'Bethany Youth', 'G', 124, NULL, 'plain_text', NULL, '{"format": "plain_text", "sections": [], "warnings": [], "generated_at": "2026-01-05T02:39:27.83828+00:00"}', '2026-01-05 02:39:27.83828+00', NULL);
INSERT INTO public.songs (id, church_id, title, ccli_number, created_at, artist, key, bpm, notes, source_format, raw_text, parsed_json, updated_at, archived_at) VALUES ('dc6d2155-5a46-46e6-a90d-c6170fe95fb6', '84c66cbb-1f13-4ed2-8416-076755b5dc49', 'YOUTH: No Shame', NULL, '2025-12-17 08:37:48.431703+00', 'Bethany Youth', 'A', 118, NULL, 'plain_text', NULL, '{"format": "plain_text", "sections": [], "warnings": [], "generated_at": "2026-01-05T02:39:27.83828+00:00"}', '2026-01-05 02:39:27.83828+00', NULL);
INSERT INTO public.songs (id, church_id, title, ccli_number, created_at, artist, key, bpm, notes, source_format, raw_text, parsed_json, updated_at, archived_at) VALUES ('bb043052-4734-404d-9e94-f80e7c52b05d', '84c66cbb-1f13-4ed2-8416-076755b5dc49', 'YOUTH: Heart on Fire', NULL, '2025-12-17 08:37:48.431703+00', 'Bethany Youth', 'D', 132, NULL, 'plain_text', NULL, '{"format": "plain_text", "sections": [], "warnings": [], "generated_at": "2026-01-05T02:39:27.83828+00:00"}', '2026-01-05 02:39:27.83828+00', NULL);
INSERT INTO public.songs (id, church_id, title, ccli_number, created_at, artist, key, bpm, notes, source_format, raw_text, parsed_json, updated_at, archived_at) VALUES ('1c316ed7-8b23-4b31-86f2-02d6f43bdcde', '84c66cbb-1f13-4ed2-8416-076755b5dc49', 'YOUTH: Better Together', NULL, '2025-12-17 08:37:48.431703+00', 'Bethany Youth', 'C', 105, NULL, 'plain_text', NULL, '{"format": "plain_text", "sections": [], "warnings": [], "generated_at": "2026-01-05T02:39:27.83828+00:00"}', '2026-01-05 02:39:27.83828+00', NULL);
INSERT INTO public.songs (id, church_id, title, ccli_number, created_at, artist, key, bpm, notes, source_format, raw_text, parsed_json, updated_at, archived_at) VALUES ('f708ae51-1ab1-4fa0-8988-1736ab128b63', '84c66cbb-1f13-4ed2-8416-076755b5dc49', 'Here in the Waiting', NULL, '2025-12-17 08:37:48.431703+00', 'Bethany Worship', 'F', 70, NULL, 'plain_text', NULL, '{"format": "plain_text", "sections": [], "warnings": [], "generated_at": "2026-01-05T02:39:27.83828+00:00"}', '2026-01-05 02:39:27.83828+00', NULL);
INSERT INTO public.songs (id, church_id, title, ccli_number, created_at, artist, key, bpm, notes, source_format, raw_text, parsed_json, updated_at, archived_at) VALUES ('978e146a-13de-468f-a3f1-1c3f318d2caa', '84c66cbb-1f13-4ed2-8416-076755b5dc49', 'Waymaker', NULL, '2025-12-17 08:37:48.431703+00', 'Leeland', 'G', 68, NULL, 'chordpro', '{title:Way Maker}
{artist:Leeland}
{key:G}
{tempo:68}
{time:4/4}

[Intro]
{c:C}You are{c:G} here, moving{c:Dsus4} in our{c:Em} midst
{c:C}You are{c:G} here, working{c:Dsus4} in this{c:Em} place
{c:C}You are{c:G} here, making{c:Dsus4} ways in{c:Em} this place
{c:C}You are{c:G} here, working{c:Dsus4} in this{c:Em} place

[Verse 1]
{c:C}You are{c:G} here, moving{c:Dsus4} in our{c:Em} midst
{c:C}You are{c:G} here, working{c:Dsus4} in this{c:Em} place
{c:C}You are{c:G} here, making{c:Dsus4} ways in{c:Em} this place
{c:C}You are{c:G} here, working{c:Dsus4} in this{c:Em} place

[Chorus]
{c:C}Way maker, {c:G}miracle worker
{c:Dsus4}Promise keeper, {c:Em}light in the darkness
{c:C}My God, that''s {c:G}who You are
{c:Dsus4}Way maker, {c:Em}miracle worker
{c:C}Promise keeper, {c:G}light in the darkness
{c:Dsus4}My God, that''s {c:Em}who You are

[Verse 2]
{c:C}You are{c:G} here, moving{c:Dsus4} in our{c:Em} midst
{c:C}You are{c:G} here, working{c:Dsus4} in this{c:Em} place
{c:C}You are{c:G} here, making{c:Dsus4} ways in{c:Em} this place
{c:C}You are{c:G} here, working{c:Dsus4} in this{c:Em} place

[Chorus]
{c:C}Way maker, {c:G}miracle worker
{c:Dsus4}Promise keeper, {c:Em}light in the darkness
{c:C}My God, that''s {c:G}who You are
{c:Dsus4}Way maker, {c:Em}miracle worker
{c:C}Promise keeper, {c:G}light in the darkness
{c:Dsus4}My God, that''s {c:Em}who You are

[Bridge]
{c:C}That is who{c:G} You are
{c:Dsus4}That is who{c:Em} You are
{c:C}That is who{c:G} You are
{c:Dsus4}That is who{c:Em} You are

[Chorus]
{c:C}Way maker, {c:G}miracle worker
{c:Dsus4}Promise keeper, {c:Em}light in the darkness
{c:C}My God, that''s {c:G}who You are
{c:Dsus4}Way maker, {c:Em}miracle worker
{c:C}Promise keeper, {c:G}light in the darkness
{c:Dsus4}My God, that''s {c:Em}who You are

[Tag]
{c:C}Way maker, {c:G}miracle worker
{c:Dsus4}Promise keeper, {
', '{"format": "chordpro", "sections": [{"type": "intro", "label": "Intro", "lines": [{"chords": [], "lyrics": "{c:C}You are{c:G} here, moving{c:Dsus4} in our{c:Em} midst"}, {"chords": [], "lyrics": "{c:C}You are{c:G} here, working{c:Dsus4} in this{c:Em} place"}, {"chords": [], "lyrics": "{c:C}You are{c:G} here, making{c:Dsus4} ways in{c:Em} this place"}, {"chords": [], "lyrics": "{c:C}You are{c:G} here, working{c:Dsus4} in this{c:Em} place"}, {"chords": [], "lyrics": ""}]}, {"type": "verse", "label": "Verse 1", "lines": [{"chords": [], "lyrics": "{c:C}You are{c:G} here, moving{c:Dsus4} in our{c:Em} midst"}, {"chords": [], "lyrics": "{c:C}You are{c:G} here, working{c:Dsus4} in this{c:Em} place"}, {"chords": [], "lyrics": "{c:C}You are{c:G} here, making{c:Dsus4} ways in{c:Em} this place"}, {"chords": [], "lyrics": "{c:C}You are{c:G} here, working{c:Dsus4} in this{c:Em} place"}, {"chords": [], "lyrics": ""}]}, {"type": "chorus", "label": "Chorus", "lines": [{"chords": [], "lyrics": "{c:C}Way maker, {c:G}miracle worker"}, {"chords": [], "lyrics": "{c:Dsus4}Promise keeper, {c:Em}light in the darkness"}, {"chords": [], "lyrics": "{c:C}My God, that''s {c:G}who You are"}, {"chords": [], "lyrics": "{c:Dsus4}Way maker, {c:Em}miracle worker"}, {"chords": [], "lyrics": "{c:C}Promise keeper, {c:G}light in the darkness"}, {"chords": [], "lyrics": "{c:Dsus4}My God, that''s {c:Em}who You are"}, {"chords": [], "lyrics": ""}]}, {"type": "verse", "label": "Verse 2", "lines": [{"chords": [], "lyrics": "{c:C}You are{c:G} here, moving{c:Dsus4} in our{c:Em} midst"}, {"chords": [], "lyrics": "{c:C}You are{c:G} here, working{c:Dsus4} in this{c:Em} place"}, {"chords": [], "lyrics": "{c:C}You are{c:G} here, making{c:Dsus4} ways in{c:Em} this place"}, {"chords": [], "lyrics": "{c:C}You are{c:G} here, working{c:Dsus4} in this{c:Em} place"}, {"chords": [], "lyrics": ""}]}, {"type": "chorus", "label": "Chorus", "lines": [{"chords": [], "lyrics": "{c:C}Way maker, {c:G}miracle worker"}, {"chords": [], "lyrics": "{c:Dsus4}Promise keeper, {c:Em}light in the darkness"}, {"chords": [], "lyrics": "{c:C}My God, that''s {c:G}who You are"}, {"chords": [], "lyrics": "{c:Dsus4}Way maker, {c:Em}miracle worker"}, {"chords": [], "lyrics": "{c:C}Promise keeper, {c:G}light in the darkness"}, {"chords": [], "lyrics": "{c:Dsus4}My God, that''s {c:Em}who You are"}, {"chords": [], "lyrics": ""}]}, {"type": "bridge", "label": "Bridge", "lines": [{"chords": [], "lyrics": "{c:C}That is who{c:G} You are"}, {"chords": [], "lyrics": "{c:Dsus4}That is who{c:Em} You are"}, {"chords": [], "lyrics": "{c:C}That is who{c:G} You are"}, {"chords": [], "lyrics": "{c:Dsus4}That is who{c:Em} You are"}, {"chords": [], "lyrics": ""}]}, {"type": "chorus", "label": "Chorus", "lines": [{"chords": [], "lyrics": "{c:C}Way maker, {c:G}miracle worker"}, {"chords": [], "lyrics": "{c:Dsus4}Promise keeper, {c:Em}light in the darkness"}, {"chords": [], "lyrics": "{c:C}My God, that''s {c:G}who You are"}, {"chords": [], "lyrics": "{c:Dsus4}Way maker, {c:Em}miracle worker"}, {"chords": [], "lyrics": "{c:C}Promise keeper, {c:G}light in the darkness"}, {"chords": [], "lyrics": "{c:Dsus4}My God, that''s {c:Em}who You are"}, {"chords": [], "lyrics": ""}]}, {"type": "tag", "label": "Tag", "lines": [{"chords": [], "lyrics": "{c:C}Way maker, {c:G}miracle worker"}, {"chords": [], "lyrics": "{c:Dsus4}Promise keeper, {"}, {"chords": [], "lyrics": ""}]}], "warnings": ["ChordPro format detected but no chord markers like [C] were found."], "generated_at": "2026-01-06T08:36:09.190Z"}', '2026-01-06 08:36:09.222935+00', NULL);
INSERT INTO public.songs (id, church_id, title, ccli_number, created_at, artist, key, bpm, notes, source_format, raw_text, parsed_json, updated_at, archived_at) VALUES ('db770dd2-b42a-4ee0-bb17-fa9774ab98f7', '84c66cbb-1f13-4ed2-8416-076755b5dc49', 'Fall On Me', NULL, '2026-01-08 06:24:58.220271+00', 'Vineyard Music / Ron Wilding & Lisa Welbanks', 'B', 94, NULL, 'plain_text', '{title: Fall On Me}
{artist: Vineyard Music / Ron Wilding & Lisa Welbanks}
{key: B}
{tempo: 94}

{VERSE 1}
[B]Fall on me, [F#]ever so [G#m]gently [E]
[B]Fall on me, [F#]ever so [G#m]gently [E]
[E]Breathe on, breathe on [C#m7]these dry [F#]bones
[B]Fall on me, [F#]ever so [G#m]gently [E]

{VERSE 2}
[B]Shower me, [F#]with Your [G#m]love [E]
[B]Shower me, [F#]with Your [G#m]love [E]
[E]Washing, washing [C#m7]my filthy [F#]stains
[B]Shower me, [F#]with Your [G#m]love [E]

{CHORUS}
[F#]And break these [E]chains
[F#]And break these [E]chains
[C#m7]And break these [B]chains
[F#]Set me [E]free, set me [B]free

{CHORUS}
[F#]And break these [E]chains
[F#]And break these [E]chains
[C#m7]And break these [B]chains
[F#]Set me [E]free, set me [B]free
', '{"format": "plain_text", "sections": [{"type": "section", "label": "Section 1", "lines": [{"chords": [], "lyrics": "{title: Fall On Me}"}, {"chords": [], "lyrics": "{artist: Vineyard Music / Ron Wilding & Lisa Welbanks}"}, {"chords": [], "lyrics": "{key: B}"}, {"chords": [], "lyrics": "{tempo: 94}"}, {"chords": [], "lyrics": ""}, {"chords": [], "lyrics": "{VERSE 1}"}, {"chords": [], "lyrics": "[B]Fall on me, [F#]ever so [G#m]gently [E]"}, {"chords": [], "lyrics": "[B]Fall on me, [F#]ever so [G#m]gently [E]"}, {"chords": [], "lyrics": "[E]Breathe on, breathe on [C#m7]these dry [F#]bones"}, {"chords": [], "lyrics": "[B]Fall on me, [F#]ever so [G#m]gently [E]"}, {"chords": [], "lyrics": ""}, {"chords": [], "lyrics": "{VERSE 2}"}, {"chords": [], "lyrics": "[B]Shower me, [F#]with Your [G#m]love [E]"}, {"chords": [], "lyrics": "[B]Shower me, [F#]with Your [G#m]love [E]"}, {"chords": [], "lyrics": "[E]Washing, washing [C#m7]my filthy [F#]stains"}, {"chords": [], "lyrics": "[B]Shower me, [F#]with Your [G#m]love [E]"}, {"chords": [], "lyrics": ""}, {"chords": [], "lyrics": "{CHORUS}"}, {"chords": [], "lyrics": "[F#]And break these [E]chains"}, {"chords": [], "lyrics": "[F#]And break these [E]chains"}, {"chords": [], "lyrics": "[C#m7]And break these [B]chains"}, {"chords": [], "lyrics": "[F#]Set me [E]free, set me [B]free"}, {"chords": [], "lyrics": ""}, {"chords": [], "lyrics": "{CHORUS}"}, {"chords": [], "lyrics": "[F#]And break these [E]chains"}, {"chords": [], "lyrics": "[F#]And break these [E]chains"}, {"chords": [], "lyrics": "[C#m7]And break these [B]chains"}, {"chords": [], "lyrics": "[F#]Set me [E]free, set me [B]free"}, {"chords": [], "lyrics": ""}]}], "warnings": ["No section headings detected; everything is stored under \"Section 1\"."], "generated_at": "2026-01-08T07:43:05.054Z"}', '2026-01-08 07:43:05.096777+00', NULL);
INSERT INTO public.songs (id, church_id, title, ccli_number, created_at, artist, key, bpm, notes, source_format, raw_text, parsed_json, updated_at, archived_at) VALUES ('619bb74d-2f59-42c0-a24f-91036b2a8ce6', '84c66cbb-1f13-4ed2-8416-076755b5dc49', 'O Come All Ye Faithful', '31054', '2026-01-08 08:17:57.077043+00', 'Translated from Latin by C. Frederick Oakeley | Music by John Francis Wade', 'G', 110, NULL, 'plain_text', '{title: O Come All Ye Faithful}
{artist: Translated from Latin by C. Frederick Oakeley | Music by John Francis Wade}
{subtitle: (for traditional chords and harmonies by W. H. Monk, see CCLI song #4758525)}
{key: G}
{tempo: 110}
{time: 4/4}
{ccli: 31054}
{copyright: Words: Public Domain | Music: Public Domain}
{footer: For use solely with the SongSelect Terms of Use. All rights reserved. www.ccli.com}

{comment: Verse 1}
O [G]come all ye [D]faithful,    [G]joyful  [C]and tri-[G/D]umph-[D]ant
O [Em]come   [A]ye, O [D]come ye   [G]to    [D/A]Beth   [A]-  le - [D]hem
[G]Come and be - [D/A]hold    [G/B]Him,    [C]born the [A/C#]King of [D]angels

{comment: Chorus}
O [G]come let us adore Him
O [G]come let us adore [D]Him
O [C]come let [A/C#]us a - [D]dore  [G/B]Him    [C]
[G/D]Christ  [D] the [G]Lord

{comment: Verse 2}
[G]Sing choirs of [D]angels,     [G]sing in [C]exul - [G/D]ta -  [D]tion
O [Em]sing    [A]all ye [D]bright Hosts [G]of    [D/A]heav''n  [A] a - [D]bove
[G]Glory to [D/A]God,     [G/B]all     [C]glory  [A/C#]in the [D]highest

{comment: Verse 3}
[G]Yea Lord we [D]greet Thee      [G]born this [C]happy [G/D]morn - [D]ing
[Em]Je -  [A]sus to [D]Thee be [G]all     [D/A]glo     [A]-  ry [D]giv''n
[G]Word of the [D/A]Fa -  [G/B]ther      [C]now in  [A/C#]flesh ap - [D ]pearing

CCLI Song # 31054
 Words: Public Domain | Music: Public Domain
For use solely with the SongSelect Terms of Use. All rights reserved. www.ccli.com
', '{"format": "plain_text", "sections": [{"type": "section", "label": "Section 1", "lines": [{"chords": [], "lyrics": "{title: O Come All Ye Faithful}"}, {"chords": [], "lyrics": "{artist: Translated from Latin by C. Frederick Oakeley | Music by John Francis Wade}"}, {"chords": [], "lyrics": "{subtitle: (for traditional chords and harmonies by W. H. Monk, see CCLI song #4758525)}"}, {"chords": [], "lyrics": "{key: G}"}, {"chords": [], "lyrics": "{tempo: 110}"}, {"chords": [], "lyrics": "{time: 4/4}"}, {"chords": [], "lyrics": "{ccli: 31054}"}, {"chords": [], "lyrics": "{copyright: Words: Public Domain | Music: Public Domain}"}, {"chords": [], "lyrics": "{footer: For use solely with the SongSelect Terms of Use. All rights reserved. www.ccli.com}"}, {"chords": [], "lyrics": ""}, {"chords": [], "lyrics": "{comment: Verse 1}"}, {"chords": [], "lyrics": "O [G]come all ye [D]faithful,    [G]joyful  [C]and tri-[G/D]umph-[D]ant "}, {"chords": [], "lyrics": "O [Em]come   [A]ye, O [D]come ye   [G]to    [D/A]Beth   [A]-  le - [D]hem "}, {"chords": [], "lyrics": "[G]Come and be - [D/A]hold    [G/B]Him,    [C]born the [A/C#]King of [D]angels "}, {"chords": [], "lyrics": ""}, {"chords": [], "lyrics": "{comment: Chorus}"}, {"chords": [], "lyrics": "O [G]come let us adore Him "}, {"chords": [], "lyrics": "O [G]come let us adore [D]Him "}, {"chords": [], "lyrics": "O [C]come let [A/C#]us a - [D]dore  [G/B]Him    [C] "}, {"chords": [], "lyrics": "[G/D]Christ  [D] the [G]Lord "}, {"chords": [], "lyrics": ""}, {"chords": [], "lyrics": "{comment: Verse 2}"}, {"chords": [], "lyrics": "[G]Sing choirs of [D]angels,     [G]sing in [C]exul - [G/D]ta -  [D]tion  "}, {"chords": [], "lyrics": "O [Em]sing    [A]all ye [D]bright Hosts [G]of    [D/A]heav''n  [A] a - [D]bove "}, {"chords": [], "lyrics": "[G]Glory to [D/A]God,     [G/B]all     [C]glory  [A/C#]in the [D]highest "}, {"chords": [], "lyrics": ""}, {"chords": [], "lyrics": "{comment: Verse 3}"}, {"chords": [], "lyrics": "[G]Yea Lord we [D]greet Thee      [G]born this [C]happy [G/D]morn - [D]ing "}, {"chords": [], "lyrics": "[Em]Je -  [A]sus to [D]Thee be [G]all     [D/A]glo     [A]-  ry [D]giv''n "}, {"chords": [], "lyrics": "[G]Word of the [D/A]Fa -  [G/B]ther      [C]now in  [A/C#]flesh ap - [D ]pearing "}, {"chords": [], "lyrics": ""}, {"chords": [], "lyrics": "CCLI Song # 31054"}, {"chords": [], "lyrics": " Words: Public Domain | Music: Public Domain"}, {"chords": [], "lyrics": "For use solely with the SongSelect Terms of Use. All rights reserved. www.ccli.com"}, {"chords": [], "lyrics": ""}]}], "warnings": ["No section headings detected; everything is stored under \"Section 1\"."], "generated_at": "2026-01-08T08:39:36.181Z"}', '2026-01-08 08:39:36.224461+00', NULL);


--
-- Data for Name: song_arrangements; Type: TABLE DATA; Schema: public; Owner: worship
--



--
-- Data for Name: service_instance_songs; Type: TABLE DATA; Schema: public; Owner: worship
--

INSERT INTO public.service_instance_songs (id, service_instance_id, song_id, display_order, key, notes, created_at, arrangement_id, transpose_steps, custom_structure, section_id, status, was_performed, actual_key, ccli_reported, ccli_report_date, created_by, updated_by, church_id) VALUES ('099be3b1-122b-448b-8f72-c036f05e4775', '4e19a2c2-9ac5-4ef5-8481-ede945bb103c', '05406522-7207-4baa-acd9-21dffe6693b9', 2, NULL, NULL, '2025-12-15 08:57:59.45802+00', NULL, 0, NULL, NULL, 'planned', NULL, NULL, false, NULL, NULL, NULL, 'a8c2c7ab-836a-4ef1-a373-562e20babb76');
INSERT INTO public.service_instance_songs (id, service_instance_id, song_id, display_order, key, notes, created_at, arrangement_id, transpose_steps, custom_structure, section_id, status, was_performed, actual_key, ccli_reported, ccli_report_date, created_by, updated_by, church_id) VALUES ('7cde5d31-dbe8-4c9b-a516-c1e956fcbb9e', '4e19a2c2-9ac5-4ef5-8481-ede945bb103c', '38f94a93-3603-418f-aae3-eb9d897fe611', 1, 'G', NULL, '2025-12-15 08:56:59.639505+00', NULL, 0, NULL, NULL, 'planned', NULL, NULL, false, NULL, NULL, NULL, 'a8c2c7ab-836a-4ef1-a373-562e20babb76');
INSERT INTO public.service_instance_songs (id, service_instance_id, song_id, display_order, key, notes, created_at, arrangement_id, transpose_steps, custom_structure, section_id, status, was_performed, actual_key, ccli_reported, ccli_report_date, created_by, updated_by, church_id) VALUES ('b30c1be3-4df9-45f4-9467-08b9293433a9', '506569ec-ea4c-4f21-8e2c-29259614cdb8', '05406522-7207-4baa-acd9-21dffe6693b9', 2, NULL, NULL, '2025-12-16 05:39:18.155049+00', NULL, 0, NULL, NULL, 'planned', NULL, NULL, false, NULL, NULL, NULL, 'a8c2c7ab-836a-4ef1-a373-562e20babb76');
INSERT INTO public.service_instance_songs (id, service_instance_id, song_id, display_order, key, notes, created_at, arrangement_id, transpose_steps, custom_structure, section_id, status, was_performed, actual_key, ccli_reported, ccli_report_date, created_by, updated_by, church_id) VALUES ('8477da40-c2d5-4978-b4fa-afe3f32c69f1', '506569ec-ea4c-4f21-8e2c-29259614cdb8', '38f94a93-3603-418f-aae3-eb9d897fe611', 1, 'G', NULL, '2025-12-16 05:39:12.644071+00', NULL, 0, NULL, NULL, 'planned', NULL, NULL, false, NULL, NULL, NULL, 'a8c2c7ab-836a-4ef1-a373-562e20babb76');
INSERT INTO public.service_instance_songs (id, service_instance_id, song_id, display_order, key, notes, created_at, arrangement_id, transpose_steps, custom_structure, section_id, status, was_performed, actual_key, ccli_reported, ccli_report_date, created_by, updated_by, church_id) VALUES ('579b6e1d-70e4-4a1e-9172-bf3163645a8e', 'af58cdf6-d24f-40bc-9bd8-ef7993792eac', 'd6a61a5c-3d87-4432-bcca-9816e03f81fe', 3, NULL, NULL, '2025-12-17 08:44:58.462968+00', NULL, 0, NULL, NULL, 'planned', NULL, NULL, false, NULL, NULL, NULL, '84c66cbb-1f13-4ed2-8416-076755b5dc49');
INSERT INTO public.service_instance_songs (id, service_instance_id, song_id, display_order, key, notes, created_at, arrangement_id, transpose_steps, custom_structure, section_id, status, was_performed, actual_key, ccli_reported, ccli_report_date, created_by, updated_by, church_id) VALUES ('c9fd0928-635c-45a2-8b50-30ca770305ab', 'af58cdf6-d24f-40bc-9bd8-ef7993792eac', 'cbd1dba7-773f-4684-8336-dd6b4f2c7f8a', 1, NULL, NULL, '2025-12-17 08:44:58.462968+00', NULL, 0, NULL, NULL, 'planned', NULL, NULL, false, NULL, NULL, NULL, '84c66cbb-1f13-4ed2-8416-076755b5dc49');
INSERT INTO public.service_instance_songs (id, service_instance_id, song_id, display_order, key, notes, created_at, arrangement_id, transpose_steps, custom_structure, section_id, status, was_performed, actual_key, ccli_reported, ccli_report_date, created_by, updated_by, church_id) VALUES ('2705c68f-5812-45ea-b979-ffc170c16df5', 'af58cdf6-d24f-40bc-9bd8-ef7993792eac', '3d73ed36-c7b8-4060-8816-3cee5c4e19de', 2, NULL, NULL, '2025-12-17 08:44:58.462968+00', NULL, 0, NULL, NULL, 'planned', NULL, NULL, false, NULL, NULL, NULL, '84c66cbb-1f13-4ed2-8416-076755b5dc49');
INSERT INTO public.service_instance_songs (id, service_instance_id, song_id, display_order, key, notes, created_at, arrangement_id, transpose_steps, custom_structure, section_id, status, was_performed, actual_key, ccli_reported, ccli_report_date, created_by, updated_by, church_id) VALUES ('93d5e3ab-8232-4e93-b413-ea8e1468a71c', 'af58cdf6-d24f-40bc-9bd8-ef7993792eac', 'c89e93ca-92c0-4b36-a0f5-59fce142fc43', 4, NULL, NULL, '2025-12-17 08:44:58.462968+00', NULL, 0, NULL, NULL, 'planned', NULL, NULL, false, NULL, NULL, NULL, '84c66cbb-1f13-4ed2-8416-076755b5dc49');
INSERT INTO public.service_instance_songs (id, service_instance_id, song_id, display_order, key, notes, created_at, arrangement_id, transpose_steps, custom_structure, section_id, status, was_performed, actual_key, ccli_reported, ccli_report_date, created_by, updated_by, church_id) VALUES ('f2a470c9-62b8-40d4-9e66-66314aaffefb', '7317e95f-b87e-42e0-8760-7a6fb104d361', '3d73ed36-c7b8-4060-8816-3cee5c4e19de', 2, NULL, NULL, '2025-12-17 08:44:58.462968+00', NULL, 0, NULL, NULL, 'planned', NULL, NULL, false, NULL, NULL, NULL, '84c66cbb-1f13-4ed2-8416-076755b5dc49');
INSERT INTO public.service_instance_songs (id, service_instance_id, song_id, display_order, key, notes, created_at, arrangement_id, transpose_steps, custom_structure, section_id, status, was_performed, actual_key, ccli_reported, ccli_report_date, created_by, updated_by, church_id) VALUES ('26747f4a-fc0a-4432-9622-841874774189', '7317e95f-b87e-42e0-8760-7a6fb104d361', 'cbd1dba7-773f-4684-8336-dd6b4f2c7f8a', 1, NULL, NULL, '2025-12-17 08:44:58.462968+00', NULL, 0, NULL, NULL, 'planned', NULL, NULL, false, NULL, NULL, NULL, '84c66cbb-1f13-4ed2-8416-076755b5dc49');
INSERT INTO public.service_instance_songs (id, service_instance_id, song_id, display_order, key, notes, created_at, arrangement_id, transpose_steps, custom_structure, section_id, status, was_performed, actual_key, ccli_reported, ccli_report_date, created_by, updated_by, church_id) VALUES ('617e21fa-309d-4580-a399-e9b334bdce28', '7317e95f-b87e-42e0-8760-7a6fb104d361', 'd6a61a5c-3d87-4432-bcca-9816e03f81fe', 3, NULL, NULL, '2025-12-17 08:44:58.462968+00', NULL, 0, NULL, NULL, 'planned', NULL, NULL, false, NULL, NULL, NULL, '84c66cbb-1f13-4ed2-8416-076755b5dc49');
INSERT INTO public.service_instance_songs (id, service_instance_id, song_id, display_order, key, notes, created_at, arrangement_id, transpose_steps, custom_structure, section_id, status, was_performed, actual_key, ccli_reported, ccli_report_date, created_by, updated_by, church_id) VALUES ('f804f471-cdde-4f75-926e-b89144e97ce9', '93fa1d7c-4672-4385-b449-888accaf4e8c', '3d73ed36-c7b8-4060-8816-3cee5c4e19de', 2, NULL, NULL, '2025-12-17 08:44:58.462968+00', NULL, 0, NULL, NULL, 'planned', NULL, NULL, false, NULL, NULL, NULL, '84c66cbb-1f13-4ed2-8416-076755b5dc49');
INSERT INTO public.service_instance_songs (id, service_instance_id, song_id, display_order, key, notes, created_at, arrangement_id, transpose_steps, custom_structure, section_id, status, was_performed, actual_key, ccli_reported, ccli_report_date, created_by, updated_by, church_id) VALUES ('ad96c374-ee43-46bd-91c0-578d1e3c9545', '93fa1d7c-4672-4385-b449-888accaf4e8c', 'cbd1dba7-773f-4684-8336-dd6b4f2c7f8a', 1, NULL, NULL, '2025-12-17 08:44:58.462968+00', NULL, 0, NULL, NULL, 'planned', NULL, NULL, false, NULL, NULL, NULL, '84c66cbb-1f13-4ed2-8416-076755b5dc49');
INSERT INTO public.service_instance_songs (id, service_instance_id, song_id, display_order, key, notes, created_at, arrangement_id, transpose_steps, custom_structure, section_id, status, was_performed, actual_key, ccli_reported, ccli_report_date, created_by, updated_by, church_id) VALUES ('68372586-4f72-470d-a02f-f3cf8954fc45', '93fa1d7c-4672-4385-b449-888accaf4e8c', 'd6a61a5c-3d87-4432-bcca-9816e03f81fe', 3, NULL, NULL, '2025-12-17 08:44:58.462968+00', NULL, 0, NULL, NULL, 'planned', NULL, NULL, false, NULL, NULL, NULL, '84c66cbb-1f13-4ed2-8416-076755b5dc49');
INSERT INTO public.service_instance_songs (id, service_instance_id, song_id, display_order, key, notes, created_at, arrangement_id, transpose_steps, custom_structure, section_id, status, was_performed, actual_key, ccli_reported, ccli_report_date, created_by, updated_by, church_id) VALUES ('74f2c18a-c00a-406c-962f-c0c30fdd32fc', '4bb67a36-64cb-4e7d-8229-cb1353800dcd', '114ea33e-29f7-4205-9740-52d272f9ea41', 1, NULL, NULL, '2025-12-17 08:44:58.462968+00', NULL, 0, NULL, NULL, 'planned', NULL, NULL, false, NULL, NULL, NULL, '84c66cbb-1f13-4ed2-8416-076755b5dc49');
INSERT INTO public.service_instance_songs (id, service_instance_id, song_id, display_order, key, notes, created_at, arrangement_id, transpose_steps, custom_structure, section_id, status, was_performed, actual_key, ccli_reported, ccli_report_date, created_by, updated_by, church_id) VALUES ('5949b4ee-6552-42bb-8437-0013b011265d', '4bb67a36-64cb-4e7d-8229-cb1353800dcd', '3d73ed36-c7b8-4060-8816-3cee5c4e19de', 4, NULL, NULL, '2025-12-17 08:44:58.462968+00', NULL, 0, NULL, NULL, 'planned', NULL, NULL, false, NULL, NULL, NULL, '84c66cbb-1f13-4ed2-8416-076755b5dc49');
INSERT INTO public.service_instance_songs (id, service_instance_id, song_id, display_order, key, notes, created_at, arrangement_id, transpose_steps, custom_structure, section_id, status, was_performed, actual_key, ccli_reported, ccli_report_date, created_by, updated_by, church_id) VALUES ('9cbead47-c3ee-4151-9d87-9d8d6c526a1e', '4bb67a36-64cb-4e7d-8229-cb1353800dcd', 'cbd1dba7-773f-4684-8336-dd6b4f2c7f8a', 3, NULL, NULL, '2025-12-17 08:44:58.462968+00', NULL, 0, NULL, NULL, 'planned', NULL, NULL, false, NULL, NULL, NULL, '84c66cbb-1f13-4ed2-8416-076755b5dc49');
INSERT INTO public.service_instance_songs (id, service_instance_id, song_id, display_order, key, notes, created_at, arrangement_id, transpose_steps, custom_structure, section_id, status, was_performed, actual_key, ccli_reported, ccli_report_date, created_by, updated_by, church_id) VALUES ('1ab889dd-bd51-4871-92e5-661af80d3245', '4bb67a36-64cb-4e7d-8229-cb1353800dcd', 'edd9d661-cea3-4e42-a6bf-721849554028', 2, NULL, NULL, '2025-12-17 08:44:58.462968+00', NULL, 0, NULL, NULL, 'planned', NULL, NULL, false, NULL, NULL, NULL, '84c66cbb-1f13-4ed2-8416-076755b5dc49');
INSERT INTO public.service_instance_songs (id, service_instance_id, song_id, display_order, key, notes, created_at, arrangement_id, transpose_steps, custom_structure, section_id, status, was_performed, actual_key, ccli_reported, ccli_report_date, created_by, updated_by, church_id) VALUES ('e79f5914-8c23-4a8d-93db-bf594cbdefb1', '856e05a7-4a13-484d-ad6f-c4bd208fa06c', 'cbd1dba7-773f-4684-8336-dd6b4f2c7f8a', 2, NULL, NULL, '2025-12-17 08:44:58.462968+00', NULL, 0, NULL, NULL, 'planned', NULL, NULL, false, NULL, NULL, NULL, '84c66cbb-1f13-4ed2-8416-076755b5dc49');
INSERT INTO public.service_instance_songs (id, service_instance_id, song_id, display_order, key, notes, created_at, arrangement_id, transpose_steps, custom_structure, section_id, status, was_performed, actual_key, ccli_reported, ccli_report_date, created_by, updated_by, church_id) VALUES ('4f99264c-c8b1-4d2a-abc7-fc5b201d0a33', '856e05a7-4a13-484d-ad6f-c4bd208fa06c', '3d73ed36-c7b8-4060-8816-3cee5c4e19de', 1, NULL, NULL, '2025-12-17 08:44:58.462968+00', NULL, 0, NULL, NULL, 'planned', NULL, NULL, false, NULL, NULL, NULL, '84c66cbb-1f13-4ed2-8416-076755b5dc49');
INSERT INTO public.service_instance_songs (id, service_instance_id, song_id, display_order, key, notes, created_at, arrangement_id, transpose_steps, custom_structure, section_id, status, was_performed, actual_key, ccli_reported, ccli_report_date, created_by, updated_by, church_id) VALUES ('84ef44f6-9359-449c-a66e-03f03c04375a', '856e05a7-4a13-484d-ad6f-c4bd208fa06c', '114ea33e-29f7-4205-9740-52d272f9ea41', 3, NULL, NULL, '2025-12-17 08:44:58.462968+00', NULL, 0, NULL, NULL, 'planned', NULL, NULL, false, NULL, NULL, NULL, '84c66cbb-1f13-4ed2-8416-076755b5dc49');
INSERT INTO public.service_instance_songs (id, service_instance_id, song_id, display_order, key, notes, created_at, arrangement_id, transpose_steps, custom_structure, section_id, status, was_performed, actual_key, ccli_reported, ccli_report_date, created_by, updated_by, church_id) VALUES ('8bd1fa60-286c-4c15-9ed7-041a310cbf3e', '7cc681f8-d4da-4f0f-9304-450b63f2d915', 'edd9d661-cea3-4e42-a6bf-721849554028', 3, NULL, NULL, '2025-12-17 08:44:58.462968+00', NULL, 0, NULL, NULL, 'planned', NULL, NULL, false, NULL, NULL, NULL, '84c66cbb-1f13-4ed2-8416-076755b5dc49');
INSERT INTO public.service_instance_songs (id, service_instance_id, song_id, display_order, key, notes, created_at, arrangement_id, transpose_steps, custom_structure, section_id, status, was_performed, actual_key, ccli_reported, ccli_report_date, created_by, updated_by, church_id) VALUES ('3889fcca-eedb-48db-aa3a-6fd6edf87b0d', '7cc681f8-d4da-4f0f-9304-450b63f2d915', '3d73ed36-c7b8-4060-8816-3cee5c4e19de', 1, NULL, NULL, '2025-12-17 08:44:58.462968+00', NULL, 0, NULL, NULL, 'planned', NULL, NULL, false, NULL, NULL, NULL, '84c66cbb-1f13-4ed2-8416-076755b5dc49');
INSERT INTO public.service_instance_songs (id, service_instance_id, song_id, display_order, key, notes, created_at, arrangement_id, transpose_steps, custom_structure, section_id, status, was_performed, actual_key, ccli_reported, ccli_report_date, created_by, updated_by, church_id) VALUES ('73cb431e-c845-4fc1-afab-bccbc6f753ca', '7cc681f8-d4da-4f0f-9304-450b63f2d915', '114ea33e-29f7-4205-9740-52d272f9ea41', 2, NULL, NULL, '2025-12-17 08:44:58.462968+00', NULL, 0, NULL, NULL, 'planned', NULL, NULL, false, NULL, NULL, NULL, '84c66cbb-1f13-4ed2-8416-076755b5dc49');
INSERT INTO public.service_instance_songs (id, service_instance_id, song_id, display_order, key, notes, created_at, arrangement_id, transpose_steps, custom_structure, section_id, status, was_performed, actual_key, ccli_reported, ccli_report_date, created_by, updated_by, church_id) VALUES ('7cd7ea50-701c-4d5f-b56b-888105215b2c', '57b0b424-4fab-45d5-844b-98118fe3b93e', 'edd9d661-cea3-4e42-a6bf-721849554028', 3, NULL, NULL, '2025-12-17 08:44:58.462968+00', NULL, 0, NULL, NULL, 'planned', NULL, NULL, false, NULL, NULL, NULL, '84c66cbb-1f13-4ed2-8416-076755b5dc49');
INSERT INTO public.service_instance_songs (id, service_instance_id, song_id, display_order, key, notes, created_at, arrangement_id, transpose_steps, custom_structure, section_id, status, was_performed, actual_key, ccli_reported, ccli_report_date, created_by, updated_by, church_id) VALUES ('d8f40f19-cd12-49d3-bcb4-863e9be627fd', '57b0b424-4fab-45d5-844b-98118fe3b93e', 'cbd1dba7-773f-4684-8336-dd6b4f2c7f8a', 1, NULL, NULL, '2025-12-17 08:44:58.462968+00', NULL, 0, NULL, NULL, 'planned', NULL, NULL, false, NULL, NULL, NULL, '84c66cbb-1f13-4ed2-8416-076755b5dc49');
INSERT INTO public.service_instance_songs (id, service_instance_id, song_id, display_order, key, notes, created_at, arrangement_id, transpose_steps, custom_structure, section_id, status, was_performed, actual_key, ccli_reported, ccli_report_date, created_by, updated_by, church_id) VALUES ('41dc8716-b170-4515-b352-01e571981501', '57b0b424-4fab-45d5-844b-98118fe3b93e', '3d73ed36-c7b8-4060-8816-3cee5c4e19de', 2, NULL, NULL, '2025-12-17 08:44:58.462968+00', NULL, 0, NULL, NULL, 'planned', NULL, NULL, false, NULL, NULL, NULL, '84c66cbb-1f13-4ed2-8416-076755b5dc49');
INSERT INTO public.service_instance_songs (id, service_instance_id, song_id, display_order, key, notes, created_at, arrangement_id, transpose_steps, custom_structure, section_id, status, was_performed, actual_key, ccli_reported, ccli_report_date, created_by, updated_by, church_id) VALUES ('44788942-998c-4597-a719-022cce6988d0', '2ff621c0-f233-4ca2-a242-587436b49575', '3d73ed36-c7b8-4060-8816-3cee5c4e19de', 1, NULL, NULL, '2025-12-17 08:44:58.462968+00', NULL, 0, NULL, NULL, 'planned', NULL, NULL, false, NULL, NULL, NULL, '84c66cbb-1f13-4ed2-8416-076755b5dc49');
INSERT INTO public.service_instance_songs (id, service_instance_id, song_id, display_order, key, notes, created_at, arrangement_id, transpose_steps, custom_structure, section_id, status, was_performed, actual_key, ccli_reported, ccli_report_date, created_by, updated_by, church_id) VALUES ('14205f2a-fdec-4645-8eb4-3493bd4d63e3', '2ff621c0-f233-4ca2-a242-587436b49575', '114ea33e-29f7-4205-9740-52d272f9ea41', 3, NULL, NULL, '2025-12-17 08:44:58.462968+00', NULL, 0, NULL, NULL, 'planned', NULL, NULL, false, NULL, NULL, NULL, '84c66cbb-1f13-4ed2-8416-076755b5dc49');
INSERT INTO public.service_instance_songs (id, service_instance_id, song_id, display_order, key, notes, created_at, arrangement_id, transpose_steps, custom_structure, section_id, status, was_performed, actual_key, ccli_reported, ccli_report_date, created_by, updated_by, church_id) VALUES ('5172f35e-4727-4f3b-b008-d6c967b35a8f', '2ff621c0-f233-4ca2-a242-587436b49575', 'edd9d661-cea3-4e42-a6bf-721849554028', 2, NULL, NULL, '2025-12-17 08:44:58.462968+00', NULL, 0, NULL, NULL, 'planned', NULL, NULL, false, NULL, NULL, NULL, '84c66cbb-1f13-4ed2-8416-076755b5dc49');
INSERT INTO public.service_instance_songs (id, service_instance_id, song_id, display_order, key, notes, created_at, arrangement_id, transpose_steps, custom_structure, section_id, status, was_performed, actual_key, ccli_reported, ccli_report_date, created_by, updated_by, church_id) VALUES ('116dacb1-9e44-48bd-8be6-be540f87dcfc', '42ffaa6d-1caa-46a0-bd48-74e4656780b1', '396cb1f1-44d6-4eca-9ee5-41655891aaf8', 1, NULL, NULL, '2025-12-17 08:44:58.462968+00', NULL, 0, NULL, NULL, 'planned', NULL, NULL, false, NULL, NULL, NULL, '84c66cbb-1f13-4ed2-8416-076755b5dc49');
INSERT INTO public.service_instance_songs (id, service_instance_id, song_id, display_order, key, notes, created_at, arrangement_id, transpose_steps, custom_structure, section_id, status, was_performed, actual_key, ccli_reported, ccli_report_date, created_by, updated_by, church_id) VALUES ('cb6e687d-bd45-4d57-bbce-92de44bf619c', '42ffaa6d-1caa-46a0-bd48-74e4656780b1', 'dc6d2155-5a46-46e6-a90d-c6170fe95fb6', 2, NULL, NULL, '2025-12-17 08:44:58.462968+00', NULL, 0, NULL, NULL, 'planned', NULL, NULL, false, NULL, NULL, NULL, '84c66cbb-1f13-4ed2-8416-076755b5dc49');
INSERT INTO public.service_instance_songs (id, service_instance_id, song_id, display_order, key, notes, created_at, arrangement_id, transpose_steps, custom_structure, section_id, status, was_performed, actual_key, ccli_reported, ccli_report_date, created_by, updated_by, church_id) VALUES ('cafa478e-308d-4fd3-a5cb-4ea4ff6d0fae', '42ffaa6d-1caa-46a0-bd48-74e4656780b1', '1c316ed7-8b23-4b31-86f2-02d6f43bdcde', 3, NULL, NULL, '2025-12-17 08:44:58.462968+00', NULL, 0, NULL, NULL, 'planned', NULL, NULL, false, NULL, NULL, NULL, '84c66cbb-1f13-4ed2-8416-076755b5dc49');
INSERT INTO public.service_instance_songs (id, service_instance_id, song_id, display_order, key, notes, created_at, arrangement_id, transpose_steps, custom_structure, section_id, status, was_performed, actual_key, ccli_reported, ccli_report_date, created_by, updated_by, church_id) VALUES ('6b8fcbb0-3bd3-4637-a941-93c7239cfc05', '6273c776-f2d6-4bdb-b405-0c5965e753b5', '396cb1f1-44d6-4eca-9ee5-41655891aaf8', 2, NULL, NULL, '2025-12-17 08:44:58.462968+00', NULL, 0, NULL, NULL, 'planned', NULL, NULL, false, NULL, NULL, NULL, '84c66cbb-1f13-4ed2-8416-076755b5dc49');
INSERT INTO public.service_instance_songs (id, service_instance_id, song_id, display_order, key, notes, created_at, arrangement_id, transpose_steps, custom_structure, section_id, status, was_performed, actual_key, ccli_reported, ccli_report_date, created_by, updated_by, church_id) VALUES ('22e1b9ab-e16f-4a7a-ba2c-49ce1ead382c', '6273c776-f2d6-4bdb-b405-0c5965e753b5', '1c316ed7-8b23-4b31-86f2-02d6f43bdcde', 1, NULL, NULL, '2025-12-17 08:44:58.462968+00', NULL, 0, NULL, NULL, 'planned', NULL, NULL, false, NULL, NULL, NULL, '84c66cbb-1f13-4ed2-8416-076755b5dc49');
INSERT INTO public.service_instance_songs (id, service_instance_id, song_id, display_order, key, notes, created_at, arrangement_id, transpose_steps, custom_structure, section_id, status, was_performed, actual_key, ccli_reported, ccli_report_date, created_by, updated_by, church_id) VALUES ('3ae9ac1f-243f-492e-8f57-57d916896487', '6273c776-f2d6-4bdb-b405-0c5965e753b5', 'dc6d2155-5a46-46e6-a90d-c6170fe95fb6', 3, NULL, NULL, '2025-12-17 08:44:58.462968+00', NULL, 0, NULL, NULL, 'planned', NULL, NULL, false, NULL, NULL, NULL, '84c66cbb-1f13-4ed2-8416-076755b5dc49');
INSERT INTO public.service_instance_songs (id, service_instance_id, song_id, display_order, key, notes, created_at, arrangement_id, transpose_steps, custom_structure, section_id, status, was_performed, actual_key, ccli_reported, ccli_report_date, created_by, updated_by, church_id) VALUES ('c1520b46-f987-4c72-9b9e-eec39e46e740', '14fd03cc-0dc0-4301-80d9-48e90463a193', '978e146a-13de-468f-a3f1-1c3f318d2caa', 4, NULL, NULL, '2025-12-30 16:39:48.892914+00', NULL, 0, NULL, NULL, 'planned', NULL, NULL, false, NULL, NULL, NULL, '84c66cbb-1f13-4ed2-8416-076755b5dc49');
INSERT INTO public.service_instance_songs (id, service_instance_id, song_id, display_order, key, notes, created_at, arrangement_id, transpose_steps, custom_structure, section_id, status, was_performed, actual_key, ccli_reported, ccli_report_date, created_by, updated_by, church_id) VALUES ('e4db549b-6e2d-4d28-a3c4-a12d789faeef', '14fd03cc-0dc0-4301-80d9-48e90463a193', '396cb1f1-44d6-4eca-9ee5-41655891aaf8', 3, NULL, NULL, '2025-12-17 08:44:58.462968+00', NULL, 0, NULL, NULL, 'planned', NULL, NULL, false, NULL, NULL, NULL, '84c66cbb-1f13-4ed2-8416-076755b5dc49');
INSERT INTO public.service_instance_songs (id, service_instance_id, song_id, display_order, key, notes, created_at, arrangement_id, transpose_steps, custom_structure, section_id, status, was_performed, actual_key, ccli_reported, ccli_report_date, created_by, updated_by, church_id) VALUES ('01d5de2d-838c-4f36-aab9-4bf69834900b', '14fd03cc-0dc0-4301-80d9-48e90463a193', '1c316ed7-8b23-4b31-86f2-02d6f43bdcde', 2, NULL, NULL, '2025-12-17 08:44:58.462968+00', NULL, 0, NULL, NULL, 'planned', NULL, NULL, false, NULL, NULL, NULL, '84c66cbb-1f13-4ed2-8416-076755b5dc49');
INSERT INTO public.service_instance_songs (id, service_instance_id, song_id, display_order, key, notes, created_at, arrangement_id, transpose_steps, custom_structure, section_id, status, was_performed, actual_key, ccli_reported, ccli_report_date, created_by, updated_by, church_id) VALUES ('9bd9d674-e07d-40e3-abc3-9f114f084589', '14fd03cc-0dc0-4301-80d9-48e90463a193', 'dc6d2155-5a46-46e6-a90d-c6170fe95fb6', 1, NULL, NULL, '2025-12-17 08:44:58.462968+00', NULL, 0, NULL, NULL, 'planned', NULL, NULL, false, NULL, NULL, NULL, '84c66cbb-1f13-4ed2-8416-076755b5dc49');
INSERT INTO public.service_instance_songs (id, service_instance_id, song_id, display_order, key, notes, created_at, arrangement_id, transpose_steps, custom_structure, section_id, status, was_performed, actual_key, ccli_reported, ccli_report_date, created_by, updated_by, church_id) VALUES ('31eb1491-b5e7-4b30-ab93-ae416a482a2e', 'bd55130c-514d-482a-b49b-ae4d5e751abb', 'edd9d661-cea3-4e42-a6bf-721849554028', 3, NULL, NULL, '2026-01-01 06:17:09.985968+00', NULL, 0, NULL, NULL, 'planned', NULL, NULL, false, NULL, NULL, NULL, '84c66cbb-1f13-4ed2-8416-076755b5dc49');
INSERT INTO public.service_instance_songs (id, service_instance_id, song_id, display_order, key, notes, created_at, arrangement_id, transpose_steps, custom_structure, section_id, status, was_performed, actual_key, ccli_reported, ccli_report_date, created_by, updated_by, church_id) VALUES ('ca9ca360-6820-411c-80d1-832320f0d1e0', 'bd55130c-514d-482a-b49b-ae4d5e751abb', 'd7ca6639-a061-4090-975b-1689e7371baa', 2, NULL, NULL, '2026-01-01 06:17:06.401782+00', NULL, 0, NULL, NULL, 'planned', NULL, NULL, false, NULL, NULL, NULL, '84c66cbb-1f13-4ed2-8416-076755b5dc49');
INSERT INTO public.service_instance_songs (id, service_instance_id, song_id, display_order, key, notes, created_at, arrangement_id, transpose_steps, custom_structure, section_id, status, was_performed, actual_key, ccli_reported, ccli_report_date, created_by, updated_by, church_id) VALUES ('0380f2d0-7d08-4539-9ea6-f166c8003b67', 'bd55130c-514d-482a-b49b-ae4d5e751abb', '978e146a-13de-468f-a3f1-1c3f318d2caa', 1, NULL, NULL, '2026-01-01 06:17:02.170383+00', NULL, 0, NULL, NULL, 'planned', NULL, NULL, false, NULL, NULL, NULL, '84c66cbb-1f13-4ed2-8416-076755b5dc49');


--
-- Data for Name: song_variants; Type: TABLE DATA; Schema: public; Owner: worship
--

INSERT INTO public.song_variants (id, church_id, song_id, name, default_key, tempo, time_signature, content, version, updated_at, variant_type, style_description, tempo_modifier, key_modifier, context_tags, active_dates, notes, is_default) VALUES ('149f4807-4d4b-49e2-a079-6b54831b33d3', 'a8c2c7ab-836a-4ef1-a373-562e20babb76', 'a5d2021b-8466-4658-974e-23dd042917ae', 'Default', 'G', 140, '4/4', '{"map": ["V1", "V1", "Ch", "Ch"], "chords": "G  C  Em  D", "lyrics": "Give thanks to the Lord, for He is good..."}', 1, '2025-12-13 06:53:37.07138+00', 'arrangement', NULL, NULL, NULL, NULL, NULL, NULL, false);
INSERT INTO public.song_variants (id, church_id, song_id, name, default_key, tempo, time_signature, content, version, updated_at, variant_type, style_description, tempo_modifier, key_modifier, context_tags, active_dates, notes, is_default) VALUES ('e32ae99c-f9e4-4d45-896f-690b35c781d9', 'a8c2c7ab-836a-4ef1-a373-562e20babb76', '17739e43-1afc-42f3-8a1a-fab56eadbf9d', 'Default', 'D', 72, '4/4', '{"map": ["V1", "Ch", "Br", "Ch"], "chords": "D  G  Bm  A", "lyrics": "Come Holy Spirit, fill this place..."}', 1, '2025-12-13 06:53:37.07138+00', 'arrangement', NULL, NULL, NULL, NULL, NULL, NULL, false);
INSERT INTO public.song_variants (id, church_id, song_id, name, default_key, tempo, time_signature, content, version, updated_at, variant_type, style_description, tempo_modifier, key_modifier, context_tags, active_dates, notes, is_default) VALUES ('8a8e9d03-72e9-4c5d-8eb2-e6c079b1e98a', 'a8c2c7ab-836a-4ef1-a373-562e20babb76', 'c6b7a090-223a-4734-82e6-8e7695b43d27', 'Vineyard Soul', NULL, NULL, NULL, '{"flow": [{"repeat": 1, "section_id": "verse1-uuid"}, {"repeat": 1, "section_id": "chorus-uuid"}, {"repeat": 1, "section_id": "verse2-uuid"}, {"repeat": 1, "section_id": "chorus-uuid"}, {"notes": "Call and response here", "repeat": 4, "section_id": "bridge-uuid"}, {"repeat": 2, "section_id": "chorus-uuid"}]}', 1, '2025-12-19 06:44:21.665445+00', 'style', 'R&B/Gospel feel - add Hammond organ, syncopated drums, call-and-response on bridge', 'slightly slower, more groove', NULL, '{vineyard_soul,gospel}', NULL, NULL, false);
INSERT INTO public.song_variants (id, church_id, song_id, name, default_key, tempo, time_signature, content, version, updated_at, variant_type, style_description, tempo_modifier, key_modifier, context_tags, active_dates, notes, is_default) VALUES ('65e07535-cf91-4c50-b82f-506e25395737', 'a8c2c7ab-836a-4ef1-a373-562e20babb76', 'c6b7a090-223a-4734-82e6-8e7695b43d27', 'Christmas 2024', NULL, NULL, NULL, '{"flow": [{"repeat": 1, "section_id": "verse1-uuid"}, {"repeat": 1, "section_id": "chorus-uuid"}, {"repeat": 1, "section_id": "christmas-verse-uuid"}, {"repeat": 2, "section_id": "chorus-uuid"}, {"repeat": 2, "section_id": "bridge-uuid"}, {"repeat": 2, "section_id": "chorus-uuid"}]}', 1, '2025-12-19 06:44:21.671527+00', 'seasonal', NULL, NULL, NULL, '{christmas}', '[2024-12-01,2025-01-07)', 'Use this arrangement during Christmas season', false);


--
-- Data for Name: service_items; Type: TABLE DATA; Schema: public; Owner: worship
--

INSERT INTO public.service_items (id, church_id, service_instance_id, sort_order, item_type, song_variant_id, notes) VALUES ('5aee9cad-81f3-4d0e-8cc6-de24970f5e6e', 'a8c2c7ab-836a-4ef1-a373-562e20babb76', '506569ec-ea4c-4f21-8e2c-29259614cdb8', 3, 'note', '149f4807-4d4b-49e2-a079-6b54831b33d3', '(note) Announcements after song 2');
INSERT INTO public.service_items (id, church_id, service_instance_id, sort_order, item_type, song_variant_id, notes) VALUES ('a63f25c6-3eba-49a0-811b-c48b5ae9b160', 'a8c2c7ab-836a-4ef1-a373-562e20babb76', '5a915a9a-5115-429f-b225-b385e130637c', 3, 'note', '149f4807-4d4b-49e2-a079-6b54831b33d3', '(note) Announcements after song 2');
INSERT INTO public.service_items (id, church_id, service_instance_id, sort_order, item_type, song_variant_id, notes) VALUES ('63cd4257-1474-422e-8d08-5034b74b0c16', 'a8c2c7ab-836a-4ef1-a373-562e20babb76', '506569ec-ea4c-4f21-8e2c-29259614cdb8', 1, 'song', '149f4807-4d4b-49e2-a079-6b54831b33d3', 'Opener');
INSERT INTO public.service_items (id, church_id, service_instance_id, sort_order, item_type, song_variant_id, notes) VALUES ('0bf0ef0f-7958-4fba-aef9-5ef1769f51a6', 'a8c2c7ab-836a-4ef1-a373-562e20babb76', '5a915a9a-5115-429f-b225-b385e130637c', 1, 'song', '149f4807-4d4b-49e2-a079-6b54831b33d3', 'Opener');
INSERT INTO public.service_items (id, church_id, service_instance_id, sort_order, item_type, song_variant_id, notes) VALUES ('552030f9-a098-434e-abdc-8a9da3adc0a5', 'a8c2c7ab-836a-4ef1-a373-562e20babb76', '506569ec-ea4c-4f21-8e2c-29259614cdb8', 2, 'song', 'e32ae99c-f9e4-4d45-896f-690b35c781d9', 'Ministry time');
INSERT INTO public.service_items (id, church_id, service_instance_id, sort_order, item_type, song_variant_id, notes) VALUES ('87967a47-73d6-4d5a-a666-7f3bf4147cef', 'a8c2c7ab-836a-4ef1-a373-562e20babb76', '5a915a9a-5115-429f-b225-b385e130637c', 2, 'song', 'e32ae99c-f9e4-4d45-896f-690b35c781d9', 'Ministry time');


--
-- Data for Name: service_role_requirements; Type: TABLE DATA; Schema: public; Owner: worship
--

INSERT INTO public.service_role_requirements (id, church_id, context_id, role_id, min_needed, max_needed, display_order) VALUES ('66f22643-f872-42b9-a257-ff520ca5e2b1', 'a8c2c7ab-836a-4ef1-a373-562e20babb76', 'f90a130e-b281-48ae-a512-bfdcda514a7f', '88f29648-b2d1-41ec-ad01-83438465d699', 1, 1, 0);
INSERT INTO public.service_role_requirements (id, church_id, context_id, role_id, min_needed, max_needed, display_order) VALUES ('dc3036b9-cc51-4c14-bf1a-e9fb4c80c6a9', 'a8c2c7ab-836a-4ef1-a373-562e20babb76', 'f90a130e-b281-48ae-a512-bfdcda514a7f', '2bd0c01f-924a-4246-8ad2-3fd53461a346', 1, 2, 0);
INSERT INTO public.service_role_requirements (id, church_id, context_id, role_id, min_needed, max_needed, display_order) VALUES ('f248a6ff-af6a-4c69-ab62-07b45ba168eb', 'a8c2c7ab-836a-4ef1-a373-562e20babb76', 'f90a130e-b281-48ae-a512-bfdcda514a7f', '058a4ba0-6677-4ee7-9b01-16e88eeb1b24', 2, 4, 0);
INSERT INTO public.service_role_requirements (id, church_id, context_id, role_id, min_needed, max_needed, display_order) VALUES ('ea258356-0b1b-4e16-9002-7690b96c6733', 'a8c2c7ab-836a-4ef1-a373-562e20babb76', 'f90a130e-b281-48ae-a512-bfdcda514a7f', '4cae3438-1218-4ca0-b3e4-0eb6d79af5fe', 1, 1, 0);
INSERT INTO public.service_role_requirements (id, church_id, context_id, role_id, min_needed, max_needed, display_order) VALUES ('a3efa988-9d5f-4b2d-98ec-2317834b4e1b', 'a8c2c7ab-836a-4ef1-a373-562e20babb76', 'f90a130e-b281-48ae-a512-bfdcda514a7f', 'c5b8a916-51ef-4999-88ba-1ee0e4df288f', 1, 2, 0);
INSERT INTO public.service_role_requirements (id, church_id, context_id, role_id, min_needed, max_needed, display_order) VALUES ('0811f155-4eca-476d-b0cc-f2a8a832e024', 'a8c2c7ab-836a-4ef1-a373-562e20babb76', 'f90a130e-b281-48ae-a512-bfdcda514a7f', 'e03a8445-2d04-44ee-9bc1-2193388974e8', 1, 1, 0);
INSERT INTO public.service_role_requirements (id, church_id, context_id, role_id, min_needed, max_needed, display_order) VALUES ('6ed55e97-6871-425e-a2b9-a9b39f49df98', 'a8c2c7ab-836a-4ef1-a373-562e20babb76', 'f90a130e-b281-48ae-a512-bfdcda514a7f', '0b9511a5-3b3f-4f88-aab8-476cfe7b5be6', 1, 1, 0);
INSERT INTO public.service_role_requirements (id, church_id, context_id, role_id, min_needed, max_needed, display_order) VALUES ('309e9819-ca67-4117-a1a1-dad4ce537dc3', 'a8c2c7ab-836a-4ef1-a373-562e20babb76', 'f90a130e-b281-48ae-a512-bfdcda514a7f', 'dee78f35-ddec-4f4c-a0a3-d9808b966637', 1, 1, 0);
INSERT INTO public.service_role_requirements (id, church_id, context_id, role_id, min_needed, max_needed, display_order) VALUES ('fba1999f-a01a-4540-b5e2-e456b4142083', 'a8c2c7ab-836a-4ef1-a373-562e20babb76', 'f90a130e-b281-48ae-a512-bfdcda514a7f', 'fa593ec0-cb9b-423b-a645-a3079c9446d0', 2, 4, 0);
INSERT INTO public.service_role_requirements (id, church_id, context_id, role_id, min_needed, max_needed, display_order) VALUES ('58f28660-914b-4879-8ff7-7118d3fd2dca', 'a8c2c7ab-836a-4ef1-a373-562e20babb76', 'f90a130e-b281-48ae-a512-bfdcda514a7f', 'bdb13775-7bdd-4f7b-ba05-2758d4a8d5c6', 2, 3, 0);
INSERT INTO public.service_role_requirements (id, church_id, context_id, role_id, min_needed, max_needed, display_order) VALUES ('0efae502-5c86-4105-a727-b1c941e27146', 'a8c2c7ab-836a-4ef1-a373-562e20babb76', 'f90a130e-b281-48ae-a512-bfdcda514a7f', '23068d93-86c2-4036-9cef-904d24deb185', 1, 2, 0);
INSERT INTO public.service_role_requirements (id, church_id, context_id, role_id, min_needed, max_needed, display_order) VALUES ('4841ae40-f171-4ea0-bc5a-9ed4678c3140', 'a8c2c7ab-836a-4ef1-a373-562e20babb76', 'f90a130e-b281-48ae-a512-bfdcda514a7f', '5ceb76e7-9bbc-4d40-81d8-88d04a76021d', 2, 4, 0);
INSERT INTO public.service_role_requirements (id, church_id, context_id, role_id, min_needed, max_needed, display_order) VALUES ('870d101e-43fb-49ae-9805-6439e26e971a', 'a8c2c7ab-836a-4ef1-a373-562e20babb76', '577d8d31-2441-4e68-9e31-b2dd70b5fdec', '40183b52-e686-48f1-8094-b85368c3d2e7', 1, 1, 0);
INSERT INTO public.service_role_requirements (id, church_id, context_id, role_id, min_needed, max_needed, display_order) VALUES ('2526736f-4256-4ddd-8bf8-dee794a9180f', 'a8c2c7ab-836a-4ef1-a373-562e20babb76', '577d8d31-2441-4e68-9e31-b2dd70b5fdec', '058a4ba0-6677-4ee7-9b01-16e88eeb1b24', 1, 2, 0);
INSERT INTO public.service_role_requirements (id, church_id, context_id, role_id, min_needed, max_needed, display_order) VALUES ('aa357518-e624-4ad8-af22-72d896cc0464', 'a8c2c7ab-836a-4ef1-a373-562e20babb76', '577d8d31-2441-4e68-9e31-b2dd70b5fdec', '4cae3438-1218-4ca0-b3e4-0eb6d79af5fe', 1, 1, 0);
INSERT INTO public.service_role_requirements (id, church_id, context_id, role_id, min_needed, max_needed, display_order) VALUES ('422d151b-4ed4-4511-8776-897bd4cefc3a', 'a8c2c7ab-836a-4ef1-a373-562e20babb76', '577d8d31-2441-4e68-9e31-b2dd70b5fdec', 'c5b8a916-51ef-4999-88ba-1ee0e4df288f', 1, 1, 0);
INSERT INTO public.service_role_requirements (id, church_id, context_id, role_id, min_needed, max_needed, display_order) VALUES ('b4b48c20-9d81-4802-b1b9-22bd069b7079', 'a8c2c7ab-836a-4ef1-a373-562e20babb76', '577d8d31-2441-4e68-9e31-b2dd70b5fdec', 'e03a8445-2d04-44ee-9bc1-2193388974e8', 1, 1, 0);
INSERT INTO public.service_role_requirements (id, church_id, context_id, role_id, min_needed, max_needed, display_order) VALUES ('a55390a8-1490-4507-b835-5de548ac0ebf', 'a8c2c7ab-836a-4ef1-a373-562e20babb76', '577d8d31-2441-4e68-9e31-b2dd70b5fdec', '0b9511a5-3b3f-4f88-aab8-476cfe7b5be6', 1, 1, 0);
INSERT INTO public.service_role_requirements (id, church_id, context_id, role_id, min_needed, max_needed, display_order) VALUES ('70fc07da-f824-4207-a5b0-22dddb207532', 'a8c2c7ab-836a-4ef1-a373-562e20babb76', 'f60058bb-4641-4deb-9483-948c64555d65', '0c8caeaf-d932-45cb-b994-9103fa56b6fe', 1, 2, 0);
INSERT INTO public.service_role_requirements (id, church_id, context_id, role_id, min_needed, max_needed, display_order) VALUES ('c585b760-9536-49ed-9da7-6454b9150c6b', 'a8c2c7ab-836a-4ef1-a373-562e20babb76', 'f60058bb-4641-4deb-9483-948c64555d65', '40183b52-e686-48f1-8094-b85368c3d2e7', 1, 1, 0);
INSERT INTO public.service_role_requirements (id, church_id, context_id, role_id, min_needed, max_needed, display_order) VALUES ('c3ba7544-4880-43f5-85f7-83aed77dbcd1', 'a8c2c7ab-836a-4ef1-a373-562e20babb76', 'f60058bb-4641-4deb-9483-948c64555d65', 'e03a8445-2d04-44ee-9bc1-2193388974e8', 1, 1, 0);
INSERT INTO public.service_role_requirements (id, church_id, context_id, role_id, min_needed, max_needed, display_order) VALUES ('8cf606c8-9a74-4d63-bf1c-cfeaf4c6a894', 'a8c2c7ab-836a-4ef1-a373-562e20babb76', 'f90a130e-b281-48ae-a512-bfdcda514a7f', '40183b52-e686-48f1-8094-b85368c3d2e7', 1, 1, 0);
INSERT INTO public.service_role_requirements (id, church_id, context_id, role_id, min_needed, max_needed, display_order) VALUES ('73b207d4-80a0-4852-9dfc-e4ec4334e4e2', 'a8c2c7ab-836a-4ef1-a373-562e20babb76', 'f90a130e-b281-48ae-a512-bfdcda514a7f', '1fcd0d13-b67a-42e3-a3da-c1871ad1f1e8', 0, 2, 0);
INSERT INTO public.service_role_requirements (id, church_id, context_id, role_id, min_needed, max_needed, display_order) VALUES ('facccfb2-3cc6-4b02-a891-6af37597afb5', 'a8c2c7ab-836a-4ef1-a373-562e20babb76', 'f90a130e-b281-48ae-a512-bfdcda514a7f', 'f654eb0e-7156-473f-8a32-116dddbe0b12', 0, 1, 0);
INSERT INTO public.service_role_requirements (id, church_id, context_id, role_id, min_needed, max_needed, display_order) VALUES ('5a375545-2995-4e84-bcc6-e52b7ddedd06', 'a8c2c7ab-836a-4ef1-a373-562e20babb76', 'f90a130e-b281-48ae-a512-bfdcda514a7f', '596cac55-f869-4f4e-aec1-7d90486a16e3', 0, 1, 0);
INSERT INTO public.service_role_requirements (id, church_id, context_id, role_id, min_needed, max_needed, display_order) VALUES ('87e666ec-4eee-4c7c-b85e-04fa33d48f10', 'a8c2c7ab-836a-4ef1-a373-562e20babb76', 'f90a130e-b281-48ae-a512-bfdcda514a7f', 'cd95842c-1f42-40a5-bd33-d46f76443bf6', 0, 1, 0);
INSERT INTO public.service_role_requirements (id, church_id, context_id, role_id, min_needed, max_needed, display_order) VALUES ('692bdc1a-998d-410b-8845-e4bf7f1143d5', '84c66cbb-1f13-4ed2-8416-076755b5dc49', 'f429df16-3ddc-478d-809e-1c60c79f6084', '7c290086-ed11-4526-83b8-f7345060ca33', 1, NULL, 0);
INSERT INTO public.service_role_requirements (id, church_id, context_id, role_id, min_needed, max_needed, display_order) VALUES ('4335eee0-1be5-4129-97f4-b8fb3b71130b', '84c66cbb-1f13-4ed2-8416-076755b5dc49', 'f429df16-3ddc-478d-809e-1c60c79f6084', 'cb0d6980-adfd-43e7-8b91-c4147d349d71', 1, NULL, 1);
INSERT INTO public.service_role_requirements (id, church_id, context_id, role_id, min_needed, max_needed, display_order) VALUES ('1d94b6e3-63d3-4886-93e9-57a8aabd6410', '84c66cbb-1f13-4ed2-8416-076755b5dc49', 'f429df16-3ddc-478d-809e-1c60c79f6084', '0e9c0e31-3b72-458c-a691-b344c4c14c3f', 1, NULL, 2);
INSERT INTO public.service_role_requirements (id, church_id, context_id, role_id, min_needed, max_needed, display_order) VALUES ('8e3dfb3a-df19-4922-b323-07bd50bb8658', '84c66cbb-1f13-4ed2-8416-076755b5dc49', 'f429df16-3ddc-478d-809e-1c60c79f6084', '5e376c0a-95ec-4d46-9160-e82ad5ac69a3', 1, NULL, 3);
INSERT INTO public.service_role_requirements (id, church_id, context_id, role_id, min_needed, max_needed, display_order) VALUES ('73d33359-91fb-42fa-af3c-865fc1c03d53', '84c66cbb-1f13-4ed2-8416-076755b5dc49', 'f429df16-3ddc-478d-809e-1c60c79f6084', 'a69f1828-661b-4a7f-8bb2-402f71b24e38', 1, NULL, 4);
INSERT INTO public.service_role_requirements (id, church_id, context_id, role_id, min_needed, max_needed, display_order) VALUES ('88d9e193-4137-4ecc-9d38-3f1e9acaa4c6', '84c66cbb-1f13-4ed2-8416-076755b5dc49', 'f429df16-3ddc-478d-809e-1c60c79f6084', 'e06d43c2-775c-4af0-90c9-1a99bce14014', 1, NULL, 5);
INSERT INTO public.service_role_requirements (id, church_id, context_id, role_id, min_needed, max_needed, display_order) VALUES ('62965923-49a8-4b61-bd6f-9d063b998a4d', '84c66cbb-1f13-4ed2-8416-076755b5dc49', 'f429df16-3ddc-478d-809e-1c60c79f6084', '74956474-991e-4f87-b2b1-d9427f051e0a', 1, NULL, 6);
INSERT INTO public.service_role_requirements (id, church_id, context_id, role_id, min_needed, max_needed, display_order) VALUES ('034f2ede-208e-4ffd-89ed-efdd95fad5d5', '84c66cbb-1f13-4ed2-8416-076755b5dc49', 'f429df16-3ddc-478d-809e-1c60c79f6084', '43cb278f-239d-4d03-b7fe-c58e33bb78b1', 1, NULL, 7);
INSERT INTO public.service_role_requirements (id, church_id, context_id, role_id, min_needed, max_needed, display_order) VALUES ('d94dd53c-981b-41a7-a42f-9d12a626e2ea', '84c66cbb-1f13-4ed2-8416-076755b5dc49', 'f429df16-3ddc-478d-809e-1c60c79f6084', 'fa1ca047-f1c3-4ee2-8f4f-a9ae63fb607e', 1, NULL, 8);
INSERT INTO public.service_role_requirements (id, church_id, context_id, role_id, min_needed, max_needed, display_order) VALUES ('4fe6ae96-93c6-4417-b111-fdfe9fd29abb', '84c66cbb-1f13-4ed2-8416-076755b5dc49', 'f429df16-3ddc-478d-809e-1c60c79f6084', 'c66261a7-7712-48e1-ac16-f8e6f046cf25', 1, NULL, 9);
INSERT INTO public.service_role_requirements (id, church_id, context_id, role_id, min_needed, max_needed, display_order) VALUES ('5e0323a1-c893-49b0-9b5f-a9701efa2848', '84c66cbb-1f13-4ed2-8416-076755b5dc49', 'f429df16-3ddc-478d-809e-1c60c79f6084', 'b1ceb2e7-36c5-4215-b55a-0c206bc2bab8', 1, NULL, 10);
INSERT INTO public.service_role_requirements (id, church_id, context_id, role_id, min_needed, max_needed, display_order) VALUES ('94e38b84-27b1-490e-9f9b-f55723649c04', '84c66cbb-1f13-4ed2-8416-076755b5dc49', 'f429df16-3ddc-478d-809e-1c60c79f6084', '5b4580d7-972d-42ba-8871-7656885d9717', 1, NULL, 11);
INSERT INTO public.service_role_requirements (id, church_id, context_id, role_id, min_needed, max_needed, display_order) VALUES ('b0db6adb-989d-4dd4-af94-20fc843b9f3a', '84c66cbb-1f13-4ed2-8416-076755b5dc49', 'f429df16-3ddc-478d-809e-1c60c79f6084', '3bf033c6-b092-4d78-ac6a-6bb5061c10ac', 1, NULL, 12);
INSERT INTO public.service_role_requirements (id, church_id, context_id, role_id, min_needed, max_needed, display_order) VALUES ('34e3109d-7b03-439c-851e-d53435e58326', '84c66cbb-1f13-4ed2-8416-076755b5dc49', 'f429df16-3ddc-478d-809e-1c60c79f6084', '2324c504-be7d-4754-a972-da1f84678782', 1, NULL, 13);
INSERT INTO public.service_role_requirements (id, church_id, context_id, role_id, min_needed, max_needed, display_order) VALUES ('7ff2964e-4d0b-4452-ba07-67be7d0dec8f', '84c66cbb-1f13-4ed2-8416-076755b5dc49', 'f429df16-3ddc-478d-809e-1c60c79f6084', 'd2223341-d06f-4050-994e-00d61e80eab6', 1, NULL, 14);


--
-- Data for Name: service_team_assignments; Type: TABLE DATA; Schema: public; Owner: worship
--

INSERT INTO public.service_team_assignments (id, church_id, service_instance_id, person_id, role_id, status) VALUES ('75868a6f-951c-435f-9dfb-c12d9a2bea3a', 'a8c2c7ab-836a-4ef1-a373-562e20babb76', '506569ec-ea4c-4f21-8e2c-29259614cdb8', 'b27a45ae-3231-4cba-8fa4-bee3d5362dd7', '1fcd0d13-b67a-42e3-a3da-c1871ad1f1e8', 'scheduled');
INSERT INTO public.service_team_assignments (id, church_id, service_instance_id, person_id, role_id, status) VALUES ('e5312768-e771-4462-9f14-e6ab2ea32098', 'a8c2c7ab-836a-4ef1-a373-562e20babb76', '5a915a9a-5115-429f-b225-b385e130637c', 'b27a45ae-3231-4cba-8fa4-bee3d5362dd7', '1fcd0d13-b67a-42e3-a3da-c1871ad1f1e8', 'scheduled');
INSERT INTO public.service_team_assignments (id, church_id, service_instance_id, person_id, role_id, status) VALUES ('dbc5719d-5334-4c2c-a9f7-2e93d3861d2e', 'a8c2c7ab-836a-4ef1-a373-562e20babb76', '506569ec-ea4c-4f21-8e2c-29259614cdb8', 'b27a45ae-3231-4cba-8fa4-bee3d5362dd7', '88f29648-b2d1-41ec-ad01-83438465d699', 'scheduled');
INSERT INTO public.service_team_assignments (id, church_id, service_instance_id, person_id, role_id, status) VALUES ('6befbbad-c662-47e6-ba97-bfc9a2f117c1', 'a8c2c7ab-836a-4ef1-a373-562e20babb76', '5a915a9a-5115-429f-b225-b385e130637c', 'b27a45ae-3231-4cba-8fa4-bee3d5362dd7', '88f29648-b2d1-41ec-ad01-83438465d699', 'scheduled');
INSERT INTO public.service_team_assignments (id, church_id, service_instance_id, person_id, role_id, status) VALUES ('7881db53-b024-4fcc-9b71-0aa9a763329e', 'a8c2c7ab-836a-4ef1-a373-562e20babb76', '506569ec-ea4c-4f21-8e2c-29259614cdb8', '0dbc5203-35f1-49c0-833e-7ead63e70cf2', '2bd0c01f-924a-4246-8ad2-3fd53461a346', 'scheduled');
INSERT INTO public.service_team_assignments (id, church_id, service_instance_id, person_id, role_id, status) VALUES ('2941537e-945e-46fb-a193-84849b155711', 'a8c2c7ab-836a-4ef1-a373-562e20babb76', '5a915a9a-5115-429f-b225-b385e130637c', '0dbc5203-35f1-49c0-833e-7ead63e70cf2', '2bd0c01f-924a-4246-8ad2-3fd53461a346', 'scheduled');
INSERT INTO public.service_team_assignments (id, church_id, service_instance_id, person_id, role_id, status) VALUES ('386d5e47-9754-4432-9a7c-934ae353ca62', 'a8c2c7ab-836a-4ef1-a373-562e20babb76', '506569ec-ea4c-4f21-8e2c-29259614cdb8', '2951b3bd-158c-443c-89ec-f1df666d8302', 'f654eb0e-7156-473f-8a32-116dddbe0b12', 'scheduled');
INSERT INTO public.service_team_assignments (id, church_id, service_instance_id, person_id, role_id, status) VALUES ('8a457102-4eb2-42e5-8c3c-e72242344a03', 'a8c2c7ab-836a-4ef1-a373-562e20babb76', '5a915a9a-5115-429f-b225-b385e130637c', '2951b3bd-158c-443c-89ec-f1df666d8302', 'f654eb0e-7156-473f-8a32-116dddbe0b12', 'scheduled');


--
-- Data for Name: song_sections; Type: TABLE DATA; Schema: public; Owner: worship
--

INSERT INTO public.song_sections (id, church_id, song_id, section_type, section_number, label, lyrics, chords, display_order, notes, created_at, updated_at, seasonal_tags, availability) VALUES ('79da336c-d4a8-4b3a-9c75-b5d7c04e22bb', 'a8c2c7ab-836a-4ef1-a373-562e20babb76', 'c6b7a090-223a-4734-82e6-8e7695b43d27', 'verse', 3, 'Christmas Verse', 'The baby in the manger, now King upon the throne
What was promised has come to pass
Emmanuel has made His home', NULL, 10, 'Use during Christmas season only', '2025-12-19 06:44:21.655043+00', '2025-12-19 06:44:21.655043+00', '{christmas}', 'seasonal');
INSERT INTO public.song_sections (id, church_id, song_id, section_type, section_number, label, lyrics, chords, display_order, notes, created_at, updated_at, seasonal_tags, availability) VALUES ('d7e8fc05-b96f-4d34-b2d1-4a2d279f27af', 'a8c2c7ab-836a-4ef1-a373-562e20babb76', '4febda63-b38c-4942-bd4a-110b76f1b157', 'verse', 3, 'Christmas Verse', 'You call me out upon the waters

Where shepherds heard the angels sing

The great unknown where feet may fail

And there I find You in the manger King', NULL, 100, 'Christmas-themed verse about being called by the Christ child', '2025-12-19 06:45:15.442041+00', '2025-12-19 06:45:15.442041+00', '{christmas}', 'seasonal');


--
-- PostgreSQL database dump complete
--

SET session_replication_role = DEFAULT;



